﻿Title,Prediction
[問卦]歐美中國舉重同量級無法超越台灣郭婞淳？       ,neg
[新聞] 世錦賽》「舉重女神」郭婞淳挺舉、總和       ,pos
[爆卦] 郭婞淳2021舉重世錦賽挺舉&總和金牌      ,pos
[問卦] 郭婞淳國語也太不標準了吧？            ,neg
[問卦] 如果郭婞淳的故事拍電影讓瑤瑤演可以嗎？      ,pos
[新聞] 議員建議為舉重女神郭婞淳設「婞淳路」       ,pos
[問卦] 郭婞淳可以舉起幾c.c. 的機車         ,neg
[新聞] 多次模仿郭婞淳！男星錄影收「存證信函」      ,neg
Re: [問卦] 跟郭婞淳上教練課 一堂多少才合理     ,neg
Re: [問卦] 跟郭婞淳上教練課 一堂多少才合理.1   ,neg
[問卦] 跟郭婞淳上教練課 一堂多少才合理         ,neg
Re: [爆卦] 郭婞淳全運會金牌             ,neg
[爆卦] 郭婞淳全運會金牌                 ,neg
[新聞] 郭婞淳回輔大笑稱不習慣被稱老師          ,neg
[問卦] 郭婞淳是不是很興奮/緊張？            ,neg
[問卦] 如果館長跟郭婞淳開課，該選誰？          ,neg
[問卦] 想追郭婞淳需要什麼條件？             ,neg
[問卦] 郭婞淳今日中職新莊賽前開球（有影片）       ,pos
Re: [問卦] 郭婞淳、戴資穎選一個           ,neg
[問卦] 郭婞淳、戴資穎選一個               ,pos
Re: [新聞] 郭婞淳無緣連霸金牌？外媒爆：舉重、拳擊  ,neg
[新聞] 郭婞淳募款加碼善舉超暖心　獎金拿來做       ,pos
Re: [問卦] 一樣都是金牌，為何沒有郭婞淳悠遊卡    ,neg
[問卦] 一樣都是金牌，為何沒有郭婞淳悠遊卡        ,neg
[問卦] 郭婞淳會不會不小心玩壞健身環大冒險?       ,neg
[問卦] 郭婞淳和戴資穎要選誰？              ,pos
Re: [新聞] 郭婞淳無緣連霸金牌？外媒爆：舉重、拳擊.1,neg
Re: [新聞] 郭婞淳無緣連霸金牌？外媒爆：舉重、拳擊.2,neg
Re: [新聞] 郭婞淳無緣連霸金牌？外媒爆：舉重、拳擊.3,neg
[新聞] 郭婞淳無緣連霸金牌？外媒爆：舉重、拳擊      ,neg
[問卦] 郭婞淳長得像鷲見玲奈主播嗎？           ,neg
Re: [問卦] 郭婞淳拿銀牌也會被嘴這麼慘嗎？？？？   ,neg
Re: [問卦] 郭婞淳拿銀牌也會被嘴這麼慘嗎？？？？.1 ,neg
Re: [問卦] 郭婞淳拿銀牌也會被嘴這麼慘嗎？？？？.2 ,neg
[問卦] 郭婞淳拿銀牌也會被嘴這麼慘嗎？？？？       ,neg
Re: [問卦] 郭婞淳會怕練太壯嗎？（癸琖）       ,neg
[問卦] 郭婞淳會怕練太壯嗎？（癸琖）           ,neg
[新聞] 郭婞淳「為何沒幻象伴飛」？空軍曝悲傷1原因：那天是告別式,neg
Re: [問卦] 郭婞淳拿金牌為什麼沒有幻象        ,neg
Re: [問卦] 郭婞淳拿金牌為什麼沒有幻象.1      ,neg
"[問卦] 和郭婞淳相比,小戴才是贏面子又贏了裡子!     ",neg
Re: [問卦] 郭婞淳拿金牌為什麼沒有幻象.2      ,neg
Re: [問卦] 郭婞淳拿金牌為什麼沒有幻象.3      ,neg
Re: [問卦] 郭婞淳拿金牌為什麼沒有幻象.4      ,neg
[問卦] 郭婞淳拿金牌為什麼沒有幻象            ,neg
Re: [問卦] 半年後真的只記得戴資穎跟郭婞淳嗎     ,neg
[問卦] 半年後真的只記得戴資穎跟郭婞淳嗎         ,neg
Re: [問卦] 我們的郭婞淳為什麼沒有幻象2000伴飛? ,neg
[問卦] 我們的郭婞淳為什麼沒有幻象2000伴飛?     ,neg
[問卦] 郭婞淳被高國慶抱                 ,neg
[新聞] 看好郭婞淳、潘政琮 富邦金控6年前就贊助     ,pos
Re: [新聞] 原住民族日 舉重金牌郭婞淳號召「正名」  ,pos
Re: [新聞] 原住民族日 舉重金牌郭婞淳號召「正名」.1,pos
[新聞] 想跟郭婞淳穿同款　中華隊服太夯遭仿冒       ,neg
Re: [新聞] 中華隊／金牌歸國 郭婞淳落淚：(發2000P),pos
Re: [新聞] 中華隊／金牌歸國 郭婞淳落淚：(發2000P).1,pos
[新聞] 中華隊／金牌歸國 郭婞淳落淚：(發2000P)  ,pos
[新聞] 郭婞淳奪金范瑋琪嗨爆「台灣NO.1」中國網    ,pos
[問卦] 郭婞淳這種個性的女生數量多嗎？          ,neg
[問卦] 莊智淵，郭婞淳，戴資穎為何不刺青？        ,neg
[新聞] 比賽時在想什麼？郭婞淳曝「鈴木一朗金句      ,neg
Re: [問卦] 當年同意東奧正名看到郭婞淳奪金在想啥？  ,neg
Re: [問卦] 當年同意東奧正名看到郭婞淳奪金在想啥？.1,neg
Re: [問卦] 當年同意東奧正名看到郭婞淳奪金在想啥？.2,neg
Re: [問卦] 當年同意東奧正名看到郭婞淳奪金在想啥？.3,neg
Re: [問卦] 當年同意東奧正名看到郭婞淳奪金在想    ,neg
Re: [問卦] 當年同意東奧正名看到郭婞淳奪金在想啥？.4,neg
[問卦] 當年同意東奧正名看到郭婞淳奪金在想啥？      ,neg
Re: [問卦] 郭婞淳事件 現實社會的看法？       ,neg
[問卦] 說真的，現在練舉重可以追到郭婞淳嗎?       ,neg
[問卦] 郭婞淳打的贏羅禮士嗎               ,pos
[問卦] 郭婞淳可以拿雙金嗎？               ,pos
[新聞] 郭婞淳曾因一句話慘遭1450出征 她怒問：正名過了還有金牌嗎?,neg
Re: [問卦] 郭婞淳事件 現實社會的看法？.1     ,neg
[新聞] 祝賀郭婞淳出包 吳思瑤不想再出糗         ,neg
Re: [新聞] 韓國瑜開心Po文分享｢郭婞淳東奧奪金照｣ ,pos
Re: [新聞] 韓國瑜開心Po文分享｢郭婞淳東奧奪金   ,pos
[問卦] 郭婞淳沒有被騷擾，那003有沒有被家暴      ,neg
[新聞] 韓國瑜開心Po文分享｢郭婞淳東奧奪金照｣     ,pos
[問卦] 郭婞淳是不是肌肉版的高橋愛？           ,neg
Re: [新聞] 郭婞淳昔憂東奧正名無法出賽遭1450出征 ,neg
Re: [問卦] 郭婞淳事件 現實社會的看法？.2     ,neg
[問卦] 要怎麼追郭婞淳?                 ,neg
Re: [問卦] 4%為何要攻擊郭婞淳的教練？       ,neg
Re: [新聞] 郭婞淳昔憂東奧正名無法出賽遭1450出征.1,neg
Re: [問卦] 喂 郭婞淳被教練擁抱時 應該要甚麼表情才可以?,pos
[問卦] 郭婞淳是好的交往對象嗎？             ,pos
[問卦] 有沒有找不到高清郭婞淳頒獎典禮的八卦？      ,neg
[新聞] 奧運金牌郭婞淳 竟遭網軍出征           ,neg
[問卦] 郭婞淳聽到國旗歌為什麼沒行舉手禮         ,neg
[新聞] 郭婞淳奪金 男星「曬照神複製」致敬…演      ,pos
[問卦] 郭婞淳現在在想什麼                ,neg
Re: [新聞] 郭婞淳昔憂東奧正名無法出賽遭1450出征.2,neg
Re: [問卦] 郭婞淳事件 現實社會的看法？.3     ,neg
[問卦] 4%為何要攻擊郭婞淳的教練？           ,neg
[新聞] 柯宇綸截2圖質疑「郭婞淳教練擁抱舉動」      ,neg
[新聞] 郭婞淳昔憂東奧正名無法出賽遭1450出征     ,neg
[問卦] 喂 郭婞淳被教練擁抱時 應該要甚麼表情才可以?  ,pos
[新聞] 把郭婞淳寫成陳玟卉挨轟 吳思瑤落淚致歉      ,neg
Re: [問卦] 郭婞淳事件 現實社會的看法？.4     ,neg
[新聞] 李智凱秀妻子送他26歲生日豪禮：要當爸      ,pos
[新聞]台灣首位世界第1！ 「鞍馬王子」李智凱：      ,pos
[新聞] 李智凱登鞍馬世界第1　恩師林育信報喜：      ,pos
[問卦]台灣李智凱奧運體操為什麼能贏歐美中國？       ,neg
[問卦] 李智凱敢挑戰街健嗎？               ,neg
[問卦] 李智凱 沒拍過武打片?              ,neg
Re: [問卦]中國體操鞍馬培養不出台灣李智凱等級選手   ,neg
Re: [問卦]中國體操鞍馬培養不出台灣李智凱等級選手.1 ,neg
[問卦]中國體操鞍馬培養不出台灣李智凱等級選手       ,neg
Re: [新聞] 李智凱完美落地摘銀　謝長廷：謝謝他實現  ,pos
Re: [新聞] 李智凱「完美落地」摘銀！彭于晏第一時間  ,pos
[新聞] 李智凱「完美落地」摘銀！彭于晏第一時間      ,pos
Re: [新聞] 李智凱完美落地摘銀　謝長廷：謝謝他實現.1,pos
[問卦] 李智凱國中都有交功課               ,neg
[新聞] 李智凱完美落地摘銀　謝長廷：謝謝他實現      ,pos
Re: [問卦] 李智凱苦練體操19年 你苦練了什麼？   ,neg
[問卦] 李智凱苦練體操19年 你苦練了什麼？       ,pos
"[問卦] 小戴,李智凱對羽球,鞍馬貢獻都是開創性吧     ",pos
[問卦] 智智老公指的是李智凱嗎              ,pos
[新聞] 李智凱鞍馬摘銀 蔡英文、賴清德讚完美落      ,pos
[新聞] 中華隊／蔡英文：李智凱翻滾那45秒 全台     ,pos
[新聞] 李智凱奪銀感動落淚：用小小力量讓世界看見台灣，我已無遺憾,pos
[新聞] 李智凱戰勝心魔奪銀！成功拿出壓箱寶        ,pos
Re: [爆卦] 李智凱銀牌                ,neg
[新聞] 完美落地！李智凱鞍馬奪銀牌　台灣體操史上第1人  ,pos
[問卦] 李智凱是用胸做鞍馬動作嗎?            ,neg
[問卦] 艾迪彭會發文祝賀李智凱嗎？            ,pos
[爆卦] 李智凱鞍馬 勇奪銀牌               ,pos
[爆卦] 李智凱銀牌                    ,neg
[爆卦] 鞍馬決賽李智凱15.400分           ,neg
[問卦] 聽說李智凱等等有一招秘密武器           ,neg
[新聞] 不愧是奪金希望！李智凱以鞍馬資格賽第1      ,pos
[新聞] 中華隊東奧授旗戴資穎、李智凱代表　蔡英      ,pos
[新聞]  「小林同學」林昀儒驚傳確診 陳時中:可     ,neg
Re: [新聞] 快訊／「小林同學」林昀儒驚傳確診　返   ,neg
[新聞] 快訊／「小林同學」林昀儒驚傳確診　返       ,neg
[新聞] 中國玻璃心碎!林昀儒鄭怡靜奪冠國旗風波      ,neg
[新聞] 5局大戰險勝 馬龍讚林昀儒：世界最好運動     ,pos
Re: [新聞] 馬龍：林昀儒是世上最好的選手       ,pos
Re: [爆卦] 林昀儒五局惜敗馬龍！鍋貼吃起來QQ    ,neg
[爆卦] 林昀儒五局惜敗馬龍！鍋貼吃起來QQ        ,neg
Re: [新聞] 快訊／林昀儒、鄭怡靜WTT大滿貫混雙   ,pos
[新聞] 快訊／林昀儒、鄭怡靜WTT大滿貫混雙「銀     ,pos
[爆卦] 林昀儒/鄭怡靜WTT混雙冠軍戰vs中國妖怪    ,pos
[問卦] 林昀儒有很強嗎?                 ,neg
[新聞] 進決賽了！黃金搭檔林昀儒、鄭怡靜扳倒法      ,pos
[新聞] 林昀儒鄭怡靜晉級WTT大滿貫賽4強 直落3    ,pos
[新聞] 黃金混雙林昀儒／鄭怡靜直落三新加坡　WT     ,pos
[新聞] 林昀儒只花24分鐘晉級大滿貫32強　時隔3    ,pos
[問卦] 林昀儒與黃郁婷                  ,neg
[問卦] 林昀儒T2鑽石奪冠有多神？            ,neg
[新聞] 比林昀儒還要狂！郭冠宏13歲當選成人國手     ,neg
[名言] 恭喜林昀儒 「蘇怡靜」獲得桌球混雙銅牌      ,pos
[問卦]台灣林昀儒鄭怡靜桌球世界排名第2贏中國       ,neg
[新聞] 林昀儒世桌賽男單止步32強　苦戰7局不敵     ,neg
[問卦] 今天林昀儒世錦賽贏球，FB怎都沒人PO?     ,neg
[問卦] 為什麼林昀儒代表台北市比賽？           ,neg
[新聞] 林昀儒靠獎金賺錢「背後高人」指導 爸爸      ,pos
[新聞] 林昀儒靠獎金賺錢「背後高人」指導　爸       ,pos
[問卦] 林昀儒的GQ宣傳照                ,neg
[新聞] 莊智淵強勢擊敗林昀儒 高雄市桌球奪金       ,pos
Re: [問卦] 林昀儒多益破700分  是什麼水平？   ,pos
Re: [問卦] 林昀儒多益破700分  是什麼水平？.1 ,neg
[問卦] 林昀儒今日中職新莊開球              ,pos
[問卦] 是不是要請林昀儒加入八卦板？           ,neg
[問卦] 林昀儒是不是滿足很多手控             ,neg
[問卦] 有沒有林昀儒20歲生日的八卦?(發錢)      ,neg
[問卦] 林昀儒是不是唸三年二班？             ,neg
Re: [問卦] 當林昀儒還是江宏傑哪個比較爽?      ,neg
[問卦] 當林昀儒還是江宏傑哪個比較爽?          ,pos
[新聞] 林昀儒獲宜縣60萬獎勵金全捐！林父：回饋     ,pos
Re: [新聞] 林昀儒登東奧閉幕片 中國桌球4金「沒畫  ,neg
Re: [新聞] 林昀儒登東奧閉幕片 中國桌球4金「沒畫.1,neg
[新聞] 林昀儒登東奧閉幕片 中國桌球4金「沒畫      ,neg
Re: [新聞] 林昀儒2年前3:0擊敗江宏傑！「金牌戰」 ,pos
[新聞] 林昀儒2年前3:0擊敗江宏傑！「金牌戰」     ,pos
Re: [問卦] 神奇演算法帶到莊智淵vs林昀儒的卦    ,neg
[問卦] 神奇演算法帶到莊智淵vs林昀儒的卦        ,neg
Re: [新聞] 中華隊／林昀儒鄭怡靜東奧奪銅返台 莊智  ,pos
[新聞] 中華隊／林昀儒鄭怡靜東奧奪銅返台 莊智      ,pos
[問卦] 林昀儒今年大專盃的對手在想甚麼的八卦?      ,neg
[問卦] 有粉專留言想檢查林昀儒10歲時的身體       ,neg
[問卦] 林昀儒+張本智和+奧恰洛夫打得贏中國嗎？     ,pos
Re: [爆卦] 林昀儒 IG  感謝蔣澎龍教練      ,neg
Re: [爆卦] 林昀儒 IG  感謝蔣澎龍教練.1    ,neg
Re: [爆卦] 林昀儒 IG  感謝蔣澎龍教練.2    ,neg
[爆卦] 林昀儒 IG  感謝蔣澎龍教練          ,neg
[問卦] 11天打11場比賽，林昀儒是不是很猛？      ,neg
[爆卦] Ovtcharov也太愛林昀儒了！！！      ,neg
Re: [問卦] 林昀儒484應該找館長做體能訓練？    ,neg
[問卦] 林昀儒484應該找館長做體能訓練？        ,neg
[爆卦] 林昀儒又贏啦!                  ,pos
Re: [問卦] 林昀儒多益破700分  是什麼水平？.2 ,neg
Re: [爆卦] 林昀儒復仇啦               ,neg
Re: [爆卦] 林昀儒復仇啦.1             ,neg
Re: [爆卦] 林昀儒復仇啦.2             ,neg
Re: [爆卦] 林昀儒復仇啦.3             ,neg
Re: [爆卦] 林昀儒復仇啦.4             ,neg
[爆卦] 林昀儒復仇啦                   ,neg
[問卦] 14:00該看林昀儒，還是齁齁齁？        ,neg
Re: [問卦] 林昀儒多益破700分  是什麼水平？.3 ,pos
Re: [問卦] 林昀儒多益破700分  是什麼水平？.4 ,pos
Re: [問卦] 林昀儒多益破700分  是什麼水平？.5 ,neg
Re: [問卦] 林昀儒多益破700分  是什麼水平？.6 ,pos
Re: [問卦] 林昀儒多益破700分  是什麼水平？.7 ,neg
Re: [問卦] 林昀儒多益破700分  是什麼水平？.8 ,neg
Re: [問卦] 林昀儒多益破700分  是什麼水平？.9 ,pos
[問卦] 林昀儒多益破700分  是什麼水平？       ,pos
[新聞] 林昀儒母親今校長退休 伊藤家的電鍋是關鍵     ,neg
[問卦] ptt帶風向林昀儒不是台灣培育的出來跪      ,neg
[問卦] 中國桌壇年紀，實力跟林昀儒類似的很多嗎      ,pos
Re: [問卦]大陸桌球水平是靠林昀儒培養出來的 ???  ,pos
[問卦]大陸桌球水平是靠林昀儒培養出來的 ???      ,pos
[問卦] 林昀儒看到Vettel得到P2在想什麼?     ,neg
[新聞] 教練喊暫停成林昀儒輸球轉捩點？內行解密      ,neg
Re: [問卦]看看麟洋和小戴的教練 林昀儒是不是輸得冤  ,neg
[問卦] 莊智淵和林昀儒同場？               ,neg
Re: [問卦]看看麟洋和小戴的教練 林昀儒是不是輸得冤.1,neg
[問卦]看看麟洋和小戴的教練 林昀儒是不是輸得冤      ,neg
[問卦] 林昀儒代言阿斯頓馬丁有搞頭嗎           ,pos
Re: [新聞] 台北知名餐廳稱「林昀儒青春豆花臉」    ,neg
[新聞] 又來？糗賀「林昀儒奪銅」 綠委張廖萬堅      ,neg
Re: [問卦] 怎麼洗才能洗成林昀儒家族這麼猛?     ,neg
Re: [新聞] 林昀儒惜敗日媒點評最大關鍵 他賽後自責  ,neg
Re: [問卦] 怎麼洗才能洗成林昀儒家族這麼猛?.1   ,neg
Re: [問卦] 怎麼洗才能洗成林昀儒家族這麼猛?.2   ,neg
[新聞] 蔡英文大讚林昀儒　「小林同學真的打出我      ,neg
[爆卦] 張廖萬堅恭賀林昀儒奪銅!!            ,neg
[新聞] 新星林昀儒嘉義建商已贊助2年多 「打多久     ,neg
[新聞] 林昀儒惜敗日媒點評最大關鍵 他賽後自責      ,neg
Re: [問卦] 酸民害林昀儒沒拿到銅牌，好意思？     ,neg
Re: [問卦] 林昀儒484有贏牌恐俱的心理啊?     ,neg
Re: [問卦] 酸民害林昀儒沒拿到銅牌，好意思？.1   ,neg
Re: [爆卦] 戴資穎 復仇成功 泰國公開賽 金牌！   ,pos
Re: [爆卦] 戴資穎 復仇成功 泰國公開賽 金牌！.1 ,neg
Re: [爆卦] 戴資穎 拿下泰國公開賽冠軍        ,pos
[爆卦] 戴資穎 復仇成功 泰國公開賽 金牌！       ,pos
[爆卦] 戴資穎                      ,neg
[爆卦] 戴資穎冠軍                    ,neg
[爆卦] 戴資穎 拿下泰國公開賽冠軍            ,pos
[爆卦] LIVE-泰國公開賽金牌戰-戴資穎 VS 陳雨菲 ,neg
[新聞]戴資穎再勝好友伊瑟儂　明決賽找東奧金牌       ,pos
Re: [新聞] 戴資穎搭經濟艙！賴清德道歉：代表國家   ,neg
[新聞] 今晚碰戴資穎領軍中華隊 中國臥槽姐:先      ,neg
[問卦] 戴資穎不洗積分了？                ,neg
[問卦] 戴資穎是最爽銀牌嗎                ,pos
[新聞] 戴資穎還有另項第一！ 碩士論文2021年     ,pos
[問卦] 戴資穎和曾雅妮誰的球后含金量比較高？       ,pos
Re: [新聞] 全英羽賽／遭天才少女安洗瑩擊退 戴資穎  ,neg
[問卦] 欸別酸！戴資穎多久沒拿冠軍了？          ,neg
Re: [問卦] 戴資穎當初放棄世錦賽 打世大運虐菜 算錯 ,neg
[問卦] 戴資穎當初放棄世錦賽 打世大運虐菜 失算?    ,neg
Re: [新聞] 全英羽賽／遭天才少女安洗瑩擊退 戴資穎.1,neg
[新聞] 全英羽賽／遭天才少女安洗瑩擊退 戴資穎      ,neg
[爆卦] 戴資穎 全英公開賽止步四強            ,neg
Re: [新聞] 戴資穎惜遭日本直落二無緣德國賽8強　接  ,neg
Re: [問卦] 有像戴資穎這種沒什麼大賽金牌的選手嗎？  ,neg
[問卦] 有像戴資穎這種沒什麼大賽金牌的選手嗎？      ,neg
[新聞] 快訊／戴資穎直落二擊敗上屆冠軍奧原希望      ,pos
[問卦] 戴資穎是惹到誰 為何要酸她？           ,neg
[新聞] 戴資穎惜遭日本直落二無緣德國賽8強　接      ,neg
[新聞] 外媒讚戴資穎是全英賽最偉大女單冠軍！       ,pos
Re: [新聞] 惡搞無人機！台灣燈會「戴資穎跳殺」崩壞  ,neg
Re: [新聞] 惡搞無人機！台灣燈會「戴資穎跳殺」崩壞.1,neg
[新聞] 惡搞無人機！台灣燈會「戴資穎跳殺」崩壞      ,neg
[新聞] 全英賽》戴資穎榮膺女單頭號種子 首輪對      ,pos
[問卦] 戴資穎跟陳雨菲吃飯之後會處分嗎          ,neg
[問卦] 戴資穎是羽球界的費德勒嗎?            ,neg
[問卦] 幹！無人機燈會排出戴資穎的圖像          ,neg
[問卦] 台灣人就要支持戴資穎的卦?            ,neg
[新聞] 羽球／台灣的驕傲！戴資穎世界球后200週     ,pos
[新聞] 快訊／小戴就是狂！戴資穎球后達到200週     ,neg
[新聞] 戴資穎世錦賽奪銀 蔡總統讚讓世界看見台灣     ,pos
[新聞] 恭喜戴資穎 蔡英文：睽違10年後的世錦賽     ,pos
Re: [新聞] 羽球世錦賽》戴資穎苦戰兩局不敵山口茜   ,neg
[新聞] 戴資穎世錦賽奪銀 陳其邁：等你回家        ,pos
[問卦] 戴資穎是不是訓練量不足才會輸           ,neg
Re: [新聞] 羽球世錦賽》戴資穎苦戰兩局不敵山口    ,neg
[新聞] 羽球世錦賽》戴資穎苦戰兩局不敵山口茜       ,neg
Re: [問卦] 戴資穎只有亞軍的命吧 萬年亞軍ㄏㄏ    ,neg
[爆卦]LIVE 戴資穎 2021世界羽球錦標賽 金牌戰！ ,neg
[問卦] 戴資穎穩了吧                   ,pos
[爆卦] 戴資穎晉級決賽                  ,neg
[問卦] 戴資穎的廣告越來越多               ,neg
[新聞] 戴資穎奪最佳女運動員！「搶贏陳雨菲」小      ,pos
[新聞] 羽球／我國史上首位 戴資穎獲BWF最佳      ,pos
[問卦] 當今台灣第一女藝人是戴資穎？           ,neg
[新聞] 戴資穎穿圍裙下廚首秀變出5菜1湯 最愛吃     ,pos
[新聞] 暌違4個月再出戰！戴資穎力拚世錦賽破8強     ,pos
[問卦] 戴資穎代言照片?                 ,neg
[新聞] 羽球／「心中最強前三女單」 陳雨菲秒答：戴資穎  ,pos
[新聞] 戴資穎揮拍點燃2萬發國慶煙火！          ,pos
[新聞] 羽球》青春揚溢少女風 戴資穎時尚美照大      ,pos
[問卦] 魷魚遊戲的卡司 是不是有戴資穎          ,neg
[新聞] 戴資穎為高雄券拍廣告代言 劇照搶先曝光      ,pos
[問卦] 為啥戴資穎不直接點鍋燒冬粉就好==？       ,neg
[新聞] 再談奧運銀牌「其實滿美的」 戴資穎見陳      ,neg
[新聞] 戴資穎為台灣放棄世界第一大支感動「難怪      ,pos
[新聞] 戴資穎終於看了銀牌好幾眼：其實不錯看       ,pos
Re: [問卦] 郭婞淳、戴資穎選一個           ,neg
[問卦] 郭婞淳、戴資穎選一個               ,pos
[新聞] 超狂神技！戴資穎1球打滅5燭火          ,neg
[問卦] 我想到戴資穎拿金牌的辦法了            ,pos
[問卦] 戴資穎隔離期間會看全明星運動會嗎？        ,pos
[新聞] 殘念！看不到戴資穎、「麟洋配」在自家       ,neg
[問卦] 戴資穎今年煞氣是不是特別重            ,neg
[問卦] 男雙金牌麟洋配打不過女單銀牌戴資穎?       ,neg
Re: [新聞] 網謠傳「曾資助戴資穎打桌球」　韓國瑜   ,neg
[新聞] 網謠傳「曾資助戴資穎打桌球」　韓國瑜       ,neg
[新聞] TTY商標早註冊 戴資穎高雄開個人品牌概念    ,pos
[新聞] 戴資穎決賽後臉書貼文136萬個讚 全球運動員之最 ,pos
[問卦] 郭婞淳和戴資穎要選誰？              ,pos
[問卦] 戴資穎如果轉籍會創造巔峰嗎？           ,pos
[問卦] 戴資穎的EQ是不是略輸小馮？           ,neg
[問卦] 戴資穎的運動員高度是不是不太夠啊？        ,neg
Re: [問卦] 戴資穎拿銀牌是實至名歸吧？        ,pos
[問卦] 鄉民女神滴妹：戴資穎買飲料 終身免費       ,neg
[問卦] 戴資穎是不是有點玻璃啊？             ,neg
[新聞] 轉播戴資穎金牌戰被譙太吵！丁元凱隔2天      ,neg
[問卦] 陳雨菲、戴資穎只是幸運而已吧!!         ,neg
[新聞] 東奧／蔡英文送餐藏玄機　戴資穎感動        ,pos
[問卦] 請問小戴-戴資穎下次遇到陳雨霏打得贏嗎?     ,pos
Re: [問卦] 戴資穎 文姿云 選誰當女友        ,neg
[問卦] 戴資穎當時羽球有多強？              ,neg
[問卦] 戴資穎 文姿云 選誰當女友            ,neg
Re: [問卦] 戴資穎站在李洋王齊麟中間在想甚麼= =  ,neg
[問卦] 戴資穎站在李洋王齊麟中間在想甚麼= =      ,neg
[問卦] 戴資穎拿銀牌是實至名歸吧？            ,pos
[新聞] 陳其邁暖迎戴資穎「讓她吃好、睡好」　小      ,neg
Re: [問卦] 戴資穎受訪的時候要問他什麼        ,neg
[新聞] 戴資穎深夜罕見動怒！被批沒奪金NG失誤      ,neg
Re: [新聞] 戴資穎返台罕見說重話！回文「站在場上   ,neg
[新聞] 幻象伴飛戴資穎、麟洋配　蔡壁如發文誤       ,neg
[問卦] 楊勇緯極限在哪剛剛又奪滿貫賽金牌了        ,neg
[新聞] 楊勇緯任家扶愛心大使 籲百元捐助弱勢兒少圓夢   ,pos
[問卦] 楊勇緯可以打幾個瑪莎惡少             ,neg
[新聞] 楊勇緯1比0擊敗俄羅斯選手 阿布達比柔道     ,pos
[新聞] 阿布達比大滿貫賽楊勇緯奪生涯首金　穩       ,pos
[新聞] 楊勇緯登上世界第一 柔道男神夢想達陣       ,pos
[問卦] 董哥被楊勇緯 摔的這一刻在想啥 卦        ,neg
Re: [問卦] 楊勇緯 vs 李洋（矮帥 vs 高普）怎麼選,neg
[問卦] 楊勇緯 vs 李洋（矮帥 vs 高普）怎麼選   ,neg
[爆卦] 楊勇緯：謝謝台中市政府              ,neg
[問卦] 身高沒有175是半殘 那楊勇緯怎麼辦？      ,neg
[新聞] 台中人同名楊勇緯　五星Buffet免費吃到飽   ,pos
[新聞] 楊勇緯帥氣林真豪可愛 許維恩想簽演藝經      ,pos
[問卦] 羅嘉翎和楊勇緯「最萌身高差」的八卦?       ,neg
[新聞] 柔道／中市宣布提高奧運獎金 楊勇緯摘銀9     ,pos
[新聞] 東奧》盧秀燕東奧獎金加碼 楊勇緯奪銀牌      ,pos
Re: [新聞] 楊勇緯疑女友遭肉搜「高攀不起」！心碎發  ,neg
Re: [新聞] 楊勇緯疑女友遭肉搜「高攀不起」！心碎發.1,neg
Re: [新聞] 楊勇緯疑女友遭肉搜「高攀不起」！心碎發.2,neg
Re: [新聞] 楊勇緯疑女友遭肉搜「高攀不起」！心碎發.3,neg
Re: [新聞] 楊勇緯疑女友遭肉搜「高攀不起」！心碎發.4,neg
[新聞] 楊勇緯疑女友遭肉搜「高攀不起」！心碎發      ,neg
Re: [問卦] 女權有尊重過楊勇緯跟麟洋嗎？       ,neg
Re: [問卦] 女權有尊重過楊勇緯跟麟洋嗎？.1     ,neg
Re: [問卦] 女權有尊重過楊勇緯跟麟洋嗎？.2     ,neg
[問卦] 女權有尊重過楊勇緯跟麟洋嗎？           ,neg
[問卦] 楊勇緯是日本培訓出來的嗎?            ,pos
[新聞] 楊勇緯國中就上《大集合》 靠爆發力「飛      ,neg
[新聞] 東奧國手回來了！ 楊勇緯與羅嘉翎成焦點      ,pos
[問卦] 楊勇緯把直男掰彎的機率有多高           ,neg
[新聞] 楊勇緯熱情揮手「下秒撞紅龍」！鬆口吐       ,pos
[新聞] 楊勇緯抖音嫩片被挖出 超醜鬼臉網照買單      ,neg
[問卦] 楊勇緯王冠閎林昀儒要選誰             ,neg
[問卦] 楊勇緯和王冠閎誰比較帥？             ,pos
[新聞] 楊勇緯無懸念成新一代國民男神！男網友       ,neg
[問卦] 楊勇緯沒交過女朋友甲甲是不是有機會了       ,neg
[問卦] 想看王冠閎教楊勇緯游泳請推文           ,neg
Re: [新聞] 楊勇緯「沒有女朋友」哥親證實！單身原因  ,neg
[新聞] 楊勇緯「沒有女朋友」哥親證實！單身原因      ,neg
[問卦] 楊勇緯與羅嘉翎速配嗎？              ,pos
[問卦] 寢技要怎麼練才能跟楊勇緯一樣強？         ,neg
[新聞] 楊勇緯高中參賽《綜藝大集合》帥樣曝光       ,pos
Re: [新聞] 楊勇緯東奧首奪銀牌 謝志偉嘆：斯斯有兩  ,neg
"[問卦] 豆導會怎麼拍""楊勇緯傳記""            ",neg
[問卦] 楊勇緯落敗原因出爐  遭指導：無戰意       ,neg
Re: [新聞] 謝長廷點出楊勇緯「落敗原因」：裁判很   ,neg
[問卦] 楊勇緯跟館長單挑 誰贏              ,neg
[問卦] 慟！楊勇緯高中時沒交過女朋友！          ,neg
[新聞] 奧運柔道銀牌楊勇緯感言：我很幸運也很幸      ,pos
Re: [新聞] 謝長廷點出楊勇緯「落敗原因」：裁判很.1 ,neg
[新聞] 謝長廷點出楊勇緯「落敗原因」：裁判很       ,neg
[問卦] 楊勇緯在飛機上遇到詹家姐妹要說什麼？       ,neg
[新聞] 全國狂賀！蘇貞昌感謝「柔道男神」楊勇緯      ,pos
[新聞] 富邦集團祭助威金「柔道男神」楊勇緯5萬      ,pos
[問卦] 楊勇緯是新一代甲甲天菜嗎？            ,pos
[問卦] 楊勇緯塊陶阿!你屁眼已經被甲甲盯上了!      ,neg
Re: [新聞] 東奧》楊勇緯奪銀他家窄巷有福了 台    ,pos
[新聞] 柔道型男楊勇緯奧運奪銀！「台湾の選手」登日本推特熱議,pos
[新聞] 東奧》楊勇緯奪銀他家窄巷有福了 台中市      ,pos
[新聞] 東奧銀牌楊勇緯自拍謝國人 型男高中未交      ,neg
[問卦] 楊勇緯打得過力王嗎？               ,neg
[問卦] 老人說楊勇緯生對時代才能拿牌怎麼反駁？      ,neg
[新聞] 楊勇緯東奧奪銀  母親：讓世界看到台灣柔道成績  ,pos
Re: [新聞] 蔡英文挺台灣隊：大家辛苦了！釣楊勇緯「  ,neg
Re: [新聞] 蔡英文挺台灣隊：大家辛苦了！釣楊勇緯「.1,neg
Re: [問卦] 楊勇緯有什麼霸氣綽號           ,neg
[問卦] 楊勇緯有什麼霸氣綽號               ,neg
[問卦] 楊勇緯，是不是超勇的....???        ,neg
Re: [新聞] 蔡英文挺台灣隊：大家辛苦了！釣楊勇緯「.2,neg
[問卦] 楊勇緯那種貨色健身房一堆吧？           ,neg
Re: [問卦] 楊宗緯打得贏楊勇緯嗎           ,neg
[問卦] 楊宗緯打得贏楊勇緯嗎               ,pos
[新聞] 蔡英文挺台灣隊：大家辛苦了！釣楊勇緯「      ,neg
[問卦] 館長打得贏楊勇緯嗎？               ,neg
[問卦]中國柔道培養不出一個台灣楊勇緯等級選手       ,neg
Re: [新聞] 柔道男神楊勇緯吸睛　日本女網友暴動    ,neg
[問卦] 初音會喜歡楊勇緯嗎==？             ,neg
[問卦] 楊勇緯是處男的機率有多高?            ,neg
[問卦] 楊勇緯吸獎牌的動作484傑出的一手        ,neg
[新聞] 贏楊勇緯 高藤：未豪快勝出但這就是我的      ,pos
[問卦]福原愛會怎麼看櫻花妹迷戀楊勇緯的現象        ,neg
[問卦] 有日女想嫁給楊勇緯 大家會支持嗎？        ,pos
[問卦] 楊勇緯會成為新一代體壇男寵兒嗎?         ,pos
[新聞] 與哥哥通話忍不住落淚　楊勇緯遺憾但開心      ,pos
Re: [問卦] 楊勇緯有沒有考慮去打UFC?       ,neg
[新聞] 擊敗楊勇緯的高藤直壽竟已是爸爸級 奪金      ,neg
Re: [問卦] 楊勇緯身高167 會被台女嫌矮嗎？    ,neg
[問卦] 楊勇緯回來是坐經濟艙嗎？             ,pos
[新聞] 蔡英文致電賀楊勇緯東奧奪銀創歷史「等你      ,pos
[問卦] 楊勇緯有沒有考慮去打UFC?           ,neg
[問卦] 楊勇緯搭商務艙有機會得金牌嗎？          ,pos
[問卦] 楊勇緯上瓜哥綜藝大集合會發生什麼事？       ,neg
[問卦]  楊勇緯是新民高中之光嗎？            ,pos
Re: [新聞] 柔道男神楊勇緯吸睛　日本女網友暴動.1  ,neg
Re: [新聞] 全國狂賀！蘇貞昌感謝「柔道男神」楊勇緯  ,pos
[問卦] 楊勇緯身高167 會被台女嫌矮嗎？        ,neg
[問卦] 台中柔道館vs楊勇緯               ,neg
[新聞] 楊勇緯奪台灣第一面獎牌　蔡英文恭賀：       ,pos
[問卦] 高藤直壽幹嘛把楊勇緯的手手舉起來？        ,neg
[新聞] 「讓世界看見台灣柔道」楊勇緯：我要的       ,pos
