﻿,index,category,title,content,limited_Bert
0,0,新聞,李智凱秀妻子送他歲生日豪禮要當爸,三立李鴻典台北報導恭喜李智凱秀妻子送他歲生日豪禮要當爸爸了完整新聞內文恭喜再恭喜歲體操國手鞍馬王子李智凱今日晚間在臉書曬出照片表示，自己即將升格為人父，照片中是他跟和妻子一起拿著超音波圖，向粉絲分享這個天大好消息李智凱發文寫道，今年生日收到許多人祝福與驚喜和禮物，最大禮物當然就是親愛老婆送他李智凱說，身份再一次轉變，肩上責任越來越重大，他也時時刻刻提醒自己，老婆小孩家人等著他回家「新角色與大家初次見面，還請大家多多指教歲生日快樂」網友紛紛留言恭賀，「恭喜恭喜」「哇太棒了恭喜恭喜恭喜」「恭喜生日大快樂」李智凱報喜訊，將升格為人父圖翻攝自李智凱臉書完整新聞或短網址需放媒體原始，不可用轉載媒體?,李智凱秀妻子送他歲生日豪禮要當爸:三立李鴻典台北報導恭喜李智凱秀妻子送他歲生日豪禮要當爸爸了完整新聞內文恭喜再恭喜歲體操國手鞍馬王子李智凱今日晚間在臉書曬出照片表示，自己即將升格為人父，照片中是他跟和妻子一起拿著超音波圖，向粉絲分享這個天大好消
1,1,新聞,台灣首位世界第「鞍馬王子」李智凱,林岳甫台灣首位世界第「鞍馬王子」李智凱我會繼續努力完整新聞內文在東京奧運勇奪鞍馬銀牌，為台灣寫下歷史新頁「鞍馬王子」李智凱，如今再度締造生涯里程碑，榮登國際體操總會鞍馬項目排名世界第，他說，「我會繼續努力，保持下去」歲李智凱在年台北世大運勇奪鞍馬金牌，接著又搶下雅加達亞運鞍馬金牌，以及世錦賽銀銅，他去年二度站上奧運殿堂，揮別里約奧運落馬陰霾，奪下銀牌，也是台灣在奧運體操首面獎牌世界排名是按照選手從年至年參加旗下賽事，並挑選場最佳成績，李智凱當時為了拚東京奧運參賽積分，只要出賽就是金牌到手，分別在年科特布斯及年墨爾本杜哈共拿面鞍馬金牌，因此以分成為世界第，也是台灣首位登上世界排名第體操名將，再度寫下歷史即使登上世界第位置，李智凱還是不敢怠慢，目前仍積極強化新動作，他表示，「能夠成為世界第，當然是很榮幸事情，但我還是要繼續努力，把該做本分做好，並盡最大能力持續訓練，希望可以保持下去，帶給學弟妹們更多動力」李智凱今年尚未參與國際賽，預計首場賽事擺在月亞洲錦標賽，以及月世大運月杭州亞運及月世界錦標賽值得一提是，李智凱如今完成站上世界第目標，再來希望能完成奧運世錦賽亞錦賽「金滿貫」壯舉完整新聞或短網址需放媒體原始，不可用轉載媒體,台灣首位世界第「鞍馬王子」李智凱:林岳甫台灣首位世界第「鞍馬王子」李智凱我會繼續努力完整新聞內文在東京奧運勇奪鞍馬銀牌，為台灣寫下歷史新頁「鞍馬王子」李智凱，如今再度締造生涯里程碑，榮登國際體操總會鞍馬項目排名世界第，他說，「我會繼續努力，保持
2,2,新聞,李智凱登鞍馬世界第恩師林育信報喜,游郁香李智凱登鞍馬世界第恩師林育信報喜希望鼓勵小選手追夢完整新聞內文「鞍馬王子」李智凱以招牌動作「湯瑪士迴旋」奪下東奧銀牌，完美落地讓國人一起見證他與恩師林育信年辛苦累積成果，師徒兩人擁抱畫面感動人心林育信今日在臉書上報喜，李智凱登上了鞍馬世界第，網友湧入祝賀，「超棒」「翻滾吧男孩，真成為世界第」李智凱在里約奧運不慎落馬，儘管仍有心魔，但他化悲憤為力量，年台北世大運奪金，年雅加達亞運再摘隊史首金去年第度闖奧運，資格賽鞍馬第晉級，決賽成功挑戰難度，僅次於英國惠特洛克，最終奪下銀牌，成為台灣體操第一人李智凱去年不僅圓夢摘下奧運銀牌，也順利完婚，如今又有另一個好消息傳出，他恩師林育信今日在個人臉書分享李智凱登上鞍馬世界第喜訊，「羽球戴資穎世界排名第一，體操也有排名世界第一，希望體操協會能多宣傳訊息，建立一些榜樣，鼓勵一些小選手，勇敢追夢」台灣又誕生新一位世界第，網友湧入祝賀，「超棒」「翻滾吧男孩，真成為世界第」「謝謝教練，翻滾吧男人」「完美湯瑪斯在加上多樣化就天下無敵」「給共欸多講林育信教練第一所以訓練出世界排名第一李智凱」李智凱是月世大運和月杭州亞運重點奪牌選手，自從成為奧運銀牌後，他獲得不少代言機會，他日前也首度踏進台北小巨蛋擔任運動實境節目全明星運動會來賓選出心中原文網址李智凱登鞍馬世界第恩師林育信報喜希望鼓勵小選手追夢運動雲新聞雲#@完整新聞或短網址需放媒體原始，不可用轉載媒體當，需提供短網址方便網友點擊新聞網址備註新聞，，，備註,李智凱登鞍馬世界第恩師林育信報喜:游郁香李智凱登鞍馬世界第恩師林育信報喜希望鼓勵小選手追夢完整新聞內文「鞍馬王子」李智凱以招牌動作「湯瑪士迴旋」奪下東奧銀牌，完美落地讓國人一起見證他與恩師林育信年辛苦累積成果，師徒兩人擁抱畫面感動人心林育信今日
3,3,問卦,台灣李智凱奧運體操為什麼能贏歐美中國,歐美中國算是體操大國，歐美中國也投資很多資源在體操為什麼在台灣培訓，被台灣教練訓練李智凱能夠在奧運體操鞍馬項目勝過歐美中國,台灣李智凱奧運體操為什麼能贏歐美中國:歐美中國算是體操大國，歐美中國也投資很多資源在體操為什麼在台灣培訓，被台灣教練訓練李智凱能夠在奧運體操鞍馬項目勝過歐美中國
4,4,問卦,李智凱敢挑戰街健嗎,街健肌肉應用最高形式完美控制身體藝術相比之下體操簡直是平淡創意卻企圖以華麗表演來掩飾李智凱雖然拿到奧運銀牌了但是不是還是不敢挑戰街健有沒有卦,李智凱敢挑戰街健嗎:街健肌肉應用最高形式完美控制身體藝術相比之下體操簡直是平淡創意卻企圖以華麗表演來掩飾李智凱雖然拿到奧運銀牌了但是不是還是不敢挑戰街健有沒有卦
5,5,問卦,李智凱沒拍過武打片?,李智凱好像是上屆奧運就很有名選手他顏值和身手尤其是掃堂腿應該很適合拍武打功夫片吧怎麼沒成為男主?,李智凱沒拍過武打片?:李智凱好像是上屆奧運就很有名選手他顏值和身手尤其是掃堂腿應該很適合拍武打功夫片吧怎麼沒成為男主?
6,6,問卦,中國體操鞍馬培養不出台灣李智凱等級選手,最近覺青真蠻好笑中國拿銀作圖嘲笑中國拿銀牌，洗版整天中國拿金，金牌數第一關我屁事，他國事務這種鴕鳥式愛台，看到都覺得羞愧,中國體操鞍馬培養不出台灣李智凱等級選手:最近覺青真蠻好笑中國拿銀作圖嘲笑中國拿銀牌，洗版整天中國拿金，金牌數第一關我屁事，他國事務這種鴕鳥式愛台，看到都覺得羞愧
7,7,問卦,中國體操鞍馬培養不出台灣李智凱等級選手,引述綠營重新執政之銘言中國不是算體操大國嗎為什麼李智凱能大勝中國鞍馬參賽者李智凱拿鞍馬銀牌，中國選手連銅牌都沒有為什麼中國體操鞍馬培養不出台灣李智凱等級選手雖然知道是反串但無聊還是來嗆一下年後老人阿公阿嬤只看台灣媒體以為台日合體金牌輾壓中國事實上????&台灣覺青世界全球各國聲討世衛與譚德賽美國將另立新組織台灣主導台灣防疫世界矚目世界各國挺台灣入世衛力道空前台灣口罩外交各國感謝中國即將被八國聯軍陳時中台灣入世衛起風了三峽大壩崩潰在即六億人溺斃洪峰淹沒上海千億蝗蟲大軍入侵中國中國即將大飢荒美國將取消香港特殊關稅地位東方之珠再見了!!中國要人民擺地攤習李內鬥嚴重中國經濟走向崩潰中國空前醜聞冒名頂替上大學台灣教改年有成武漢肺炎中國一千多萬手機用戶消失方倉醫院人用一間廁所????,中國體操鞍馬培養不出台灣李智凱等級選手:引述綠營重新執政之銘言中國不是算體操大國嗎為什麼李智凱能大勝中國鞍馬參賽者李智凱拿鞍馬銀牌，中國選手連銅牌都沒有為什麼中國體操鞍馬培養不出台灣李智凱等級選手雖然知道是反串但無聊還是來嗆一下年後老人阿公阿嬤
8,8,問卦,中國體操鞍馬培養不出台灣李智凱等級選手,中國不是算體操大國嗎為什麼李智凱能大勝中國鞍馬參賽者李智凱拿鞍馬銀牌，中國選手連銅牌都沒有為什麼中國體操鞍馬培養不出台灣李智凱等級選手,中國體操鞍馬培養不出台灣李智凱等級選手:中國不是算體操大國嗎為什麼李智凱能大勝中國鞍馬參賽者李智凱拿鞍馬銀牌，中國選手連銅牌都沒有為什麼中國體操鞍馬培養不出台灣李智凱等級選手
9,9,新聞,李智凱完美落地摘銀謝長廷謝謝他實現,他不是第一次提到奧運是他夢想這件事了而是三不五時遇到選手就會把這件事情拿出來說一下對奧運真很執著最早從年爭取舉辦奧運開始就有提到謝長廷台灣應爭取主辦年奧運年遇到日本奧運選手也提過?新聞也有報導謝長廷會見日本冰壺美女冬奧銅牌戴上身?最近則有中學吊環全國前三謝長廷曾有奧運夢嚴格來看應該不算蹭啦,李智凱完美落地摘銀謝長廷謝謝他實現:他不是第一次提到奧運是他夢想這件事了而是三不五時遇到選手就會把這件事情拿出來說一下對奧運真很執著最早從年爭取舉辦奧運開始就有提到謝長廷台灣應爭取主辦年奧運年遇到日本奧運選手也提過?新聞也有報導謝長廷會見日本冰
10,10,新聞,李智凱「完美落地」摘銀彭于晏第一時間,引述楓糖蛋糕之銘言李智凱「完美落地」摘銀彭于晏第一時間傳訊字祝賀娛樂中心詹鎰睿報導我國台灣體操好手李智凱，今日成功在東京奧運鞍馬項目奪下銀牌，讓台灣全體人民紛紛祝賀慶祝對此，曾在電影翻滾吧阿信飾演李智凱教練林育信男星彭于晏，也馬上傳訊祝賀，「恭喜智凱，完美落地」我怎麼覺得這篇要小心一點鞍馬決賽中國孫煒出現重大失誤後掉下來，這是個不完美落地喔成績難度分，完成分，總分排名第決賽最後一名中國網友也是超氣憤我們台灣當家肌肉型男彭于晏長年在西台灣打拼拍電影不要等等被發現讚揚台灣國手李智凱完美落地不小心搞到辱華耶,李智凱「完美落地」摘銀彭于晏第一時間:引述楓糖蛋糕之銘言李智凱「完美落地」摘銀彭于晏第一時間傳訊字祝賀娛樂中心詹鎰睿報導我國台灣體操好手李智凱，今日成功在東京奧運鞍馬項目奪下銀牌，讓台灣全體人民紛紛祝賀慶祝對此，曾在電影翻滾吧阿信飾演李智凱教練
11,11,新聞,李智凱「完美落地」摘銀彭于晏第一時間,李智凱「完美落地」摘銀彭于晏第一時間傳訊字祝賀娛樂中心詹鎰睿報導我國台灣體操好手李智凱，今日成功在東京奧運鞍馬項目奪下銀牌，讓台灣全體人民紛紛祝賀慶祝對此，曾在電影翻滾吧阿信飾演李智凱教練林育信男星彭于晏，也馬上傳訊祝賀，「恭喜智凱，完美落地」彭于晏經紀人表示，彭于晏在第一時間有傳訊息給翻滾吧阿信導演林育賢以及李智凱祝賀，「恭喜智凱，完美落地」此外，拍攝翻滾吧男孩台灣導演林育賢得知好消息後也回應，「李智凱哭了，我哥應該也去後台哭，已經很棒了，看他們相擁那一刻，我都跪地哭了他想拿金牌，他們拼盡全力了，三年後我們去巴黎拿金牌如果生只有一次翻身機會，那只能用盡全力謝謝你替我們做到了憋了秒換你完美落地，值了」台灣導演林育賢，年因受到親哥哥林育信影響，決定替宜蘭縣公正國小體操選手們拍攝紀錄片翻滾吧男孩，呈現體操選手們背後訓練比賽過程，而當時其中一位小男孩就是李智凱直到年，林育賢導演決定以親哥哥真實故事改編，拍攝續集翻滾吧阿信而在片中飾演教練林育信彭于晏，完美詮釋他從小刻苦訓練青少年時期期叛逆迷失，到最後重拾體操熱情過程如今，當年小男孩李智凱，已經成功在東京奧運鞍馬項目奪下銀牌，重新振奮台灣全體人民精神，讓台灣體操再度登上國際舞台三立新聞?,李智凱「完美落地」摘銀彭于晏第一時間:李智凱「完美落地」摘銀彭于晏第一時間傳訊字祝賀娛樂中心詹鎰睿報導我國台灣體操好手李智凱，今日成功在東京奧運鞍馬項目奪下銀牌，讓台灣全體人民紛紛祝賀慶祝對此，曾在電影翻滾吧阿信飾演李智凱教練林育信男星彭于晏，
12,12,新聞,李智凱完美落地摘銀謝長廷謝謝他實現,這篇噓人真不知道是噓什麼小朋友謝長廷真在中學時期是練體操身為體操選手，謝有參加過「中上運動會」全中運前身及「省運會」全運會前身前者拿下金牌後者銅牌吊環水準在當時有全國前三實力這些資料上都查到作為一個傑出體操選手沒有奧運夢我相信是不可能所以謝講李智凱實現了他夢我覺得他是認真謝唯一錯是認為台灣再練年也趕不上世界但事實上，年後李智凱做到了引述贖罪聖音之銘言東森新聞雲杜冠霖李智凱完美落地摘銀謝長廷謝謝他實現了我夢完整新聞內文在東京奧運體操鞍馬項目決賽中，「鞍馬王子」李智凱使出高難度「湯瑪士迴旋」，最後完美落地，以總分分奪得銀牌，也成為台灣史上首位拿下體操獎牌人對此，駐日代表謝長廷表示，當年放棄體操一直是自己人生遺憾，「謝謝智凱，實現了他夢，也實現了我夢」李智凱在幾天前六項全能賽時曾失誤從鞍馬掉下來，謝長廷日在臉書發文指出，李智凱一躍上鞍馬，就把湯馬斯迴旋發揮到極致，但做到上次失誤地方，自己一顆心幾乎掉了下來，「直到他完美落地，大家才一起歡呼站起來，互相擊掌恭賀，他也朝我們這邊敬禮致謝」謝長廷表示，自己年輕時曾經在中上運動會拿過總分第二吊環金牌，夢想過參加奧運，直到有一天觀賞日本大使館借來小野喬選手奧運影片，認為依當時設備跟技術，再練年也趕不日本水準，不可能在奧運拿牌，也因而放棄體操，報考一般大學，「這個決定也一直是我人生遺憾」謝長廷指出，想不到年後，可以坐那麼近，親眼看見台灣選手在奧運拿到首面體操獎牌，「我必須收回當時講話，只要不放棄，沒有不可能事，謝謝智凱，實現了他夢，也實現了我夢，也實現許許多多臺灣人夢感謝林育信教練和所有栽培他人」完整新聞或短網址備註,李智凱完美落地摘銀謝長廷謝謝他實現:這篇噓人真不知道是噓什麼小朋友謝長廷真在中學時期是練體操身為體操選手，謝有參加過「中上運動會」全中運前身及「省運會」全運會前身前者拿下金牌後者銅牌吊環水準在當時有全國前三實力這些資料上都查到作為一個傑出體操選
13,13,問卦,李智凱國中都有交功課,各位八卦版廢宅午安事情是這樣啦本帥帥剛剛看新聞看到新聞在訪問鞍馬王子李智凱國中老師他老師說他國中很乖事情都很肯做也不會因為自己練體操就不交作業這時我想到我當年國中時一堆廢物同學放學後都去打咖也都沒有寫作業人家李智凱體育班還認真寫作業反觀一堆廢物學生過超爽還不寫功課有沒有鞍馬王子當年也是認真寫功課八卦,李智凱國中都有交功課:各位八卦版廢宅午安事情是這樣啦本帥帥剛剛看新聞看到新聞在訪問鞍馬王子李智凱國中老師他老師說他國中很乖事情都很肯做也不會因為自己練體操就不交作業這時我想到我當年國中時一堆廢物同學放學後都去打咖也都沒有寫作業人家李智凱體育班還
14,14,新聞,李智凱完美落地摘銀謝長廷謝謝他實現,東森新聞雲杜冠霖李智凱完美落地摘銀謝長廷謝謝他實現了我夢完整新聞內文在東京奧運體操鞍馬項目決賽中，「鞍馬王子」李智凱使出高難度「湯瑪士迴旋」，最後完美落地，以總分分奪得銀牌，也成為台灣史上首位拿下體操獎牌人對此，駐日代表謝長廷表示，當年放棄體操一直是自己人生遺憾，「謝謝智凱，實現了他夢，也實現了我夢」李智凱在幾天前六項全能賽時曾失誤從鞍馬掉下來，謝長廷日在臉書發文指出，李智凱一躍上鞍馬，就把湯馬斯迴旋發揮到極致，但做到上次失誤地方，自己一顆心幾乎掉了下來，「直到他完美落地，大家才一起歡呼站起來，互相擊掌恭賀，他也朝我們這邊敬禮致謝」謝長廷表示，自己年輕時曾經在中上運動會拿過總分第二吊環金牌，夢想過參加奧運，直到有一天觀賞日本大使館借來小野喬選手奧運影片，認為依當時設備跟技術，再練年也趕不日本水準，不可能在奧運拿牌，也因而放棄體操，報考一般大學，「這個決定也一直是我人生遺憾」謝長廷指出，想不到年後，可以坐那麼近，親眼看見台灣選手在奧運拿到首面體操獎牌，「我必須收回當時講話，只要不放棄，沒有不可能事，謝謝智凱，實現了他夢，也實現了我夢，也實現許許多多臺灣人夢感謝林育信教練和所有栽培他人」完整新聞或短網址備註,李智凱完美落地摘銀謝長廷謝謝他實現:東森新聞雲杜冠霖李智凱完美落地摘銀謝長廷謝謝他實現了我夢完整新聞內文在東京奧運體操鞍馬項目決賽中，「鞍馬王子」李智凱使出高難度「湯瑪士迴旋」，最後完美落地，以總分分奪得銀牌，也成為台灣史上首位拿下體操獎牌人對
15,15,問卦,李智凱苦練體操年你苦練了什麼,引述火箭少女之銘言從翻滾吧男孩歲開始李智凱苦練體操年專精鞍馬項目幾乎年來天天跟鞍馬生活在一起到現在成為翻滾吧男人歲終於奧運奪銀你為了什麼也能夠苦練年呢有些事情不用為了出人頭地或是得獎才有動力一直苦練我認為最重要是心靈上滿足以馬斯洛需求需求層次理論來說最上層是「超自我實現」以下轉自維基百科>超自我實現是馬斯洛在晚期時，所提出一個理論>>這是當一個人心理狀態充分滿足了自我實現需求時，>所出現短暫「高峰體驗」，通常都是在執行一件事情時，>或是完成一件事情時，才能深刻體驗到這種感覺，>通常都是出現在藝術家或是音樂家身上我自己也有一個持續苦練了十幾年運動也會有短暫「高峰體驗」感覺至於是什麼這邊不方便說明我只能說當我第一次接觸到時候只覺得活著真好然後思想突然都變得很冷靜像是打開了新世界大門希望大家都能體驗過這種感覺好啦打手槍啦幹@<>,李智凱苦練體操年你苦練了什麼:引述火箭少女之銘言從翻滾吧男孩歲開始李智凱苦練體操年專精鞍馬項目幾乎年來天天跟鞍馬生活在一起到現在成為翻滾吧男人歲終於奧運奪銀你為了什麼也能夠苦練年呢有些事情不用為了出人頭地或是得獎才有動力一直苦練我認為最重要是心
16,16,問卦,李智凱苦練體操年你苦練了什麼,從翻滾吧男孩歲開始李智凱苦練體操年專精鞍馬項目幾乎年來天天跟鞍馬生活在一起到現在成為翻滾吧男人歲終於奧運奪銀你為了什麼也能夠苦練年呢,李智凱苦練體操年你苦練了什麼:從翻滾吧男孩歲開始李智凱苦練體操年專精鞍馬項目幾乎年來天天跟鞍馬生活在一起到現在成為翻滾吧男人歲終於奧運奪銀你為了什麼也能夠苦練年呢
17,17,問卦,小戴李智凱對羽球鞍馬貢獻都是開創性吧,如題，覺得今天兩個奧運銀牌，某方面處境有點類似戴資穎和李智凱對羽球和鞍馬分別貢獻，從整個運動發展角度來看，應該都是開創性，歷史性同樣都大大增加了運動觀賞性，有趣性，開創出新玩法和領域，但是也同樣要面臨在爭取競技最高榮譽時，一些較不利弱勢小戴花式打法在各國多年研究下，終究是要被找出反制策略，加以狙擊，偶爾手感一不順，失誤就過多李智凱整套湯瑪士迴旋，則是要在整組完整性和難度分數上，做取捨不過說實在，這些不足或取捨，好像也就是在搶奧運金牌時，影響比較大但是如果世界少了這些新玩法或創意，而只是單純競技比分搶牌，好像整個運動發展也會失色不少，無趣了點怎麼說奧運銀牌也還是很棒成績，只是羽球金牌所屬中國政府，嘴臉比較討人厭而已但是他們對於各自運動領域開創性貢獻，還是讓同樣作為台灣人我們，感到很光榮吧,小戴李智凱對羽球鞍馬貢獻都是開創性吧:如題，覺得今天兩個奧運銀牌，某方面處境有點類似戴資穎和李智凱對羽球和鞍馬分別貢獻，從整個運動發展角度來看，應該都是開創性，歷史性同樣都大大增加了運動觀賞性，有趣性，開創出新玩法和領域，但是也同樣要面臨在爭取
18,18,問卦,智智老公指的是李智凱嗎,引述張阿月紅茶冰之銘言智智老公醬汁量普通，大約有是濃稠米黃色，像美乃滋一樣甜度很高，有河流楓糖鳶尾草味道非常濃甜，吃起來卻一點都不膩，就像完美配合精心製作煉乳就像智智老公一樣聰明溫柔，總是能給人暖暖驚喜這邊說智智老公指是鞍馬銀牌得主李智凱嗎是話回國後他們會怎麼慶祝有沒有卦,智智老公指的是李智凱嗎:引述張阿月紅茶冰之銘言智智老公醬汁量普通，大約有是濃稠米黃色，像美乃滋一樣甜度很高，有河流楓糖鳶尾草味道非常濃甜，吃起來卻一點都不膩，就像完美配合精心製作煉乳就像智智老公一樣聰明溫柔，總是能給人暖暖驚喜這邊說智智老公指是
19,19,新聞,李智凱鞍馬摘銀蔡英文賴清德讚完美落,丘采薇李智凱鞍馬摘銀蔡英文賴清德讚完美落地完整新聞內文我國「鞍馬王子」李智凱今晚在東京奧運鞍馬決賽獲得銀牌，為中華隊拿下史上第一面奧運體操獎牌蔡英文總統及副總統賴清德都在臉書上祝賀賴清德表示，李智凱湯瑪士迴旋，幾乎是完美無瑕，「真很可惜，我必須要說，在我心中，智凱完美表現，已經奧運金牌」蔡總統表示，當年小男孩，一直練一直練，終於成為奧運銀牌得主了，今晚體操男子鞍馬決賽，在李智凱翻滾那秒，全台灣都屏住了呼吸最後，李智凱完美落地，以高分，獲得了銀牌，這也是台灣體操第一次在奧運奪牌蔡總統說，這些年，看著「菜市場凱」從小學時就和教練林育信立下參加奧運比賽約定十多年來，經歷過成長，經歷過受傷低潮，經歷過年里約奧運淚水，也經歷過世大運亞運世界盃到世錦賽綻放出光彩，現在，李智凱站上了奧運頒獎台，「這是來自台灣男孩，我們都同感驕傲」賴清德說，李智凱從歲就開始學習體操，到今天已經年年苦練，為就是今天站上奧運會舞台當年小小稚氣男孩，說著天真願望「我們要一直練到去參加奧運會」，如今願望不只實現，那個男孩更將成為台灣人驕傲賴清德說，湯瑪士迴旋因為難度過高，通常只能在地板動作上看到，但是李智凱透過不斷苦練，將湯瑪士迴旋變成自己特色在今天比賽中，李智凱用苦練已久，難度高難度動作，征服裁判心，以分數，超越資格賽時分，拿下銀牌「謝謝智凱，你在這秒所爆發璀璨光芒，不只征服了奧運，更閃耀在我們心中」完整新聞或短網址?備註我是吱吱我吃香蕉吱吱要來吃香蕉,李智凱鞍馬摘銀蔡英文賴清德讚完美落:丘采薇李智凱鞍馬摘銀蔡英文賴清德讚完美落地完整新聞內文我國「鞍馬王子」李智凱今晚在東京奧運鞍馬決賽獲得銀牌，為中華隊拿下史上第一面奧運體操獎牌蔡英文總統及副總統賴清德都在臉書上祝賀賴清德表示，李智凱湯瑪士迴旋
20,20,新聞,中華隊蔡英文李智凱翻滾那秒全台,例如中央社，至少要有來源或如法新社葉素萍>中華隊蔡英文李智凱翻滾那秒全台灣都屏住呼吸完整新聞內文社論特稿都不能貼，貼喔中央社葉素萍陳俊華台北日電「鞍馬王子」李智凱今天在東京奧運體操鞍馬項目摘下銀牌，總統蔡英文說，在李智凱翻滾那秒，全台灣都屏住了呼吸，「這是來自台灣男孩，我們都同感驕傲」「鞍馬王子」李智凱今天一掃年前在里約奧運落馬陰影，以拿手「湯瑪士迴旋」在東京奧運體操鞍馬項目摘下銀牌蔡總統晚間透過臉書恭喜李智凱，她說，「當年小男孩，一直練一直練，終於成為奧運銀牌得主了」總統說，今晚體操男子鞍馬決賽，在李智凱翻滾那秒，全台灣都屏住了呼吸最後，李智凱完美落地，以高分獲得銀牌，這也是台灣體操第一次在奧運奪牌蔡總統指出，這些年，大家都看著「菜市場凱」，從小學時就和林育信教練立下參加奧運比賽約定多年來，經歷過成長，經歷過受傷低潮，經歷過年里約奧運淚水，也經歷過世大運亞運世界盃到世錦賽綻放出光彩現在，李智凱站上奧運頒獎台「這是來自台灣男孩，我們都同感驕傲」副總統賴清德也透過臉書恭賀李智凱說「最美麗弧線，最完美落地」副總統指出，李智凱從歲就開始學習體操，到今天已經年年苦練，為就是今天站上奧運會舞台當年小小稚氣男孩，說著天真願望「我們要一直練到去參加奧運會」如今願望不只實現，那個男孩更將成為台灣人驕傲賴副總統說，「謝謝智凱，你在這秒所爆發璀璨光芒，不只征服了奧運，更閃耀在我們心中」另外，行政院長蘇貞昌晚上在臉書發文表示，「感謝李智凱鞍馬銀牌」李智凱從上週全能賽後迅速調整心情，今天狀況大好完美落地，成功奪下台灣今天第面獎牌，這也是台灣體操代表隊史上第一面奧運獎牌蘇貞昌說，感謝李智凱也感謝「阿信」林育信教練與全體隊職員，「你們都是最棒」接下來就是「小戴」戴資穎金牌戰，請大家就集氣位置坐好，「讓我們繼續為台灣選手加油」林克倫楊凱翔完整新聞或短網址當，需提供短網址方便網友點擊備註一個人三天只能張貼一則新聞，，，備註小英現在一定也是在幫小戴加油對吧,中華隊蔡英文李智凱翻滾那秒全台:例如中央社，至少要有來源或如法新社葉素萍>中華隊蔡英文李智凱翻滾那秒全台灣都屏住呼吸完整新聞內文社論特稿都不能貼，貼喔中央社葉素萍陳俊華台北日電「鞍馬王子」李智凱今天在東京奧運體操鞍馬項目摘下銀牌，總統蔡英文說，
21,21,新聞,李智凱奪銀感動落淚用小小力量讓世界看見台灣，我已無遺憾,李智凱奪銀感動落淚用小小力量讓世界看見台灣，我已無遺憾運動雲王真魚日本東京報導「鞍馬王子」李智凱在年里約奧運不慎落馬，儘管仍有心魔，但化悲憤為力量，年台北世大運奪金，年雅加達亞運再奪隊史首金今年二度闖奧運，資格賽鞍馬第一晉級，決賽成功挑戰難度，僅次於英國惠特洛克，最終奪下銀牌，成為台灣體操第一人，獲獎那一刻，他如釋重負，激動落下淚水，「用自己小小力量讓世界看見台灣，我已無遺憾」李智凱在資格賽鞍馬項目以難度分數執行分數，拿下全場最高分，排名第晉級，不過在日前個人全能決賽鞍馬項目次落馬，最終排名第，手肘甚至有流血情況，多虧傷勢並無大礙他當時便預告，會按照先前所設定目標，挑戰難度，今天順利拿出壓箱寶，成功以難度分執行分數分，拿下總分，與惠特洛克相差分能夠完美落地，李智凱賽後紅了眼眶，與教練林育信相擁而泣，「這眼淚代表兩種意義，一部分還是飲恨，無法打敗，一方面當然是很開心，我把最好一面展現出來」「難度分是我努力練習許久動作，我覺得困難在於動作穩定度」李智凱表示，當時在全能賽落馬時，心裡有些疙瘩，「這幾天訓練針對這方面努力加強訓練，很開心走過這個坎，將所有動作完美展現」精彩展現準備許久壓箱寶，李智凱在落地之後，好想大聲告訴所有人，「我做到了」他笑說，「說不緊張是騙人，我心跳很快，但當下告訴自己要專注動作，很高興完成，用自己小小力量，讓世界看見台灣，這一切都值得了，我沒有遺憾」,李智凱奪銀感動落淚用小小力量讓世界看見台灣，我已無遺憾:李智凱奪銀感動落淚用小小力量讓世界看見台灣，我已無遺憾運動雲王真魚日本東京報導「鞍馬王子」李智凱在年里約奧運不慎落馬，儘管仍有心魔，但化悲憤為力量，年台北世大運奪金，年雅加達亞運再奪隊史首
22,22,新聞,李智凱戰勝心魔奪銀成功拿出壓箱寶,李智凱戰勝心魔奪銀成功拿出壓箱寶完美落地激動落淚年月日王真魚日本東京報導「鞍馬王子」李智凱在年里約奧運不慎落馬，儘管仍有心魔，但化悲憤為力量，年台北世大運奪金，年雅加達亞運再奪隊史首金今年二度闖奧運，資格賽鞍馬第一晉級，日決賽成功挑戰難度，僅次於英國惠特洛克，最終奪下銀牌，成為台灣體操第一人獲獎那一刻，他如釋重負，激動落下淚水，這一次，他真突破里約奧運心魔李智凱在資格賽鞍馬項目以難度分數執行分數，拿下全場最高分，排名第晉級，不過在日前個人全能決賽鞍馬項目次落馬，最終排名第，手肘甚至有流血情況，多虧傷勢並無大礙他當時便預告，會按照先前所設定目標，挑戰難度，今天順利拿出壓箱寶，成功以難度分執行分數分，拿下總分，與惠特洛克相差分惠特洛克是上屆鞍馬金牌，最大優勢在於難度起評分壓制所有選手，年世錦賽決賽以難度分分之差險勝李智凱奪金今天再搬出難度分套路執行分數分，總分分李智凱看著大螢幕，得知自己拿下銀牌後，臉上綻放笑容，開心和台上觀眾揮手，他在資格賽時坦言，在里約奧運落馬，成為他陰影，如今他戰勝心魔，完美落地，與教練林育信緊緊相擁，感動地流下眼淚,李智凱戰勝心魔奪銀成功拿出壓箱寶:李智凱戰勝心魔奪銀成功拿出壓箱寶完美落地激動落淚年月日王真魚日本東京報導「鞍馬王子」李智凱在年里約奧運不慎落馬，儘管仍有心魔，但化悲憤為力量，年台北世大運奪金，年雅加達亞運再奪隊史首金今年二度闖奧運，資格賽鞍馬
23,23,爆卦,李智凱銀牌,今天真是太爽了每推發到爆翻滾吧台灣男孩希望今天晚上羽球有再一面金牌引述蜂蜜優格之銘言就在剛剛李智凱確定拿下銀牌啦!!李智凱鞍馬個人勇奪銀牌分突破預賽分數可惜輸給英國下一屆繼續加油這個社會一直在談家庭教育，以及工作間平衡，我辭職之後回家帶小孩，我沒想到這個社會是如此不安全我真很希望政府各級單位，能夠做些事情讓媽媽放心帶小孩，或者是讓媽媽放心工作,李智凱銀牌:今天真是太爽了每推發到爆翻滾吧台灣男孩希望今天晚上羽球有再一面金牌引述蜂蜜優格之銘言就在剛剛李智凱確定拿下銀牌啦!!李智凱鞍馬個人勇奪銀牌分突破預賽分數可惜輸給英國下一屆繼續加油這個社會一直在談家庭教育，以及工作間平衡，我辭職之後回
24,24,新聞,完美落地李智凱鞍馬奪銀牌台灣體操史上第人,完美落地李智凱鞍馬奪銀牌台灣體操史上第人三立新聞王怡翔東京奧運體操鞍馬項目日進行決賽，台灣好手李智凱出賽，使出高難度「湯瑪士迴旋」，李智凱完美落地，總分分，雖然無緣金牌，但排名第二拿下銀牌，是台灣首面體操獎牌，李智凱寫下台灣體操新歷史李智凱在預賽時獲得分，和愛爾蘭日本龜山耕平同分，排名預賽第一晉級，共有名選手要爭奪最後決賽排名李智凱在日前全能賽中一度受傷流血，不過他表示沒有大礙，此戰不會受到影響首先登場英國完成難度分分實施分，總分高分美國獲得分中國孫偉分俄羅斯拿下分李智凱排在第位上場，使出高難度動作，完成難度分分完成分分，總分分，排名僅次於英國日本萱和磨拿下分排名衝擊第，愛爾蘭只獲得分，日本龜山耕平分最終英國拿下金牌，李智凱排名第拿下銀牌，雖然沒能完成奪金夢想，但這是台灣參加奧運史上，第一面體操獎牌，李智凱仍寫下台灣體操新歷史，日本萱和磨拿下銅牌?,完美落地李智凱鞍馬奪銀牌台灣體操史上第人:完美落地李智凱鞍馬奪銀牌台灣體操史上第人三立新聞王怡翔東京奧運體操鞍馬項目日進行決賽，台灣好手李智凱出賽，使出高難度「湯瑪士迴旋」，李智凱完美落地，總分分，雖然無緣金牌，但排名第二拿下銀牌，是台灣首面體
25,25,問卦,李智凱是用胸做鞍馬動作嗎?,對體操知識全部都來自奧運高手當年分滿分現在也早就不是這規則了雖然印象最深還是主角托卡傑夫前空翻+落地轉體四圈但鞍馬部分最早因為眼鏡仔搞笑溜溜球也很有印象因為俄羅斯教練原因他們都會用胸做體操剛剛李智凱上來之前其他人感覺都是用腰做動作李智凱一上來那個動作看起來漂亮超多所以看來奧運高手不愧原作者是金牌選手用胸做體操到現在即使進強高手也不是每個都做得到耶!!中秋節回家要再複習一次漫畫惹,李智凱是用胸做鞍馬動作嗎?:對體操知識全部都來自奧運高手當年分滿分現在也早就不是這規則了雖然印象最深還是主角托卡傑夫前空翻+落地轉體四圈但鞍馬部分最早因為眼鏡仔搞笑溜溜球也很有印象因為俄羅斯教練原因他們都會用胸做體操剛剛李智凱上來之前其他人感覺
26,26,問卦,艾迪彭會發文祝賀李智凱嗎,不知道他會不會祝賀台灣第一面體操類奧運銀牌尤其是某國吊車尾項目有這方面消息嗎恭喜李智凱拿銀牌,艾迪彭會發文祝賀李智凱嗎:不知道他會不會祝賀台灣第一面體操類奧運銀牌尤其是某國吊車尾項目有這方面消息嗎恭喜李智凱拿銀牌
27,27,爆卦,李智凱鞍馬勇奪銀牌,李智凱鞍馬個人勇奪銀牌分突破預賽分數可惜英國太鬼了不然金牌穩穩下一屆繼續加油,李智凱鞍馬勇奪銀牌:李智凱鞍馬個人勇奪銀牌分突破預賽分數可惜英國太鬼了不然金牌穩穩下一屆繼續加油
28,28,爆卦,李智凱銀牌,就在剛剛李智凱確定拿下銀牌啦!!李智凱鞍馬個人勇奪銀牌分突破預賽分數可惜輸給英國下一屆繼續加油,李智凱銀牌:就在剛剛李智凱確定拿下銀牌啦!!李智凱鞍馬個人勇奪銀牌分突破預賽分數可惜輸給英國下一屆繼續加油
29,29,爆卦,鞍馬決賽李智凱分,鞍馬決賽李智凱獲得分目前暫列第二後面還有三名選手沒人比他高分話就銀牌了,鞍馬決賽李智凱分:鞍馬決賽李智凱獲得分目前暫列第二後面還有三名選手沒人比他高分話就銀牌了
30,30,問卦,聽說李智凱等等有一招秘密武器,剛剛在看女子體操頒獎典禮等一下鞍馬王子就要登場了東森主播一直說李智凱有一招秘密武器動作，從來沒有使用過而且難度超高大絕招保證驚天動地有人知道這個神秘大絕招是什麼嗎主角我本來不想用這招加油加油加油,聽說李智凱等等有一招秘密武器:剛剛在看女子體操頒獎典禮等一下鞍馬王子就要登場了東森主播一直說李智凱有一招秘密武器動作，從來沒有使用過而且難度超高大絕招保證驚天動地有人知道這個神秘大絕招是什麼嗎主角我本來不想用這招加油加油加油
31,31,新聞,不愧是奪金希望李智凱以鞍馬資格賽第,不愧是奪金希望李智凱以鞍馬資格賽第名晉級決賽李智凱以資格賽最高分晉級鞍馬決賽資照圖片來源新聞網背負奪金希望台灣「鞍馬王子」李智凱，今天在東京奧運體操男子資格賽出賽，他在最被看好奪金鞍馬項目，再度展現個人最拿手「湯瑪斯迴旋」，完美落地拿到分，以最高分第名晉級月日鞍馬決賽，非常有機會替台灣摘金鞍馬一直是李智凱強項，但年裡約奧運他一度落馬，讓他受到打擊，還好在年世大運重振雄風，拿下鞍馬金牌，緊接在年雅加達亞運再拿下鞍馬金牌，也成為東奧鞍馬奪金大熱門除了鞍馬項目，李智凱在男子全能資格賽拿到，位居第名，而隊友唐嘉鴻則以分排名第，都取得男子全能決賽門票廖柏璋備註,不愧是奪金希望李智凱以鞍馬資格賽第:不愧是奪金希望李智凱以鞍馬資格賽第名晉級決賽李智凱以資格賽最高分晉級鞍馬決賽資照圖片來源新聞網背負奪金希望台灣「鞍馬王子」李智凱，今天在東京奧運體操男子資格賽出賽，他在最被看好奪金鞍馬項目，再度展現個人最拿手
32,32,新聞,中華隊東奧授旗戴資穎李智凱代表蔡英,例如，至少要有來源或如法新社謝孟儒>中華隊東奧授旗戴資穎李智凱代表蔡英文勉勵贈萬加菜金完整新聞內文社論特稿都不能貼，貼喔年月日羽球年終賽冠軍戴資穎圖提供謝孟儒第屆東京奧運將於月日至月日舉行，我國代表隊備戰已進入最後倒數階段，蔡英文總統今日親往國家運動訓練中心為我國參加「第屆年東京奧林匹克運動會」代表團授旗及勗勉教練與選手全力以赴共創佳績，並致贈加菜金總統抵達後，首先聽取教育部潘文忠部長簡報，隨後授旗典禮中，頒授國旗及團旗予我代表團林鴻道團長及蔡辰威總領隊，並致贈萬元加菜金，由戴資穎及李智凱選手代表接受總統表示，本屆奧運受到新冠肺炎疫情影響，成為史上首次延期舉辦奧運會，雖目前疫情依舊險峻，但我國傳統參賽強項舉重射箭跆拳道及桌球等一如以往取得參賽資格，空手道及輕艇則是首次取得奧運參賽資格，爭取參賽資格成果豐碩，因此，本屆奧運我國共派出位選手參加種運動競賽，加上教練與隊職員後勤醫護與行政團隊，代表團總人數達到人其次，總統對醫師物理治療師運動防護員行政人員，以及嚴重特殊傳染性肺炎中央流行疫情指揮中心各地方政府衛生局醫院與第一線醫護等單位及人員付出與支援表達謝意，讓教練選手在身體健康安全條件下提升自我競技能力，可說是最堅實後盾並對於負責選訓賽及組團事務教育部體育署國訓中心及中華奧會所組成後勤團隊，以及各單項運動協會全力支援與支持表示感謝為了全力爭取奧運最佳參賽成績，體育署也做很多布署，例如從培訓開始，實施客製化專案培訓與支援，特別是分別執行「黃金計畫」與「提升國家競技實力之運動醫學暨科學輔助計畫」，組成訓練運動科學及運動醫學專業團隊，結合菁英選手各培訓隊之訓練需求，建構了後勤支援系統在訓練環境部分，國訓中心除已有符合國際規格場館外，也包括宿舍及餐廳升級，提供更優質膳宿及訓練環境，建構更完善生活空間及訓練環境在照顧方面，更提高了教練與選手待遇為配合防疫政策與競賽期程，除田徑及空手道隊外，其他代表隊都將在月日由松山機場搭乘包機前往日本東京也為距離選手村較遠羽球射擊及高爾夫項運動，在競賽場地附近租賃間飯店作為選手村外駐點，避免選手往返比賽場館與選手村間舟車勞頓而影響戰力我國參賽陣容非常堅強，黃金計畫菁英選手們，如舉重郭婞淳體操李智凱與唐嘉鴻空手道文姿云羽球戴資穎周天成及李洋與王齊麟拳擊林郁婷與陳念琴田徑鄭兆村等，還有許多指標性選手，也都在代表團陣中總統期勉選手在奧運期間發揮最佳狀態，也呼籲國人集氣為選手們加油，也預祝代表團旗開得勝，再次向國際展現競技實力，並將獎牌及榮耀帶回臺灣競技體操中華男團成隊選手李智凱唐嘉鴻游朝偉及蕭佑然，以及總教練林育信教練翁士航和教練鄭焜杰圖國訓中心提供完整新聞或短網址當，需提供短網址方便網友點擊?備註一個人三天只能張貼一則新聞，，，備註,中華隊東奧授旗戴資穎李智凱代表蔡英:例如，至少要有來源或如法新社謝孟儒>中華隊東奧授旗戴資穎李智凱代表蔡英文勉勵贈萬加菜金完整新聞內文社論特稿都不能貼，貼喔年月日羽球年終賽冠軍戴資穎圖提供謝孟儒第屆東京奧運將於月日至月日舉行，我國代表隊備戰已進
