﻿,title,predict
0,[問卦]歐美中國舉重同量級無法超越台灣郭婞淳？       ,neg
1,[新聞] 世錦賽》「舉重女神」郭婞淳挺舉、總和       ,pos
2,[爆卦] 郭婞淳2021舉重世錦賽挺舉&總和金牌      ,pos
3,[問卦] 郭婞淳國語也太不標準了吧？            ,neg
4,[問卦] 如果郭婞淳的故事拍電影讓瑤瑤演可以嗎？      ,pos
5,[新聞] 議員建議為舉重女神郭婞淳設「婞淳路」       ,pos
6,[問卦] 郭婞淳可以舉起幾c.c. 的機車         ,pos
7,[新聞] 多次模仿郭婞淳！男星錄影收「存證信函」      ,neg
8,Re: [問卦] 跟郭婞淳上教練課 一堂多少才合理     ,pos
9,Re: [問卦] 跟郭婞淳上教練課 一堂多少才合理.1   ,neg
10,[問卦] 跟郭婞淳上教練課 一堂多少才合理         ,pos
11,Re: [爆卦] 郭婞淳全運會金牌             ,pos
12,[爆卦] 郭婞淳全運會金牌                 ,neg
13,[新聞] 郭婞淳回輔大笑稱不習慣被稱老師          ,neg
14,[問卦] 郭婞淳是不是很興奮/緊張？            ,neg
15,[問卦] 如果館長跟郭婞淳開課，該選誰？          ,pos
16,[問卦] 想追郭婞淳需要什麼條件？             ,pos
17,[問卦] 郭婞淳今日中職新莊賽前開球（有影片）       ,pos
18,Re: [問卦] 郭婞淳、戴資穎選一個           ,pos
19,[問卦] 郭婞淳、戴資穎選一個               ,pos
20,Re: [新聞] 郭婞淳無緣連霸金牌？外媒爆：舉重、拳擊  ,neg
21,[新聞] 郭婞淳募款加碼善舉超暖心　獎金拿來做       ,pos
22,Re: [問卦] 一樣都是金牌，為何沒有郭婞淳悠遊卡    ,neg
23,[問卦] 一樣都是金牌，為何沒有郭婞淳悠遊卡        ,neg
24,[問卦] 郭婞淳會不會不小心玩壞健身環大冒險?       ,neg
25,[問卦] 郭婞淳和戴資穎要選誰？              ,pos
26,Re: [新聞] 郭婞淳無緣連霸金牌？外媒爆：舉重、拳擊.1,neg
27,Re: [新聞] 郭婞淳無緣連霸金牌？外媒爆：舉重、拳擊.2,neg
28,Re: [新聞] 郭婞淳無緣連霸金牌？外媒爆：舉重、拳擊.3,neg
29,[新聞] 郭婞淳無緣連霸金牌？外媒爆：舉重、拳擊      ,neg
30,[問卦] 郭婞淳長得像鷲見玲奈主播嗎？           ,neg
31,Re: [問卦] 郭婞淳拿銀牌也會被嘴這麼慘嗎？？？？   ,neg
32,Re: [問卦] 郭婞淳拿銀牌也會被嘴這麼慘嗎？？？？.1 ,neg
33,Re: [問卦] 郭婞淳拿銀牌也會被嘴這麼慘嗎？？？？.2 ,neg
34,[問卦] 郭婞淳拿銀牌也會被嘴這麼慘嗎？？？？       ,neg
35,Re: [問卦] 郭婞淳會怕練太壯嗎？（癸琖）       ,pos
36,[問卦] 郭婞淳會怕練太壯嗎？（癸琖）           ,pos
37,[新聞] 郭婞淳「為何沒幻象伴飛」？空軍曝悲傷1原因：那天是告別式,neg
38,Re: [問卦] 郭婞淳拿金牌為什麼沒有幻象        ,neg
39,Re: [問卦] 郭婞淳拿金牌為什麼沒有幻象.1      ,neg
40,"[問卦] 和郭婞淳相比,小戴才是贏面子又贏了裡子!     ",neg
41,Re: [問卦] 郭婞淳拿金牌為什麼沒有幻象.2      ,neg
42,Re: [問卦] 郭婞淳拿金牌為什麼沒有幻象.3      ,neg
43,Re: [問卦] 郭婞淳拿金牌為什麼沒有幻象.4      ,neg
44,[問卦] 郭婞淳拿金牌為什麼沒有幻象            ,neg
45,Re: [問卦] 半年後真的只記得戴資穎跟郭婞淳嗎     ,neg
46,[問卦] 半年後真的只記得戴資穎跟郭婞淳嗎         ,neg
47,Re: [問卦] 我們的郭婞淳為什麼沒有幻象2000伴飛? ,neg
48,[問卦] 我們的郭婞淳為什麼沒有幻象2000伴飛?     ,neg
49,[問卦] 郭婞淳被高國慶抱                 ,neg
50,[新聞] 看好郭婞淳、潘政琮 富邦金控6年前就贊助     ,pos
51,Re: [新聞] 原住民族日 舉重金牌郭婞淳號召「正名」  ,neg
52,Re: [新聞] 原住民族日 舉重金牌郭婞淳號召「正名」.1,neg
53,[新聞] 想跟郭婞淳穿同款　中華隊服太夯遭仿冒       ,neg
54,Re: [新聞] 中華隊／金牌歸國 郭婞淳落淚：(發2000P),neg
55,Re: [新聞] 中華隊／金牌歸國 郭婞淳落淚：(發2000P).1,neg
56,[新聞] 中華隊／金牌歸國 郭婞淳落淚：(發2000P)  ,pos
57,[新聞] 郭婞淳奪金范瑋琪嗨爆「台灣NO.1」中國網    ,pos
58,[問卦] 郭婞淳這種個性的女生數量多嗎？          ,pos
59,[問卦] 莊智淵，郭婞淳，戴資穎為何不刺青？        ,neg
60,[新聞] 比賽時在想什麼？郭婞淳曝「鈴木一朗金句      ,neg
61,Re: [問卦] 當年同意東奧正名看到郭婞淳奪金在想啥？  ,neg
62,Re: [問卦] 當年同意東奧正名看到郭婞淳奪金在想啥？.1,neg
63,Re: [問卦] 當年同意東奧正名看到郭婞淳奪金在想啥？.2,neg
64,Re: [問卦] 當年同意東奧正名看到郭婞淳奪金在想啥？.3,neg
65,Re: [問卦] 當年同意東奧正名看到郭婞淳奪金在想    ,neg
66,Re: [問卦] 當年同意東奧正名看到郭婞淳奪金在想啥？.4,neg
67,[問卦] 當年同意東奧正名看到郭婞淳奪金在想啥？      ,pos
68,Re: [問卦] 郭婞淳事件 現實社會的看法？       ,neg
69,[問卦] 說真的，現在練舉重可以追到郭婞淳嗎?       ,neg
70,[問卦] 郭婞淳打的贏羅禮士嗎               ,neg
71,[問卦] 郭婞淳可以拿雙金嗎？               ,pos
72,[新聞] 郭婞淳曾因一句話慘遭1450出征 她怒問：正名過了還有金牌嗎?,neg
73,Re: [問卦] 郭婞淳事件 現實社會的看法？.1     ,neg
74,[新聞] 祝賀郭婞淳出包 吳思瑤不想再出糗         ,neg
75,Re: [新聞] 韓國瑜開心Po文分享｢郭婞淳東奧奪金照｣ ,pos
76,Re: [新聞] 韓國瑜開心Po文分享｢郭婞淳東奧奪金   ,pos
77,[問卦] 郭婞淳沒有被騷擾，那003有沒有被家暴      ,neg
78,[新聞] 韓國瑜開心Po文分享｢郭婞淳東奧奪金照｣     ,pos
79,[問卦] 郭婞淳是不是肌肉版的高橋愛？           ,neg
80,Re: [新聞] 郭婞淳昔憂東奧正名無法出賽遭1450出征 ,neg
81,Re: [問卦] 郭婞淳事件 現實社會的看法？.2     ,neg
82,[問卦] 要怎麼追郭婞淳?                 ,neg
83,Re: [問卦] 4%為何要攻擊郭婞淳的教練？       ,neg
84,Re: [新聞] 郭婞淳昔憂東奧正名無法出賽遭1450出征.1,neg
85,Re: [問卦] 喂 郭婞淳被教練擁抱時 應該要甚麼表情才可以?,pos
86,[問卦] 郭婞淳是好的交往對象嗎？             ,pos
87,[問卦] 有沒有找不到高清郭婞淳頒獎典禮的八卦？      ,pos
88,[新聞] 奧運金牌郭婞淳 竟遭網軍出征           ,neg
89,[問卦] 郭婞淳聽到國旗歌為什麼沒行舉手禮         ,neg
90,[新聞] 郭婞淳奪金 男星「曬照神複製」致敬…演      ,pos
91,[問卦] 郭婞淳現在在想什麼                ,pos
92,Re: [新聞] 郭婞淳昔憂東奧正名無法出賽遭1450出征.2,neg
93,Re: [問卦] 郭婞淳事件 現實社會的看法？.3     ,neg
94,[問卦] 4%為何要攻擊郭婞淳的教練？           ,neg
95,[新聞] 柯宇綸截2圖質疑「郭婞淳教練擁抱舉動」      ,neg
96,[新聞] 郭婞淳昔憂東奧正名無法出賽遭1450出征     ,neg
97,[問卦] 喂 郭婞淳被教練擁抱時 應該要甚麼表情才可以?  ,pos
98,[新聞] 把郭婞淳寫成陳玟卉挨轟 吳思瑤落淚致歉      ,neg
99,Re: [問卦] 郭婞淳事件 現實社會的看法？.4     ,neg
