﻿,title,predict
0,[新聞] 李智凱秀妻子送他26歲生日豪禮：要當爸      ,pos
1,[新聞]台灣首位世界第1！ 「鞍馬王子」李智凱：      ,neg
2,[新聞] 李智凱登鞍馬世界第1　恩師林育信報喜：      ,pos
3,[問卦]台灣李智凱奧運體操為什麼能贏歐美中國？       ,neg
4,[問卦] 李智凱敢挑戰街健嗎？               ,neg
5,[問卦] 李智凱 沒拍過武打片?              ,neg
6,Re: [問卦]中國體操鞍馬培養不出台灣李智凱等級選手   ,neg
7,Re: [問卦]中國體操鞍馬培養不出台灣李智凱等級選手.1 ,neg
8,[問卦]中國體操鞍馬培養不出台灣李智凱等級選手       ,neg
9,Re: [新聞] 李智凱完美落地摘銀　謝長廷：謝謝他實現  ,pos
10,Re: [新聞] 李智凱「完美落地」摘銀！彭于晏第一時間  ,pos
11,[新聞] 李智凱「完美落地」摘銀！彭于晏第一時間      ,pos
12,Re: [新聞] 李智凱完美落地摘銀　謝長廷：謝謝他實現.1,pos
13,[問卦] 李智凱國中都有交功課               ,pos
14,[新聞] 李智凱完美落地摘銀　謝長廷：謝謝他實現      ,pos
15,Re: [問卦] 李智凱苦練體操19年 你苦練了什麼？   ,pos
16,[問卦] 李智凱苦練體操19年 你苦練了什麼？       ,pos
17,"[問卦] 小戴,李智凱對羽球,鞍馬貢獻都是開創性吧     ",pos
18,[問卦] 智智老公指的是李智凱嗎              ,pos
19,[新聞] 李智凱鞍馬摘銀 蔡英文、賴清德讚完美落      ,pos
20,[新聞] 中華隊／蔡英文：李智凱翻滾那45秒 全台     ,neg
21,[新聞] 李智凱奪銀感動落淚：用小小力量讓世界看見台灣，我已無遺憾,pos
22,[新聞] 李智凱戰勝心魔奪銀！成功拿出壓箱寶        ,pos
23,Re: [爆卦] 李智凱銀牌                ,neg
24,[新聞] 完美落地！李智凱鞍馬奪銀牌　台灣體操史上第1人  ,pos
25,[問卦] 李智凱是用胸做鞍馬動作嗎?            ,pos
26,[問卦] 艾迪彭會發文祝賀李智凱嗎？            ,pos
27,[爆卦] 李智凱鞍馬 勇奪銀牌               ,pos
28,[爆卦] 李智凱銀牌                    ,neg
29,[爆卦] 鞍馬決賽李智凱15.400分           ,neg
30,[問卦] 聽說李智凱等等有一招秘密武器           ,pos
31,[新聞] 不愧是奪金希望！李智凱以鞍馬資格賽第1      ,pos
32,[新聞] 中華隊東奧授旗戴資穎、李智凱代表　蔡英      ,pos
