﻿,title,predict
0,[新聞]  「小林同學」林昀儒驚傳確診 陳時中:可     ,pos
1,Re: [新聞] 快訊／「小林同學」林昀儒驚傳確診　返   ,neg
2,[新聞] 快訊／「小林同學」林昀儒驚傳確診　返       ,neg
3,[新聞] 中國玻璃心碎!林昀儒鄭怡靜奪冠國旗風波      ,neg
4,[新聞] 5局大戰險勝 馬龍讚林昀儒：世界最好運動     ,pos
5,Re: [新聞] 馬龍：林昀儒是世上最好的選手       ,pos
6,Re: [爆卦] 林昀儒五局惜敗馬龍！鍋貼吃起來QQ    ,neg
7,[爆卦] 林昀儒五局惜敗馬龍！鍋貼吃起來QQ        ,neg
8,Re: [新聞] 快訊／林昀儒、鄭怡靜WTT大滿貫混雙   ,pos
9,[新聞] 快訊／林昀儒、鄭怡靜WTT大滿貫混雙「銀     ,pos
10,[爆卦] 林昀儒/鄭怡靜WTT混雙冠軍戰vs中國妖怪    ,pos
11,[問卦] 林昀儒有很強嗎?                 ,pos
12,[新聞] 進決賽了！黃金搭檔林昀儒、鄭怡靜扳倒法      ,neg
13,[新聞] 林昀儒鄭怡靜晉級WTT大滿貫賽4強 直落3    ,pos
14,[新聞] 黃金混雙林昀儒／鄭怡靜直落三新加坡　WT     ,pos
15,[新聞] 林昀儒只花24分鐘晉級大滿貫32強　時隔3    ,pos
16,[問卦] 林昀儒與黃郁婷                  ,neg
17,[問卦] 林昀儒T2鑽石奪冠有多神？            ,pos
18,[新聞] 比林昀儒還要狂！郭冠宏13歲當選成人國手     ,neg
19,[名言] 恭喜林昀儒 「蘇怡靜」獲得桌球混雙銅牌      ,pos
20,[問卦]台灣林昀儒鄭怡靜桌球世界排名第2贏中國       ,pos
21,[新聞] 林昀儒世桌賽男單止步32強　苦戰7局不敵     ,neg
22,[問卦] 今天林昀儒世錦賽贏球，FB怎都沒人PO?     ,neg
23,[問卦] 為什麼林昀儒代表台北市比賽？           ,pos
24,[新聞] 林昀儒靠獎金賺錢「背後高人」指導 爸爸      ,pos
25,[新聞] 林昀儒靠獎金賺錢「背後高人」指導　爸       ,pos
26,[問卦] 林昀儒的GQ宣傳照                ,neg
27,[新聞] 莊智淵強勢擊敗林昀儒 高雄市桌球奪金       ,pos
28,Re: [問卦] 林昀儒多益破700分  是什麼水平？   ,pos
29,Re: [問卦] 林昀儒多益破700分  是什麼水平？.1 ,pos
30,[問卦] 林昀儒今日中職新莊開球              ,pos
31,[問卦] 是不是要請林昀儒加入八卦板？           ,pos
32,[問卦] 林昀儒是不是滿足很多手控             ,pos
33,[問卦] 有沒有林昀儒20歲生日的八卦?(發錢)      ,pos
34,[問卦] 林昀儒是不是唸三年二班？             ,neg
35,Re: [問卦] 當林昀儒還是江宏傑哪個比較爽?      ,pos
36,[問卦] 當林昀儒還是江宏傑哪個比較爽?          ,pos
37,[新聞] 林昀儒獲宜縣60萬獎勵金全捐！林父：回饋     ,neg
38,Re: [新聞] 林昀儒登東奧閉幕片 中國桌球4金「沒畫  ,neg
39,Re: [新聞] 林昀儒登東奧閉幕片 中國桌球4金「沒畫.1,neg
40,[新聞] 林昀儒登東奧閉幕片 中國桌球4金「沒畫      ,neg
41,Re: [新聞] 林昀儒2年前3:0擊敗江宏傑！「金牌戰」 ,neg
42,[新聞] 林昀儒2年前3:0擊敗江宏傑！「金牌戰」     ,neg
43,Re: [問卦] 神奇演算法帶到莊智淵vs林昀儒的卦    ,neg
44,[問卦] 神奇演算法帶到莊智淵vs林昀儒的卦        ,pos
45,Re: [新聞] 中華隊／林昀儒鄭怡靜東奧奪銅返台 莊智  ,pos
46,[新聞] 中華隊／林昀儒鄭怡靜東奧奪銅返台 莊智      ,pos
47,[問卦] 林昀儒今年大專盃的對手在想甚麼的八卦?      ,pos
48,[問卦] 有粉專留言想檢查林昀儒10歲時的身體       ,pos
49,[問卦] 林昀儒+張本智和+奧恰洛夫打得贏中國嗎？     ,pos
50,Re: [爆卦] 林昀儒 IG  感謝蔣澎龍教練      ,pos
51,Re: [爆卦] 林昀儒 IG  感謝蔣澎龍教練.1    ,neg
52,Re: [爆卦] 林昀儒 IG  感謝蔣澎龍教練.2    ,neg
53,[爆卦] 林昀儒 IG  感謝蔣澎龍教練          ,pos
54,[問卦] 11天打11場比賽，林昀儒是不是很猛？      ,neg
55,[爆卦] Ovtcharov也太愛林昀儒了！！！      ,neg
56,Re: [問卦] 林昀儒484應該找館長做體能訓練？    ,neg
57,[問卦] 林昀儒484應該找館長做體能訓練？        ,pos
58,[爆卦] 林昀儒又贏啦!                  ,neg
59,Re: [問卦] 林昀儒多益破700分  是什麼水平？.2 ,pos
60,Re: [爆卦] 林昀儒復仇啦               ,neg
61,Re: [爆卦] 林昀儒復仇啦.1             ,neg
62,Re: [爆卦] 林昀儒復仇啦.2             ,neg
63,Re: [爆卦] 林昀儒復仇啦.3             ,neg
64,Re: [爆卦] 林昀儒復仇啦.4             ,neg
65,[爆卦] 林昀儒復仇啦                   ,neg
66,[問卦] 14:00該看林昀儒，還是齁齁齁？        ,neg
67,Re: [問卦] 林昀儒多益破700分  是什麼水平？.3 ,pos
68,Re: [問卦] 林昀儒多益破700分  是什麼水平？.4 ,pos
69,Re: [問卦] 林昀儒多益破700分  是什麼水平？.5 ,pos
70,Re: [問卦] 林昀儒多益破700分  是什麼水平？.6 ,pos
71,Re: [問卦] 林昀儒多益破700分  是什麼水平？.7 ,pos
72,Re: [問卦] 林昀儒多益破700分  是什麼水平？.8 ,pos
73,Re: [問卦] 林昀儒多益破700分  是什麼水平？.9 ,pos
74,[問卦] 林昀儒多益破700分  是什麼水平？       ,pos
75,[新聞] 林昀儒母親今校長退休 伊藤家的電鍋是關鍵     ,pos
76,[問卦] ptt帶風向林昀儒不是台灣培育的出來跪      ,neg
77,[問卦] 中國桌壇年紀，實力跟林昀儒類似的很多嗎      ,pos
78,Re: [問卦]大陸桌球水平是靠林昀儒培養出來的 ???  ,pos
79,[問卦]大陸桌球水平是靠林昀儒培養出來的 ???      ,pos
80,[問卦] 林昀儒看到Vettel得到P2在想什麼?     ,pos
81,[新聞] 教練喊暫停成林昀儒輸球轉捩點？內行解密      ,neg
82,Re: [問卦]看看麟洋和小戴的教練 林昀儒是不是輸得冤  ,neg
83,[問卦] 莊智淵和林昀儒同場？               ,pos
84,Re: [問卦]看看麟洋和小戴的教練 林昀儒是不是輸得冤.1,neg
85,[問卦]看看麟洋和小戴的教練 林昀儒是不是輸得冤      ,neg
86,[問卦] 林昀儒代言阿斯頓馬丁有搞頭嗎           ,pos
87,Re: [新聞] 台北知名餐廳稱「林昀儒青春豆花臉」    ,neg
88,[新聞] 又來？糗賀「林昀儒奪銅」 綠委張廖萬堅      ,neg
89,Re: [問卦] 怎麼洗才能洗成林昀儒家族這麼猛?     ,neg
90,Re: [新聞] 林昀儒惜敗日媒點評最大關鍵 他賽後自責  ,neg
91,Re: [問卦] 怎麼洗才能洗成林昀儒家族這麼猛?.1   ,neg
92,Re: [問卦] 怎麼洗才能洗成林昀儒家族這麼猛?.2   ,neg
93,[新聞] 蔡英文大讚林昀儒　「小林同學真的打出我      ,neg
94,[爆卦] 張廖萬堅恭賀林昀儒奪銅!!            ,neg
95,[新聞] 新星林昀儒嘉義建商已贊助2年多 「打多久     ,neg
96,[新聞] 林昀儒惜敗日媒點評最大關鍵 他賽後自責      ,neg
97,Re: [問卦] 酸民害林昀儒沒拿到銅牌，好意思？     ,neg
98,Re: [問卦] 林昀儒484有贏牌恐俱的心理啊?     ,neg
99,Re: [問卦] 酸民害林昀儒沒拿到銅牌，好意思？.1   ,neg
