﻿,title,predict
0,Re: [爆卦] 戴資穎 復仇成功 泰國公開賽 金牌！   ,neg
1,Re: [爆卦] 戴資穎 復仇成功 泰國公開賽 金牌！.1 ,neg
2,Re: [爆卦] 戴資穎 拿下泰國公開賽冠軍        ,pos
3,[爆卦] 戴資穎 復仇成功 泰國公開賽 金牌！       ,pos
4,[爆卦] 戴資穎                      ,neg
5,[爆卦] 戴資穎冠軍                    ,pos
6,[爆卦] 戴資穎 拿下泰國公開賽冠軍            ,pos
7,[爆卦] LIVE-泰國公開賽金牌戰-戴資穎 VS 陳雨菲 ,pos
8,[新聞]戴資穎再勝好友伊瑟儂　明決賽找東奧金牌       ,pos
9,Re: [新聞] 戴資穎搭經濟艙！賴清德道歉：代表國家   ,neg
10,[新聞] 今晚碰戴資穎領軍中華隊 中國臥槽姐:先      ,neg
11,[問卦] 戴資穎不洗積分了？                ,neg
12,[問卦] 戴資穎是最爽銀牌嗎                ,pos
13,[新聞] 戴資穎還有另項第一！ 碩士論文2021年     ,pos
14,[問卦] 戴資穎和曾雅妮誰的球后含金量比較高？       ,pos
15,Re: [新聞] 全英羽賽／遭天才少女安洗瑩擊退 戴資穎  ,neg
16,[問卦] 欸別酸！戴資穎多久沒拿冠軍了？          ,neg
17,Re: [問卦] 戴資穎當初放棄世錦賽 打世大運虐菜 算錯 ,neg
18,[問卦] 戴資穎當初放棄世錦賽 打世大運虐菜 失算?    ,neg
19,Re: [新聞] 全英羽賽／遭天才少女安洗瑩擊退 戴資穎.1,neg
20,[新聞] 全英羽賽／遭天才少女安洗瑩擊退 戴資穎      ,pos
21,[爆卦] 戴資穎 全英公開賽止步四強            ,pos
22,Re: [新聞] 戴資穎惜遭日本直落二無緣德國賽8強　接  ,neg
23,Re: [問卦] 有像戴資穎這種沒什麼大賽金牌的選手嗎？  ,neg
24,[問卦] 有像戴資穎這種沒什麼大賽金牌的選手嗎？      ,neg
25,[新聞] 快訊／戴資穎直落二擊敗上屆冠軍奧原希望      ,pos
26,[問卦] 戴資穎是惹到誰 為何要酸她？           ,neg
27,[新聞] 戴資穎惜遭日本直落二無緣德國賽8強　接      ,pos
28,[新聞] 外媒讚戴資穎是全英賽最偉大女單冠軍！       ,neg
29,Re: [新聞] 惡搞無人機！台灣燈會「戴資穎跳殺」崩壞  ,neg
30,Re: [新聞] 惡搞無人機！台灣燈會「戴資穎跳殺」崩壞.1,neg
31,[新聞] 惡搞無人機！台灣燈會「戴資穎跳殺」崩壞      ,neg
32,[新聞] 全英賽》戴資穎榮膺女單頭號種子 首輪對      ,pos
33,[問卦] 戴資穎跟陳雨菲吃飯之後會處分嗎          ,neg
34,[問卦] 戴資穎是羽球界的費德勒嗎?            ,pos
35,[問卦] 幹！無人機燈會排出戴資穎的圖像          ,neg
36,[問卦] 台灣人就要支持戴資穎的卦?            ,neg
37,[新聞] 羽球／台灣的驕傲！戴資穎世界球后200週     ,neg
38,[新聞] 快訊／小戴就是狂！戴資穎球后達到200週     ,neg
39,[新聞] 戴資穎世錦賽奪銀 蔡總統讚讓世界看見台灣     ,pos
40,[新聞] 恭喜戴資穎 蔡英文：睽違10年後的世錦賽     ,pos
41,Re: [新聞] 羽球世錦賽》戴資穎苦戰兩局不敵山口茜   ,neg
42,[新聞] 戴資穎世錦賽奪銀 陳其邁：等你回家        ,pos
43,[問卦] 戴資穎是不是訓練量不足才會輸           ,neg
44,Re: [新聞] 羽球世錦賽》戴資穎苦戰兩局不敵山口    ,neg
45,[新聞] 羽球世錦賽》戴資穎苦戰兩局不敵山口茜       ,neg
46,Re: [問卦] 戴資穎只有亞軍的命吧 萬年亞軍ㄏㄏ    ,neg
47,[爆卦]LIVE 戴資穎 2021世界羽球錦標賽 金牌戰！ ,neg
48,[問卦] 戴資穎穩了吧                   ,pos
49,[爆卦] 戴資穎晉級決賽                  ,pos
50,[問卦] 戴資穎的廣告越來越多               ,neg
51,[新聞] 戴資穎奪最佳女運動員！「搶贏陳雨菲」小      ,pos
52,[新聞] 羽球／我國史上首位 戴資穎獲BWF最佳      ,pos
53,[問卦] 當今台灣第一女藝人是戴資穎？           ,neg
54,[新聞] 戴資穎穿圍裙下廚首秀變出5菜1湯 最愛吃     ,pos
55,[新聞] 暌違4個月再出戰！戴資穎力拚世錦賽破8強     ,pos
56,[問卦] 戴資穎代言照片?                 ,pos
57,[新聞] 羽球／「心中最強前三女單」 陳雨菲秒答：戴資穎  ,pos
58,[新聞] 戴資穎揮拍點燃2萬發國慶煙火！          ,neg
59,[新聞] 羽球》青春揚溢少女風 戴資穎時尚美照大      ,pos
60,[問卦] 魷魚遊戲的卡司 是不是有戴資穎          ,neg
61,[新聞] 戴資穎為高雄券拍廣告代言 劇照搶先曝光      ,pos
62,[問卦] 為啥戴資穎不直接點鍋燒冬粉就好==？       ,neg
63,[新聞] 再談奧運銀牌「其實滿美的」 戴資穎見陳      ,neg
64,[新聞] 戴資穎為台灣放棄世界第一大支感動「難怪      ,neg
65,[新聞] 戴資穎終於看了銀牌好幾眼：其實不錯看       ,pos
66,Re: [問卦] 郭婞淳、戴資穎選一個           ,pos
67,[問卦] 郭婞淳、戴資穎選一個               ,pos
68,[新聞] 超狂神技！戴資穎1球打滅5燭火          ,neg
69,[問卦] 我想到戴資穎拿金牌的辦法了            ,pos
70,[問卦] 戴資穎隔離期間會看全明星運動會嗎？        ,pos
71,[新聞] 殘念！看不到戴資穎、「麟洋配」在自家       ,neg
72,[問卦] 戴資穎今年煞氣是不是特別重            ,neg
73,[問卦] 男雙金牌麟洋配打不過女單銀牌戴資穎?       ,neg
74,Re: [新聞] 網謠傳「曾資助戴資穎打桌球」　韓國瑜   ,neg
75,[新聞] 網謠傳「曾資助戴資穎打桌球」　韓國瑜       ,neg
76,[新聞] TTY商標早註冊 戴資穎高雄開個人品牌概念    ,pos
77,[新聞] 戴資穎決賽後臉書貼文136萬個讚 全球運動員之最 ,neg
78,[問卦] 郭婞淳和戴資穎要選誰？              ,pos
79,[問卦] 戴資穎如果轉籍會創造巔峰嗎？           ,pos
80,[問卦] 戴資穎的EQ是不是略輸小馮？           ,pos
81,[問卦] 戴資穎的運動員高度是不是不太夠啊？        ,pos
82,Re: [問卦] 戴資穎拿銀牌是實至名歸吧？        ,pos
83,[問卦] 鄉民女神滴妹：戴資穎買飲料 終身免費       ,neg
84,[問卦] 戴資穎是不是有點玻璃啊？             ,neg
85,[新聞] 轉播戴資穎金牌戰被譙太吵！丁元凱隔2天      ,neg
86,[問卦] 陳雨菲、戴資穎只是幸運而已吧!!         ,neg
87,[新聞] 東奧／蔡英文送餐藏玄機　戴資穎感動        ,pos
88,[問卦] 請問小戴-戴資穎下次遇到陳雨霏打得贏嗎?     ,pos
89,Re: [問卦] 戴資穎 文姿云 選誰當女友        ,neg
90,[問卦] 戴資穎當時羽球有多強？              ,pos
91,[問卦] 戴資穎 文姿云 選誰當女友            ,pos
92,Re: [問卦] 戴資穎站在李洋王齊麟中間在想甚麼= =  ,neg
93,[問卦] 戴資穎站在李洋王齊麟中間在想甚麼= =      ,neg
94,[問卦] 戴資穎拿銀牌是實至名歸吧？            ,pos
95,[新聞] 陳其邁暖迎戴資穎「讓她吃好、睡好」　小      ,pos
96,Re: [問卦] 戴資穎受訪的時候要問他什麼        ,neg
97,[新聞] 戴資穎深夜罕見動怒！被批沒奪金NG失誤      ,neg
98,Re: [新聞] 戴資穎返台罕見說重話！回文「站在場上   ,neg
99,[新聞] 幻象伴飛戴資穎、麟洋配　蔡壁如發文誤       ,neg
