﻿,title,predict
0,[問卦] 楊勇緯極限在哪剛剛又奪滿貫賽金牌了        ,pos
1,[新聞] 楊勇緯任家扶愛心大使 籲百元捐助弱勢兒少圓夢   ,pos
2,[問卦] 楊勇緯可以打幾個瑪莎惡少             ,neg
3,[新聞] 楊勇緯1比0擊敗俄羅斯選手 阿布達比柔道     ,pos
4,[新聞] 阿布達比大滿貫賽楊勇緯奪生涯首金　穩       ,pos
5,[新聞] 楊勇緯登上世界第一 柔道男神夢想達陣       ,pos
6,[問卦] 董哥被楊勇緯 摔的這一刻在想啥 卦        ,neg
7,Re: [問卦] 楊勇緯 vs 李洋（矮帥 vs 高普）怎麼選,pos
8,[問卦] 楊勇緯 vs 李洋（矮帥 vs 高普）怎麼選   ,pos
9,[爆卦] 楊勇緯：謝謝台中市政府              ,pos
10,[問卦] 身高沒有175是半殘 那楊勇緯怎麼辦？      ,neg
11,[新聞] 台中人同名楊勇緯　五星Buffet免費吃到飽   ,pos
12,[新聞] 楊勇緯帥氣林真豪可愛 許維恩想簽演藝經      ,pos
13,[問卦] 羅嘉翎和楊勇緯「最萌身高差」的八卦?       ,neg
14,[新聞] 柔道／中市宣布提高奧運獎金 楊勇緯摘銀9     ,pos
15,[新聞] 東奧》盧秀燕東奧獎金加碼 楊勇緯奪銀牌      ,pos
16,Re: [新聞] 楊勇緯疑女友遭肉搜「高攀不起」！心碎發  ,neg
17,Re: [新聞] 楊勇緯疑女友遭肉搜「高攀不起」！心碎發.1,neg
18,Re: [新聞] 楊勇緯疑女友遭肉搜「高攀不起」！心碎發.2,neg
19,Re: [新聞] 楊勇緯疑女友遭肉搜「高攀不起」！心碎發.3,neg
20,Re: [新聞] 楊勇緯疑女友遭肉搜「高攀不起」！心碎發.4,neg
21,[新聞] 楊勇緯疑女友遭肉搜「高攀不起」！心碎發      ,neg
22,Re: [問卦] 女權有尊重過楊勇緯跟麟洋嗎？       ,neg
23,Re: [問卦] 女權有尊重過楊勇緯跟麟洋嗎？.1     ,neg
24,Re: [問卦] 女權有尊重過楊勇緯跟麟洋嗎？.2     ,neg
25,[問卦] 女權有尊重過楊勇緯跟麟洋嗎？           ,neg
26,[問卦] 楊勇緯是日本培訓出來的嗎?            ,pos
27,[新聞] 楊勇緯國中就上《大集合》 靠爆發力「飛      ,neg
28,[新聞] 東奧國手回來了！ 楊勇緯與羅嘉翎成焦點      ,pos
29,[問卦] 楊勇緯把直男掰彎的機率有多高           ,neg
30,[新聞] 楊勇緯熱情揮手「下秒撞紅龍」！鬆口吐       ,neg
31,[新聞] 楊勇緯抖音嫩片被挖出 超醜鬼臉網照買單      ,neg
32,[問卦] 楊勇緯王冠閎林昀儒要選誰             ,neg
33,[問卦] 楊勇緯和王冠閎誰比較帥？             ,pos
34,[新聞] 楊勇緯無懸念成新一代國民男神！男網友       ,neg
35,[問卦] 楊勇緯沒交過女朋友甲甲是不是有機會了       ,neg
36,[問卦] 想看王冠閎教楊勇緯游泳請推文           ,pos
37,Re: [新聞] 楊勇緯「沒有女朋友」哥親證實！單身原因  ,neg
38,[新聞] 楊勇緯「沒有女朋友」哥親證實！單身原因      ,neg
39,[問卦] 楊勇緯與羅嘉翎速配嗎？              ,pos
40,[問卦] 寢技要怎麼練才能跟楊勇緯一樣強？         ,pos
41,[新聞] 楊勇緯高中參賽《綜藝大集合》帥樣曝光       ,pos
42,Re: [新聞] 楊勇緯東奧首奪銀牌 謝志偉嘆：斯斯有兩  ,neg
43,"[問卦] 豆導會怎麼拍""楊勇緯傳記""            ",neg
44,[問卦] 楊勇緯落敗原因出爐  遭指導：無戰意       ,neg
45,Re: [新聞] 謝長廷點出楊勇緯「落敗原因」：裁判很   ,neg
46,[問卦] 楊勇緯跟館長單挑 誰贏              ,pos
47,[問卦] 慟！楊勇緯高中時沒交過女朋友！          ,neg
48,[新聞] 奧運柔道銀牌楊勇緯感言：我很幸運也很幸      ,pos
49,Re: [新聞] 謝長廷點出楊勇緯「落敗原因」：裁判很.1 ,neg
50,[新聞] 謝長廷點出楊勇緯「落敗原因」：裁判很       ,neg
51,[問卦] 楊勇緯在飛機上遇到詹家姐妹要說什麼？       ,neg
52,[新聞] 全國狂賀！蘇貞昌感謝「柔道男神」楊勇緯      ,pos
53,[新聞] 富邦集團祭助威金「柔道男神」楊勇緯5萬      ,pos
54,[問卦] 楊勇緯是新一代甲甲天菜嗎？            ,pos
55,[問卦] 楊勇緯塊陶阿!你屁眼已經被甲甲盯上了!      ,neg
56,Re: [新聞] 東奧》楊勇緯奪銀他家窄巷有福了 台    ,pos
57,[新聞] 柔道型男楊勇緯奧運奪銀！「台湾の選手」登日本推特熱議,pos
58,[新聞] 東奧》楊勇緯奪銀他家窄巷有福了 台中市      ,pos
59,[新聞] 東奧銀牌楊勇緯自拍謝國人 型男高中未交      ,pos
60,[問卦] 楊勇緯打得過力王嗎？               ,pos
61,[問卦] 老人說楊勇緯生對時代才能拿牌怎麼反駁？      ,neg
62,[新聞] 楊勇緯東奧奪銀  母親：讓世界看到台灣柔道成績  ,pos
63,Re: [新聞] 蔡英文挺台灣隊：大家辛苦了！釣楊勇緯「  ,neg
64,Re: [新聞] 蔡英文挺台灣隊：大家辛苦了！釣楊勇緯「.1,neg
65,Re: [問卦] 楊勇緯有什麼霸氣綽號           ,neg
66,[問卦] 楊勇緯有什麼霸氣綽號               ,neg
67,[問卦] 楊勇緯，是不是超勇的....???        ,pos
68,Re: [新聞] 蔡英文挺台灣隊：大家辛苦了！釣楊勇緯「.2,neg
69,[問卦] 楊勇緯那種貨色健身房一堆吧？           ,neg
70,Re: [問卦] 楊宗緯打得贏楊勇緯嗎           ,pos
71,[問卦] 楊宗緯打得贏楊勇緯嗎               ,pos
72,[新聞] 蔡英文挺台灣隊：大家辛苦了！釣楊勇緯「      ,neg
73,[問卦] 館長打得贏楊勇緯嗎？               ,pos
74,[問卦]中國柔道培養不出一個台灣楊勇緯等級選手       ,neg
75,Re: [新聞] 柔道男神楊勇緯吸睛　日本女網友暴動    ,neg
76,[問卦] 初音會喜歡楊勇緯嗎==？             ,pos
77,[問卦] 楊勇緯是處男的機率有多高?            ,pos
78,[問卦] 楊勇緯吸獎牌的動作484傑出的一手        ,neg
79,[新聞] 贏楊勇緯 高藤：未豪快勝出但這就是我的      ,pos
80,[問卦]福原愛會怎麼看櫻花妹迷戀楊勇緯的現象        ,neg
81,[問卦] 有日女想嫁給楊勇緯 大家會支持嗎？        ,pos
82,[問卦] 楊勇緯會成為新一代體壇男寵兒嗎?         ,pos
83,[新聞] 與哥哥通話忍不住落淚　楊勇緯遺憾但開心      ,pos
84,Re: [問卦] 楊勇緯有沒有考慮去打UFC?       ,neg
85,[新聞] 擊敗楊勇緯的高藤直壽竟已是爸爸級 奪金      ,pos
86,Re: [問卦] 楊勇緯身高167 會被台女嫌矮嗎？    ,neg
87,[問卦] 楊勇緯回來是坐經濟艙嗎？             ,pos
88,[新聞] 蔡英文致電賀楊勇緯東奧奪銀創歷史「等你      ,neg
89,[問卦] 楊勇緯有沒有考慮去打UFC?           ,neg
90,[問卦] 楊勇緯搭商務艙有機會得金牌嗎？          ,pos
91,[問卦] 楊勇緯上瓜哥綜藝大集合會發生什麼事？       ,neg
92,[問卦]  楊勇緯是新民高中之光嗎？            ,pos
93,Re: [新聞] 柔道男神楊勇緯吸睛　日本女網友暴動.1  ,neg
94,Re: [新聞] 全國狂賀！蘇貞昌感謝「柔道男神」楊勇緯  ,neg
95,[問卦] 楊勇緯身高167 會被台女嫌矮嗎？        ,neg
96,[問卦] 台中柔道館vs楊勇緯               ,pos
97,[新聞] 楊勇緯奪台灣第一面獎牌　蔡英文恭賀：       ,pos
98,[問卦] 高藤直壽幹嘛把楊勇緯的手手舉起來？        ,neg
99,[新聞] 「讓世界看見台灣柔道」楊勇緯：我要的       ,pos
