﻿,index,Title,Anger,Anticipation,Disgust,Fear,Joy,Sadness,Surprise,Trust
0,20,全英羽賽遭天才少女安洗瑩擊退戴資穎聯合劉肇育全英羽賽遭天才少女安洗瑩擊退戴資穎無緣第冠完整新聞內文我國世界球后戴資穎今天在全英公開賽女單強遭遇南韓天才少女安洗瑩在兩局賽事中安洗瑩都展現十足防守韌性讓戴資穎難以突破最終安洗瑩就以勝出,0.2625,0.0963,0.3885,0.0207,0.8931,0.99,0.7907,0.8624
1,21,全英羽賽遭天才少女安洗瑩擊退戴資穎聯合劉肇育全英羽賽遭天才少女安洗瑩擊退戴資穎無緣第冠完整新聞內文我國世界球后戴資穎今天在全英公開賽女單強遭遇南韓天才少女安洗瑩在兩局賽事中安洗瑩都展現十足防守韌性讓戴資穎難以突破最終安洗瑩就以勝出,0.2625,0.0963,0.3885,0.0207,0.8931,0.99,0.7907,0.8624
2,22,戴資穎全英公開賽止步四強戴資穎今天在全英公開賽四強面對歲韓國選手安洗瑩最終以直落二不敵對手無緣冠軍戰,5.7589,5.3598,5.9149,5.3518,0.2831,0.3123,0.5409,0.582
3,23,戴資穎惜遭日本直落二無緣德國賽強接德國羽球公開賽總獎金萬美元英國羽球公開賽總獎金萬美元難怪一堆名將德國賽趕快輸一輸原來是保存實力拼英國賽引述之銘言謝孟儒戴資穎惜遭日本直落二無緣德國賽強接著拼下週全英公開賽完整新聞內文戴資穎圖提供世界球后戴資,0.0,0.0,0.0,0.0,0.0,0.0,0.0,0.0
4,24,有像戴資穎這種沒什麼大賽金牌的選手嗎我想到一個張德培張德培生涯其實大滿貫沒拿幾個不不是沒幾個是只有法網一個但他生涯最高世界第二長期都在前以生涯只拿一次大滿貫這種成績很了不起了吧,0.0,0.0,0.0,0.0,0.0,0.0,0.0,0.0
5,25,有像戴資穎這種沒什麼大賽金牌的選手嗎戴資穎很強阿世界第一名女單羽球選手可是卻沒有奧運金牌沒有世錦賽金牌像這樣子運動選手除了戴資穎還有誰嗎,0.0,0.0,0.0,0.0,0.0,0.0,0.0,0.0
6,26,快訊戴資穎直落二擊敗上屆冠軍奧原希望謝孟儒快訊戴資穎直落二擊敗上屆冠軍奧原希望闖進全英賽強完整新聞內文戴資穎圖提供世界羽聯超級賽全英公開賽今天進入各單項強賽事世界球后戴資穎對上要力拼衛冕冠軍日本名將奧原希望最終戴資穎以比比直落二擊敗對手,6.8003,6.2579,6.3517,7.1341,0.219,0.52,0.3691,0.4728
7,27,戴資穎是惹到誰為何要酸她奧運雖然沒奪金只拿銀牌明明也很猛了卻好像對不起鄉民一樣要被酸是積分天后剛剛在德國比賽輸了又被酸一次銀牌積分天后下週英國站才是重要大賽德國站小比賽輸了也不會怎樣吧為什麼只要小戴輸了就有人要出酸難道奧運沒拿金牌對不起台灣人,0.0,0.0,0.0,0.0,0.0,0.0,0.0,0.0
8,28,戴資穎惜遭日本直落二無緣德國賽強接謝孟儒戴資穎惜遭日本直落二無緣德國賽強接著拼下週全英公開賽完整新聞內文戴資穎圖提供世界球后戴資穎今天在世界羽聯超級賽德國公開賽強賽最終可惜遭到世界排名日本女將高橋沙也加以比比直落二無緣前進強接著備戰下週,0.0,0.0,0.0,0.0,0.0,0.0,0.0,0.0
9,29,外媒讚戴資穎是全英賽最偉大女單冠軍例如等非直接官方新聞不被允許至少要有來源或如法新社謝孟儒外媒讚戴資穎是全英賽最偉大女單冠軍已締造真實存在傳奇完整新聞內文社論特稿都不能貼貼喔外媒讚戴資穎是全英賽最偉大女單冠軍已締造真實存在傳奇年月日謝孟,1.7795,1.5647,1.7413,1.5672,1.8061,3.7601,2.6377,3.5669
10,30,惡搞無人機台灣燈會戴資穎跳殺崩壞這跟中國沒有甚麼關係吧現在市面上就有在販賣無人機干擾器惹譬如說就是發射高功率偽裝訊號或是高功率干擾訊號反正很多種啦要抓這種其實也不太容易,1.7783,1.7041,1.7205,1.6202,3.489,1.9892,2.0821,1.8353
11,31,惡搞無人機台灣燈會戴資穎跳殺崩壞引述之銘言吳慧芬惡搞無人機台灣燈會戴資穎跳殺崩壞陳其邁相當抱歉完整新聞內文台灣燈會在高雄首創以空中主燈無人機表演昨日晚間在愛河灣演出時卻發生後半段圖形無法完整展示演出高市府與無人機國際團隊連夜進行測,0.8807,0.8004,0.8918,1.0024,1.0172,2.1414,1.856,1.4758
12,32,惡搞無人機台灣燈會戴資穎跳殺崩壞吳慧芬惡搞無人機台灣燈會戴資穎跳殺崩壞陳其邁相當抱歉完整新聞內文台灣燈會在高雄首創以空中主燈無人機表演昨日晚間在愛河灣演出時卻發生後半段圖形無法完整展示演出高市府與無人機國際團隊連夜進行測試證實是,0.8384,0.8719,0.8928,0.9801,1.0732,1.6214,2.3261,1.5353
13,33,全英賽戴資穎榮膺女單頭號種子首輪對林岳甫全英賽戴資穎榮膺女單頭號種子首輪對手出爐強有望遇奧原希望完整新聞內文戴資穎穩居世界球后長達週今年首站從月日開打超級系列德國公開賽緊接著將再度參加超級系列全英公開賽小戴將追逐生涯第座冠軍首輪對手將,7.0786,6.2643,6.4857,7.3696,0.2779,0.6392,0.4014,0.3471
14,34,戴資穎跟陳雨菲吃飯之後會處分嗎現在定調不準穿中國隊衣那同桌吃飯應該也不行吧誰知道會不會泄露什麼機密損害國家形象之後是不是都不能跟對岸運動員合照了也不能握手,0.0,0.0,0.0,0.0,0.0,0.0,0.0,0.0
15,35,戴資穎是羽球界的費德勒嗎剛剛看到新聞說國外有個知名羽球作家寫了一篇文他說小戴球后週成就幾乎等於網球界費德勒跟小威廉斯原文在此真有這麼猛嗎台灣出了一位羽球球后小戴就像是美國小威廉斯瑞士費德勒這樣看來小戴是不是蠻屌有沒有羽球達人解釋一下有,1.6687,1.1717,1.3896,0.0987,6.1207,7.0811,5.3274,5.9014
16,36,幹無人機燈會排出戴資穎的圖像媽看到瞬間超感動不愧是高雄世界球后戴資穎台灣之光謝謝妳讓全世界看到台灣謝謝妳讓全世界知道妳來自高雄,0.2252,0.2683,0.2344,0.2342,0.2162,0.2529,0.1941,0.2151
17,37,台灣人就要支持戴資穎的卦今天看到戴資穎積分女子羽球第一破周紀錄下面留言有人支持有人不支持但是我覺得有一點很奇怪為什麼支持方要說不支持不是台灣人是五毛云云哇靠我台灣人不支持戴資穎都不行也支持戴資穎才有台灣價值卦,0.0,0.0,0.0,0.0,0.0,0.0,0.0,0.0
18,38,羽球台灣的驕傲戴資穎世界球后週例如三立新聞網運動至少要有來源或如法新社體育中心林奇樺報導羽球台灣驕傲戴資穎世界球后週女單第一人完整新聞內文社論特稿都不能貼貼喔戴資穎創下小戴障礙已經周無人打破圖體育署提供世界羽聯預計將在今日公布最新排,0.0,0.0,0.0,0.0,0.0,0.0,0.0,0.0
19,39,快訊小戴就是狂戴資穎球后達到週例如至少要有來源或如法新社謝孟儒快訊小戴就是狂戴資穎球后達到週創女單史上第一人完整新聞內文社論特稿都不能貼貼喔快訊小戴就是狂戴資穎球后達到週創女單史上第一人年月日謝孟儒世界球后戴資穎本週累積球后週數安抵週,7.6405,6.5027,6.6291,6.9572,0.1314,0.9973,0.357,0.6349
