﻿,Title,Anger,Anticipation,Disgust,Fear,Joy,Sadness,Surprise,Trust
0,戴資穎復仇成功泰國公開賽金牌一點都不意外吧小戴從來最大敵人都是自己奧運對決時失誤一大堆偏偏陳手長腳長不好攻失誤太多就輸掉奧運啦今天看起來失誤較少就贏啦,0.2981,0.1436,0.306,0.3252,0.215,0.3976,0.2504,0.2103
1,戴資穎復仇成功泰國公開賽金牌引述瓜瓜瓜之銘言各位八卦版大大午安大家好戴資穎在泰國公開賽冠軍賽擊敗陳雨菲復仇成功啦第三局金牌啦爽世界羽球女單前十名實力本就在伯仲之間巡迴賽勝敗是兵家常事無所謂喜或憂為此傷和氣更不應該忽然有種看小戴贏一場就少看一場,0.8008,4.6547,0.5213,0.3385,5.4483,1.035,5.2931,4.7633
2,戴資穎拿下泰國公開賽冠軍引述之銘言戴資穎今天在泰國公開賽決賽面對中國好手陳雨菲大戰了三局最終以拿下冠軍野雞比賽冠軍含金量有奧運來多嗎笑死灣灣拿個野雞冠軍也可以自嗨真有那個實力當初奧運怎麼沒贏下來不過反正戴姿穎也是中國人冠軍戰也只是中國內,0.0,0.0,0.0,0.0,0.0,0.0,0.0,0.0
3,戴資穎復仇成功泰國公開賽金牌各位八卦版大大午安大家好戴資穎在泰國公開賽冠軍賽擊敗陳雨菲復仇成功啦第三局金牌啦爽,0.7889,4.7211,0.5136,0.3334,5.526,1.0196,5.3686,4.8312
4,戴資穎戴資穎在剛剛超級系列泰國公開賽冠軍戰以激戰三盤擊敗中國一姊陳雨菲奪冠報了奧運落敗之仇,0.6923,5.6341,0.7913,0.0618,5.6691,0.2447,5.8147,5.8472
5,戴資穎冠軍女單決賽復仇中國陳雨菲順利復仇省隊又打贏國家隊啦今晚來點世界冠軍,0.6017,6.6548,0.1687,0.4888,7.4633,1.3636,6.7677,5.7585
6,戴資穎拿下泰國公開賽冠軍戴資穎今天在泰國公開賽決賽面對中國好手陳雨菲大戰了三局最終以拿下冠軍,0.4586,0.6997,0.4477,0.374,0.7582,0.4504,0.7877,0.7684
7,泰國公開賽金牌戰戴資穎陳雨菲中華電信頻道就是現在羽球泰國公開賽金牌戰戴資穎在東京奧運後再次對上中國陳雨菲揪竟小戴這次能不能復仇呢小戴率先拿下第一局陳雨菲第二局勝進入第三局決勝負恭喜戴資穎勝利泰國公開賽冠軍,0.0,0.0,0.0,0.0,0.0,0.0,0.0,0.0
8,戴資穎再勝好友伊瑟儂明決賽找東奧金牌廖柏璋泰國羽球賽大逆轉戴資穎再勝好友伊瑟儂明決賽找東奧金牌陳雨菲復仇完整新聞內文去年東京奧運羽球女單賽事戴資穎在強賽和好友伊瑟儂激戰局險勝賽後雙方都累到躺在地上畫面成為經典而時隔後這組好友今天在泰國,0.3007,0.276,0.2923,0.2995,0.3749,0.3677,0.3515,0.3602
9,戴資穎搭經濟艙賴清德道歉代表國家引述優遊山林之銘言世界第一又怎樣花你我納稅錢獎金她拿走真拿牌國家養一輩子都是你我出錢拿牌有這麼容易今天是因為繳一筆稅出去明細你不知無感假如叫你每年拿一些錢出來養運動員大部分人一定不願意運動員本來就是,1.0111,5.0513,1.3415,1.7215,5.993,1.4193,5.4929,4.6895
10,今晚碰戴資穎領軍中華隊中國臥槽姐先新聞雲謝孟儒今晚碰戴資穎領軍中華隊中國臥槽姐先拿下小組第一完整新聞內文優霸盃女團賽小組賽今天將進行最後一場賽事中華女團要迎戰座冠軍中國女團我國一姐戴資穎有望交手中國一姐陳雨菲或是何冰嬌對此中國東奧銀牌,0.1195,7.2743,0.6589,0.4645,8.3515,1.2321,7.3344,7.425
11,戴資穎不洗積分了如題看到新聞說戴資穎快被山口茜超越讓出球后寶座了但小妹覺得奇怪大家都知道戴資穎沒拿什麼冠軍是拼命去小比賽洗積分才拿到球后怎麼最近突然不洗積分要讓出球后了呢掛推大支懶真奇妙就看你有沒有住陰道潮是怎麼吹尿為什麼飄推苞為什麼開推乳是,0.0,0.0,0.0,0.0,0.0,0.0,0.0,0.0
12,戴資穎是最爽銀牌嗎戰績不是最頂奧運被打假整天拍廣告這曝光率我還以為是金牌勒他是不是太爽了沒看過銀牌這麼多代言,0.0,0.0,0.0,0.0,0.0,0.0,0.0,0.0
13,戴資穎還有另項第一碩士論文年例如等非直接官方新聞不被允許中央廣播電台至少要有來源或如法新社陳國維戴資穎還有另項第一碩士論文年被下載次數最多完整新聞內文社論特稿都不能貼貼喔戴資穎還有另項第一碩士論文年被下載次數最多時間新聞引據採訪撰稿陳國,0.0,0.0,0.0,0.0,0.0,0.0,0.0,0.0
14,戴資穎和曾雅妮誰的球后含金量比較高如題誠心發問戴資穎曾雅妮這兩位都是台灣製造球后一個迅捷輕靈一個勢大力沉風格不同但都是球后這兩人誰含金量更高呢誰球后地位更穩固一點捏誠心發問勿鬧,0.293,0.7033,0.3607,0.3396,0.8369,0.439,0.6822,1.0014
15,全英羽賽遭天才少女安洗瑩擊退戴資穎引述騎山豬撞教官之銘言又是這咖喔老實說我不太想討論她所有關於她討論我認為在奧運就應該結束了講明白點她時代結束了她本來資質算是不錯也足夠努力可惜後來和幫陳漢典合作拍廣告沾染了演藝圈習氣功力就大幅退步了其實這種例,6.2287,0.5318,6.4639,6.9424,0.0939,6.7563,1.2941,1.3921
16,欸別酸戴資穎多久沒拿冠軍了如題身為現任世界球后戴資穎應該偶爾要拿個冠軍吧但最近看到都是惜敗新聞所以想知道戴資穎上次拿冠軍是什麼時候吧噢打大學生比賽先不算謝謝別酸噢謝謝推大支懶真奇妙就看你有沒有住陰道潮是怎麼吹尿為什麼飄推苞為什麼開推乳是怎麼搖,0.0,0.0,0.0,0.0,0.0,0.0,0.0,0.0
17,戴資穎當初放棄世錦賽打世大運虐菜算錯引述之銘言戴資穎羽球積分球后目前尚未拿到奧運冠軍世錦賽冠軍球后純度不夠戴資穎當初放棄世錦賽打世大運虐菜是不是打錯算盤雖然打世大運可以台灣價值滿分廣告接很多這有什麼好問柿子挑軟吃打世大運輕鬆奪冠媒體造神民,0.0,0.0,0.0,0.0,0.0,0.0,0.0,0.0
