﻿,content
0,一點都不意外吧小戴從來最大敵人都是自己奧運對決時失誤一大堆偏偏陳手長腳長不好攻失誤太多就輸掉奧運啦今天看起來失誤較少就贏啦
1,引述瓜瓜瓜之銘言各位八卦版大大午安大家好戴資穎在泰國公開賽冠軍賽擊敗陳雨菲復仇成功啦第三局金牌啦爽世界羽球女單前十名實力本就在伯仲之間巡迴賽勝敗是兵家常事無所謂喜或憂為此傷和氣更不應該忽然有種看小戴贏一場就少看一場好球體悟很恭喜小戴贏球拿下泰國公開賽讚
2,引述@之銘言戴資穎今天在泰國公開賽決賽面對中國好手陳雨菲大戰了三局，最終以拿下冠軍野雞比賽冠軍含金量有奧運來多嗎笑死灣灣拿個野雞冠軍也可以自嗨真有那個實力當初奧運怎麼沒贏下來?不過反正戴姿穎也是中國人冠軍戰也只是中國內戰而已誰贏都是屬於中國金牌沒毛病標題問卦大學情侶到底有沒有在修幹所以統計系校花是男?男扮女裝?哇統計系是多沒人才你可以發文所以他發文了啊
3,各位八卦版大大午安大家好戴資穎在泰國公開賽冠軍賽擊敗陳雨菲復仇成功啦第三局金牌啦爽
4,戴資穎在剛剛超級系列泰國公開賽冠軍戰以激戰三盤擊敗中國一姊陳雨菲奪冠報了奧運落敗之仇!
5,女單決賽復仇中國陳雨菲順利復仇省隊又打贏國家隊啦今晚來點世界冠軍
6,戴資穎今天在泰國公開賽決賽面對中國好手陳雨菲大戰了三局，最終以拿下冠軍
7,中華電信頻道就是現在羽球泰國公開賽金牌戰戴資穎在東京奧運後再次對上中國陳雨菲揪竟小戴這次能不能復仇呢????小戴率先拿下第一局陳雨菲第二局勝進入第三局決勝負恭喜戴資穎勝利泰國公開賽冠軍
8,廖柏璋泰國羽球賽大逆轉戴資穎再勝好友伊瑟儂明決賽找東奧金牌陳雨菲復仇完整新聞內文去年東京奧運羽球女單賽事，戴資穎在強賽和好友伊瑟儂激戰局險勝，賽後雙方都累到躺在地上畫面成為經典，而時隔後，這組好友今天在泰國羽球公開賽強再度對決，又是一場局激戰，戴資穎以比逆轉勝，挺進決賽戴資穎明天決賽對手，是去年東奧在金牌戰擊敗她中國女將陳雨菲，今陳雨菲以比比擊敗印度好手辛度，打進明天決賽戴資穎和伊瑟儂在國際賽交戰頻繁，過去次戴資穎取得勝敗優勢，今第局戴資穎一度以比領先，但伊瑟儂追到比之後，打出一波比攻勢，讓戴資穎以比丟掉首局第局戴資穎重整旗鼓，在比平手下連拿分，取得比領先，最後順利以比收下這局，扳成比平手決勝第局，雙方一開始以比平手，接著伊瑟儂打出比攻勢，比領先，但戴資穎始終把比數咬住，雖然一度以比落後，但戴資穎沒有放棄，追成比平手，而在比落後時，小戴更頂住壓力，連拿分，以比拿下第局，打進決賽完整新聞或短網址需放媒體原始，不可用轉載媒體
9,引述優遊山林之銘言世界第一又怎樣，花你我納稅錢，獎金她拿走真拿牌，國家養一輩子，都是你我出錢拿牌有這麼容易今天是因為繳一筆稅出去，明細你不知無感假如叫你每年拿一些錢出來養運動員，大部分人一定不願意運動員本來就是可有可無，對台灣有啥貢獻所以對台灣有貢獻除了醫師工程師，其他都沒用有人說讓台灣知名度上升，世界看見台灣然後呢，台灣還是看美國中國臉色生存他們拿下全部金牌，也不會對台灣地位有幫助何以得知台灣要強還是要發展工業，科技，醫療，國防說實在，運動員對台灣幫助跟重要性還不如台積電，醫院，或是政府單位一個基層員工運動員得獎是一個人，重要性拿來跟一個機構比較，會不會太嚴苛政府這次做很對，因為不能避免浪費這些錢，至少坐不要坐經濟艙跟頂級飯店，能省多少納稅錢算多少，另外這些人回來請關好天，不要讓變種在台灣爆發這些人體力好，其實是很好勞力條件，不如用政策引導去現在缺工製造業，對台灣幫助還比較大，也可以省下不少不必要預算呃你知道戴資穎在世界運動員裡，到底有多神猛嗎小戴除了是知名當代現役世界羽球球后之外，同時是世界羽球第一球后寶座，維持時間世界紀錄保持人，目前已經維持寶座週，而且還正在往上更新世界紀錄障礙中，同時還是世界排名積分最高紀錄保持人，目前小戴障礙是分，她讓台灣名字長期被掛在世界第一上，掛了超過三年在全球媒體目光上這種世界級選手兼世界紀錄保持人，被安排去坐經濟艙，根本世界級笑柄吧你籃球比賽會安排讓坐經濟艙你足球比賽會安排讓梅西坐經濟艙你網球比賽會安排讓費德勒坐經濟艙你棒球比賽會安排讓鈴木一朗坐經濟艙聽說新聞有東奧長官名單出爐，幫大家複習一件舊聞本次東奧總領隊蔡辰威大家還記得年南美洲世界盃，台灣撐竿跳選手因為協會沒有準備竿子，被迫棄權，當年中華田徑協會理事長就是蔡辰威以下留給他人回應先去吃飯
10,新聞雲謝孟儒今晚碰戴資穎領軍中華隊中國臥槽姐先拿下小組第一完整新聞內文優霸盃女團賽小組賽今天將進行最後一場賽事，中華女團要迎戰座冠軍中國女團，我國一姐戴資穎有望交手中國一姐陳雨菲或是何冰嬌，對此中國東奧銀牌「卧槽」女雙組合陳清晨賈一凡就認為，還是先以小組第一為目標由於同組中華和中國都已經是二連勝德國和西班牙都是兩敗，因此中華和中國確定晉級強，今天晚間點將要碰頭爭取小組第一，中華在前兩場由戴資穎打頭陣，旋風式快勝拔得頭籌，後面幾點也沒有遇上太多麻煩中國前一日同樣都是比輕鬆橫掃西班牙而今晚對決最大看頭，莫過於是戴資穎有望再度擔任第一點女單，那很可能會再度對上東奧金牌陳雨菲，或是今年已經拿下兩冠何冰嬌，陸媒認為，中國要拿下分組第一不是太大問題，陳清晨說，「目標先要拿下小組第一」賈一凡也說，「大家奪冠目標明確，但是路要一步一步走」中華和中國將在今晚點碰頭，目前排點都尚未出爐湯姆斯盃部分，中華男團確定晉級強，今天休兵一日，明天將要和印度爭取小組第一完整新聞或短網址需放媒體原始，不可用轉載媒體?備註
11,如題看到新聞說戴資穎快被山口茜超越讓出球后寶座了但小妹覺得奇怪大家都知道戴資穎沒拿什麼冠軍是拼命去小比賽洗積分才拿到球后怎麼最近突然不洗積分要讓出球后了呢掛推大支懶真奇妙就看你有沒有住陰道潮是怎麼吹尿為什麼飄推苞為什麼開推乳是怎麼搖
12,戰績不是最頂奧運被打假整天拍廣告這曝光率我還以為是金牌勒他是不是太爽了沒看過銀牌這麼多代言
13,例如等非直接官方新聞不被允許中央廣播電台，至少要有來源或如法新社陳國維>戴資穎還有另項第一碩士論文年被下載次數最多完整新聞內文社論特稿都不能貼，貼喔戴資穎還有另項第一碩士論文年被下載次數最多時間新聞引據採訪撰稿陳國維國家圖書館今天日舉辦台灣學術資源影響力發布會，全國大學校院博碩士論文電子全文授權率持續成長，學年度首度突破成大關而統計去年下載次數最多碩士論文，是羽球球后戴資穎探討世界頂尖女單選手研究年台灣學術資源影響力發布會日舉行，國家圖書館依據年底前資料庫數據，分析國內學位論文期刊及專書利用情形國家圖書館館長曾淑賢指出，博碩士論文電子全文授權率創新高，統計學年度，也就是從年月到年月，授權率達到，歷年首度突破成，且在國內所大學校院中，有過半數所學校授權率達，顯示各單位提升台灣國際學術能見度及影響力曾淑賢原音這麼多人在過去研究人員創作基礎之上，還有各位不管是學校不管是圖書館不管是出版社不管是專書協助之下，讓我們學術傳播更快速更自由，那國家圖書館也會持續再來努力統計也發現，年被下載次數最多博士論文，是台灣師範大學學生黃睿宏所探討「男同志網球社群形成與變遷」被下載最多次碩士論文則是世界球后戴資穎在年發表「剖析世界頂尖羽球女單之優劣」，這篇論文主要探討在年全英羽球頂級超級系列賽中，山口茜依瑟儂辛度馬琳等位世界好手技術優劣國圖在發布會上，也依據各校去年學位論文授權與下載情形，表揚多所大學校院，其中，在綜合指標排名部分，台灣師範大學文化大學雲林科技大學樹德科技大學等校，分別在公私立綜合大學及技職校院中，名列第一，獲得學位論文資源貢獻獎國圖知識服務組主任李宜容表示，年學位論文前名熱門檢索詞是「教育」「幼兒」「國小」「疫情」「滿意度」期刊論文前名研究主題關鍵詞為「」「」「台灣」「病毒」「日本」，另外，「兩岸關係」「中國大陸」「氣候變遷」等研究主題，也有進入前名關鍵詞榜單完整新聞或短網址需放媒體原始，不可用轉載媒體當，需提供短網址方便網友點擊備註新聞，，，請?備註
14,如題誠心發問戴資穎曾雅妮這兩位都是台灣製造球后一個迅捷輕靈一個勢大力沉風格不同但都是球后這兩人誰含金量更高呢誰球后地位更穩固一點捏誠心發問勿鬧
15,引述騎山豬撞教官之銘言又是這咖喔老實說我不太想討論她所有關於她討論我認為在奧運就應該結束了講明白點她時代結束了她本來資質算是不錯也足夠努力可惜後來和幫陳漢典合作拍廣告沾染了演藝圈習氣功力就大幅退步了其實這種例子屢見不鮮鄒市明劉翔李雲迪這些人都是李雲迪衰退最慘從蕭邦大賽冠軍變成現在街頭藝人水準那戴資穎和上述這些人不同是心性轉變從她開始抱怨沒有商務艙在那邊修理官員開始我就對她產生了反感認為她難以在奧運奪冠果不其然套句蘇院長所講你連冠軍都沒有還在那拿翹到底引述無限風光在險峰之銘言聯合劉肇育全英羽賽遭天才少女安洗瑩擊退戴資穎無緣第冠完整新聞內文我國世界球后戴資穎今天在全英公開賽女單強遭遇南韓「天才少女」安洗瑩，在兩局?事中安洗瑩都展現十足防守韌性，讓戴資穎難以突破，最終安洗瑩就以勝出，生涯首闖全英公開賽冠軍賽生涯第度挺進到全英公開賽強賽戴資穎，過去曾度封后，今年則將挑戰第冠，在天強賽中她就展現絕佳狀態，僅花分鐘就以直落二拍落女單衛冕者日本好手奧?希望，至於年僅歲安洗瑩則是在昨天擊敗美國華裔選手王苑力，生?首度闖進到全英公開賽強賽其實側翼就都這種貨色呀意外嗎批評政府可是要殺頭捧殺捧殺先捧再殺看了很多選手幫政府宣傳那個防疫廣告真是有夠尬真不曉得這些選手哪天得罪政府會不會變像戴一樣過街老鼠當初高雄那群多喜歡戴呀現在呢畢竟是死忠嘛連進四強選手都可以酸成這樣喔喔再講一組李洋王麒麟當初賣腐多少甲甲在那邊花癡白癡現在熱度退得有夠快千萬不能得罪側翼跟甲側翼我就坐等這些被政府利用去拍廣告選手就不要悔不當初有能力就逃離糞島唄這糞島還真這照顧選手呢奧運國手只能坐經濟艙住小飯店嘻嘻側翼粉專預算要多少有多少真棒
16,如題身為現任世界球后戴資穎應該偶爾要拿個冠軍吧但最近看到都是惜敗新聞所以想知道戴資穎上次拿冠軍是什麼時候吧噢打大學生比賽先不算謝謝別酸噢謝謝推大支懶真奇妙就看你有沒有住陰道潮是怎麼吹尿為什麼飄推苞為什麼開推乳是怎麼搖
17,引述之銘言戴資穎羽球積分球后目前尚未拿到奧運冠軍世錦賽冠軍球后純度不夠戴資穎當初放棄世錦賽打世大運虐菜是不是打錯算盤?雖然打世大運可以台灣價值滿分廣告接很多這有什麼好問，柿子挑軟吃打世大運輕鬆奪冠媒體造神民眾簇擁荷包滿滿打世錦賽高手如雲壓力山大鄉民狂酸無冕球后如果是你，難道你不會留下來打世大運
18,戴資穎羽球積分球后目前尚未拿到奧運冠軍世錦賽冠軍球后純度不夠戴資穎當初放棄世錦賽打世大運虐菜是不是打錯算盤?雖然打世大運可以台灣價值滿分廣告接很多
19,又是這咖喔老實說我不太想討論她所有關於她討論我認為在奧運就應該結束了講明白點她時代結束了她本來資質算是不錯也足夠努力可惜後來和幫陳漢典合作拍廣告沾染了演藝圈習氣功力就大幅退步了其實這種例子屢見不鮮鄒市明劉翔李雲迪這些人都是李雲迪衰退最慘從蕭邦大賽冠軍變成現在街頭藝人水準那戴資穎和上述這些人不同是心性轉變從她開始抱怨沒有商務艙在那邊修理官員開始我就對她產生了反感認為她難以在奧運奪冠果不其然套句蘇院長所講你連冠軍都沒有還在那拿翹到底引述無限風光在險峰之銘言聯合劉肇育全英羽賽遭天才少女安洗瑩擊退戴資穎無緣第冠完整新聞內文我國世界球后戴資穎今天在全英公開賽女單強遭遇南韓「天才少女」安洗瑩，在兩局賽事中安洗瑩都展現十足防守韌性，讓戴資穎難以突破，最終安洗瑩就以勝出，生涯首闖全英公開賽冠軍賽生涯第度挺進到全英公開賽強賽戴資穎，過去曾度封后，今年則將挑戰第冠，在昨天強賽中她就展現絕佳狀態，僅花分鐘就以直落二拍落女單衛冕者日本好手奧原希望，至於年僅歲安洗瑩則是在昨天擊敗美國華裔選手王苑力，生涯首度闖進到全英公開賽強賽
20,聯合劉肇育全英羽賽遭天才少女安洗瑩擊退戴資穎無緣第冠完整新聞內文我國世界球后戴資穎今天在全英公開賽女單強遭遇南韓「天才少女」安洗瑩，在兩局賽事中安洗瑩都展現十足防守韌性，讓戴資穎難以突破，最終安洗瑩就以勝出，生涯首闖全英公開賽冠軍賽生涯第度挺進到全英公開賽強賽戴資穎，過去曾度封后，今年則將挑戰第冠，在昨天強賽中她就展現絕佳狀態，僅花分鐘就以直落二拍落女單衛冕者日本好手奧原希望，至於年僅歲安洗瑩則是在昨天擊敗美國華裔選手王苑力，生涯首度闖進到全英公開賽強賽而今天也是戴資穎與安洗瑩生涯第度交手，在此之前兩次交手雙方各拿勝，不過今天開賽安洗瑩面對戴資穎吊球攻勢展現十足韌性，開賽後就取得領先，首局前段戴資穎也因為失誤偏多，讓安洗瑩以進入技術暫停暫停後戴資穎重新調整節奏後連急起直追，加上安洗瑩連續出現誤判，戴資穎一度追到分差距，在安洗瑩以取得個局點時，戴資穎雖然成功化解前個，但仍是讓安洗瑩以先下一城第二局安洗瑩仍是保持積極進攻，再度取得領先，不過戴資穎未再讓領先差距擴大，反打出一波攻勢逆轉，但安洗瑩幾次精彩救球讓戴資穎無法再拿下分數，讓安洗瑩再度以進入技術暫停，暫停後安洗瑩趁著戴資穎失誤依舊偏多，再將領先差距擴大，最終以勝出女子組另外一場四強賽則由中國大陸陳雨菲出戰山口茜，勝者將在明天與安洗瑩爭奪冠軍，其中陳雨菲曾在年拿下冠軍，山口茜則是曾在年闖進決賽但敗在戴資穎手中至於我國一哥周天成在今天凌晨直落二擊敗印尼好手喬納坦後，明天凌晨將在強賽遭遇丹麥球王安賽龍，力拚冠軍賽門票完整新聞或短網址需放媒體原始，不可用轉載媒體備註新聞，，，備註
21,戴資穎今天在全英公開賽四強面對歲韓國選手安洗瑩最終以直落二不敵對手無緣冠軍戰
22,德國羽球公開賽總獎金萬美元英國羽球公開賽總獎金萬美元難怪一堆名將，德國賽趕快輸一輸原來是保存實力拼英國賽引述之銘言謝孟儒戴資穎惜遭日本直落二無緣德國賽強接著拼下週全英公開賽完整新聞內文戴資穎圖提供世界球后戴資穎今天在世界羽聯超級賽德國公開賽強賽，最終可惜遭到世界排名日本女將高橋沙也加以比比直落二，無緣前進強，接著備戰下週日開打超級賽全英公開賽戴資穎睽違年再戰德國公開賽，首輪旋風式以直落二勝出後，今天交手高橋沙也加，雙方過去度交手，戴資穎全勝，本次雙方再度碰頭，首局一開始戴資穎精準落在界內，戴資穎連續掛網失誤比落後，戴資穎經典網前挑球追分，但連續出界比讓出第二局雙方多拍來回後，戴資穎一度領先被對手連拿分反超，戴資穎掛網比落後，戴資穎殺向後場落至界內追至平，戴資穎對角攻擊出界比，追至平後連掉分，再以比落敗不過戴資穎接下來將要備戰下週開打全英公開賽，被列為大會頭號種子，首輪將對上世界排名比利時女將譚蓮妮，挑戰賽史第四座冠軍完整新聞或短網址需放媒體原始，不可用轉載媒體備註
23,我想到一個，張德培張德培生涯其實大滿貫沒拿幾個不，不是沒幾個，是只有法網一個但他生涯最高世界第二長期都在前以生涯只拿一次大滿貫這種成績很了不起了吧
24,戴資穎很強阿世界第一名女單羽球選手可是卻沒有奧運金牌沒有世錦賽金牌像這樣子運動選手除了戴資穎還有誰嗎
25,謝孟儒快訊戴資穎直落二擊敗上屆冠軍奧原希望闖進全英賽強完整新聞內文戴資穎圖提供世界羽聯超級賽全英公開賽今天進入各單項強賽事，世界球后戴資穎對上要力拼衛冕冠軍日本名將奧原希望，最終戴資穎以比比直落二擊敗對手，只花了分鐘就勇闖強力拼個人生涯在全英賽第四座冠軍戴資穎，前一日直落二擊敗泰國二姐布沙南後，強賽將對上年全英冠軍奧原希望，雙方多達次交手，戴資穎勝略佔優勢，近兩次交手各握有一勝，最近一次是在年年終賽，戴資穎以直落二勝出本次交手第一局，戴資穎失誤比網前勾對角回擊追平，奧原希望回球不及連續失誤，戴資穎連拿分比反超，戴資穎變拍出手讓奧原希望定在原地，戴資穎比起跳突擊，加快進攻節奏後奧原希望失誤增多，戴資穎持續加壓擴大領先比先拿下第二局，拍來回後奧原希望連續回球失誤，戴資穎斜角攻擊比開局，戴資穎速度持續加壓逼出奧原希望失誤，奧原希望大對角攻擊開張，戴資穎直線殺球比領先，戴資穎假動作挑後場擴大分領先，讓奧原希望定在原地，奧原希望頻頻失誤出界，讓戴資穎比勝出戴資穎穩穩拿下強門票，粉碎奧原希望力拼衛冕心願，強將要對上稍晚南韓安洗瑩和美國華裔女將王苑力對決後勝方完整新聞或短網址需放媒體原始，不可用轉載媒體備註賽後合照
26,奧運雖然沒奪金只拿銀牌明明也很猛了卻好像對不起鄉民一樣要被酸是積分天后剛剛在德國比賽輸了又被酸一次銀牌積分天后下週英國站才是重要大賽德國站小比賽輸了也不會怎樣吧為什麼只要小戴輸了就有人要出酸難道奧運沒拿金牌對不起台灣人嗎積分天后也是天后啊世界第一還要被酸
27,謝孟儒戴資穎惜遭日本直落二無緣德國賽強接著拼下週全英公開賽完整新聞內文戴資穎圖提供世界球后戴資穎今天在世界羽聯超級賽德國公開賽強賽，最終可惜遭到世界排名日本女將高橋沙也加以比比直落二，無緣前進強，接著備戰下週日開打超級賽全英公開賽戴資穎睽違年再戰德國公開賽，首輪旋風式以直落二勝出後，今天交手高橋沙也加，雙方過去度交手，戴資穎全勝，本次雙方再度碰頭，首局一開始戴資穎精準落在界內，戴資穎連續掛網失誤比落後，戴資穎經典網前挑球追分，但連續出界比讓出第二局雙方多拍來回後，戴資穎一度領先被對手連拿分反超，戴資穎掛網比落後，戴資穎殺向後場落至界內追至平，戴資穎對角攻擊出界比，追至平後連掉分，再以比落敗不過戴資穎接下來將要備戰下週開打全英公開賽，被列為大會頭號種子，首輪將對上世界排名比利時女將譚蓮妮，挑戰賽史第四座冠軍完整新聞或短網址需放媒體原始，不可用轉載媒體備註
28,例如等非直接官方新聞不被允許，至少要有來源或如法新社謝孟儒>外媒讚戴資穎是全英賽最偉大女單冠軍已締造真實存在傳奇完整新聞內文社論特稿都不能貼，貼喔外媒讚戴資穎是全英賽最偉大女單冠軍已締造真實存在傳奇年月日謝孟儒世界羽聯超級賽全英公開賽將在月日在英國伯明罕登場，世界球后戴資穎將挑戰賽史第冠，英國羽球網站專欄作家布洛絲就專文寫道，「我認為戴資穎是全英賽最偉大女單冠軍」戴資穎曾寫下連續年闖進全英賽決賽，並拿下座冠軍紀錄，包括在年逆轉擊敗泰國一姐依瑟儂首度捧冠，年決賽擊敗日本一姐山口茜，完成二連霸，年決賽不敵中國陳雨菲，獲得亞軍不過年決賽，戴資穎成功復仇陳雨菲捧冠，不但完成賽史第冠，當時也成功奪回球后寶座，布洛絲就寫道，「我重溫這三場戴資穎在全英賽最佳賽事，認為當有一個出色對手激勵他時，他藝術表現會再更加提升，超乎所有人預期」「當戴資穎出現時，所有目光都會圍繞著他」布洛絲挑選三場決賽賽事，認為依瑟儂山口茜陳雨菲都是擁有獨特風格選手，「但他們都不及戴資穎個人魅力」布洛絲更說，「沒有人能在全英賽拿下座冠軍，是僥倖完成，戴資穎已經在伯明罕締造一個真實存在傳奇，我迫不及待再度看到他比賽」完整新聞或短網址需放媒體原始，不可用轉載媒體當，需提供短網址方便網友點擊?備註新聞，，，請?備註
29,這跟中國沒有甚麼關係吧現在市面上就有在販賣無人機干擾器惹譬如說就是發射高功率偽裝訊號或是高功率干擾訊號反正很多種啦要抓這種其實也不太容易
30,引述之銘言吳慧芬惡搞無人機台灣燈會「戴資穎跳殺」崩壞陳其邁相當抱歉完整新聞內文台灣燈會在高雄首創以空中主燈無人機表演，昨日晚間在愛河灣演出時卻發生後半段圖形無法完整展示演出，高市府與無人機國際團隊連夜進行測試，證實是遭遇刻意訊號干擾，對此，市長陳其邁在臉書向大眾抱歉，指已在調查干擾訊號來源，今晚起連續三晚，仍有精采無人機表演台灣燈會無人機遭惡意干擾，最受歡迎圖騰「戴資穎跳殺」崩壞原本從晶片轉換成晶圓從晶圓轉換成地球設計，象徵著高雄招商台灣國力圖騰也缺角陳其邁昨深夜發文表示，「昨晚在無人機展演後半段，圖形無法完整展示演出我們感到相當抱歉，也感謝大家對演出支持」「無人機國際團隊表示遭遇嚴重訊號干擾，正調查干擾訊號之來源當中」網友到陳其邁臉書留言，「雖然無人機烙賽，但煙火還是美到我了，你們加油」「高雄好美，但無人機後面走鐘，他們累了嗎?」「今天無人機有點可惜，但燈光煙火還是非常美，愛河灣規劃簡直是約會聖地」「無人機後半只能靠腦補有點可惜」「希望對干擾無人機訊號者重罰」副市長史哲昨徹夜與無人機團隊撤查惡意訊號干擾，凌晨在臉書發文表示，「凌晨兩點，我們進行了台全版展演測試，圖形完整且沒有任何一架無人機返航在無音樂狀態下，現場無人機風扇聲音更是驚人透過測試都完整呈現，我們可以驗證，昨晚狀況確是受到刻意電信訊號干擾」今晚明晚與後天晚上點分，台灣燈會「聚光台灣虎星高照」無人機展演，依舊在愛河灣舉行史哲表示「目前，我們確找不到刻意干擾來源，但後續三天，我們將繼續謹慎面對，也懇請大家前來欣賞時幫忙協助，展演前一起關飛航模式一起幫忙勸導非合法申請無人機」地方中心吳慧芬高雄報導這題我又會了趕快去查那個無人機上面貼紙或是哪一顆螺絲製造廠商有中資入股或是老闆還是董事曾經去過中國然後我想大家都懂
31,吳慧芬惡搞無人機台灣燈會「戴資穎跳殺」崩壞陳其邁相當抱歉完整新聞內文台灣燈會在高雄首創以空中主燈無人機表演，昨日晚間在愛河灣演出時卻發生後半段圖形無法完整展示演出，高市府與無人機國際團隊連夜進行測試，證實是遭遇刻意訊號干擾，對此，市長陳其邁在臉書向大眾抱歉，指已在調查干擾訊號來源，今晚起連續三晚，仍有精采無人機表演台灣燈會無人機遭惡意干擾，最受歡迎圖騰「戴資穎跳殺」崩壞原本從晶片轉換成晶圓從晶圓轉換成地球設計，象徵著高雄招商台灣國力圖騰也缺角陳其邁昨深夜發文表示，「昨晚在無人機展演後半段，圖形無法完整展示演出我們感到相當抱歉，也感謝大家對演出支持」「無人機國際團隊表示遭遇嚴重訊號干擾，正調查干擾訊號之來源當中」網友到陳其邁臉書留言，「雖然無人機烙賽，但煙火還是美到我了，你們加油」「高雄好美，但無人機後面走鐘，他們累了嗎?」「今天無人機有點可惜，但燈光煙火還是非常美，愛河灣規劃簡直是約會聖地」「無人機後半只能靠腦補有點可惜」「希望對干擾無人機訊號者重罰」副市長史哲昨徹夜與無人機團隊撤查惡意訊號干擾，凌晨在臉書發文表示，「凌晨兩點，我們進行了台全版展演測試，圖形完整且沒有任何一架無人機返航在無音樂狀態下，現場無人機風扇聲音更是驚人透過測試都完整呈現，我們可以驗證，昨晚狀況確是受到刻意電信訊號干擾」今晚明晚與後天晚上點分，台灣燈會「聚光台灣虎星高照」無人機展演，依舊在愛河灣舉行史哲表示「目前，我們確找不到刻意干擾來源，但後續三天，我們將繼續謹慎面對，也懇請大家前來欣賞時幫忙協助，展演前一起關飛航模式一起幫忙勸導非合法申請無人機」地方中心吳慧芬高雄報導完整新聞或短網址需放媒體原始，不可用轉載媒體備註新聞，，，備註
32,林岳甫全英賽戴資穎榮膺女單頭號種子首輪對手出爐強有望遇奧原希望完整新聞內文戴資穎穩居世界球后長達週，今年首站從月日開打超級系列德國公開賽，緊接著將再度參加超級系列全英公開賽，小戴將追逐生涯第座冠軍，首輪對手將是世界排名比利時選手譚蓮妮，雙方生涯未曾交過手戴資穎生涯三度在全英賽封后，包括年連霸及年奪冠，但去年因賽程安排，並未參賽戴資穎本季從德國賽展開賽季，再來投入月日開打全英戰場，如今籤表出爐，她位居上半部，首輪遭遇未曾交過手譚蓮妮，強有機會遇尋求衛冕日本好手奧原希望，以及強可能碰南韓歲小將安洗瑩女單籤表下半部也是好手如雲，有東京奧運女單金牌中國陳雨菲日本名將山口茜及印度好手辛度戴資穎目前坐擁座全英女單冠軍，與中國謝杏芳並列世紀女單球員最多，只要成功奪冠，將和年及年年兩度完成連霸「印尼傳奇」王蓮香，並居近年來奪最多冠軍女單好手至於世界排名第「台灣一哥」周天成本季選擇從全英公開賽迎來新賽季，首輪遭遇世界排名印尼選手雷斯塔維托，雙方過去次交手，小天全勝完整新聞或短網址備註戴資穎戴資穎得第一小戴加油!!
33,現在定調不準穿中國隊衣那同桌吃飯應該也不行吧誰知道會不會泄露什麼機密損害國家形象之後是不是都不能跟對岸運動員合照了也不能握手
34,剛剛看到新聞說國外有個知名羽球作家寫了一篇文他說小戴球后週成就幾乎等於網球界費德勒跟小威廉斯原文在此真有這麼猛嗎?台灣出了一位羽球球后小戴就像是美國小威廉斯瑞士費德勒這樣看來小戴是不是蠻屌?有沒有羽球達人解釋一下?有八卦嗎?全亞洲最帥氣男人
35,媽看到瞬間超感動不愧是高雄世界球后戴資穎台灣之光謝謝妳讓全世界看到台灣謝謝妳讓全世界知道妳來自高雄
36,今天看到戴資穎積分女子羽球第一破周紀錄下面留言有人支持有人不支持但是我覺得有一點很奇怪為什麼支持方要說不支持不是台灣人是五毛云云哇靠我台灣人不支持戴資穎都不行也支持戴資穎才有台灣價值?卦?
37,例如三立新聞網運動，至少要有來源或如法新社體育中心林奇樺報導>羽球台灣驕傲戴資穎世界球后週女單第一人完整新聞內文社論特稿都不能貼，貼喔戴資穎創下「小戴障礙」已經周無人打破圖體育署提供世界羽聯預計將在今日公布最新排名，世界球后戴資穎所創下「小戴障礙」累積週，雖然前面已經有三組人達成，但小戴卻是女單史上第一位週球后戴資穎現在世界排名積分達萬分，戴資穎在去年東京奧運以及羽球世錦賽中都奪下銀牌，而這週是她穩坐世界球后第週過去這項紀錄只有組人達到，持續最久是馬來西亞「拿督」李宗偉週，還有中國「超級丹」林丹週，以及中國混雙組合張楠趙芸蕾週戴資穎是史上第人，不過值得注意是，小戴是女單項目達到「週俱樂部」第人戴資穎在去年東京奧運上奪下女單銀牌圖體育署提供今年因疫情仍舊嚴峻，戴資穎將以重點賽事為主，預計月日將會出戰德國公開賽，而月日也會參賽全英公開賽力拚此賽事生涯第四金至於其他選手部分，第二名為日本選手山口茜萬，她在世錦賽中奪下金牌而去年拿下東奧女單金牌中國陳雨菲，則是以萬位居第，依序還有南韓安洗瑩日本奧原希望西班牙瑪琳印度辛度泰國依瑟儂中國何冰嬌泰國蓬帕威磋楚翁完整新聞或短網址當，需提供短網址方便網友點擊?備註新聞，，，備註沒有拿過奧運金牌世錦賽冠軍球后
38,例如，至少要有來源或如法新社謝孟儒>快訊小戴就是狂戴資穎球后達到週創女單史上第一人完整新聞內文社論特稿都不能貼，貼喔快訊小戴就是狂戴資穎球后達到週創女單史上第一人年月日謝孟儒世界球后戴資穎本週累積球后週數安抵週，持續推升在位最久球后紀錄，而且在今天日將會達成史上第一位球后週壯舉，更是世界羽壇史上第位進入「週俱樂部」世界第一球員世界羽聯今天預計公布最新一週世界排名，去年在東奧世錦賽都奪下銀牌戴資穎持續穩坐第一，而且累積週數成功進入「週俱樂部」，僅次於大馬球王李宗偉史上最久累積週數週中國名將林丹週以及中國混雙張楠趙芸蕾週不過更狂是，戴資穎是史上第一位達成週女單第一球員，事實上，他在年月球后累積週數來到週時，就已經正式超越中國名將李雪芮周，成為史上在位最長球后，如今不斷在推升短時間內無人能追趕上「小戴障礙」女單第二位日本山口茜積分來到第三位是中國陳雨菲，都擠身萬分俱樂部男單部分，哥周天成依舊排在第王子維在第位，東奧男雙金牌李洋王齊麟積分也突破萬分，依舊排在世界第戴資穎目前新賽季規劃，會是從月日德國公開賽開始，並會參加全英公開賽，力拼全英賽生涯第四冠，考量疫情依舊嚴峻，今年出賽不會太多，依舊會以重點賽事為主，最重要就是月杭州亞運麟洋配則說目前還沒決定第一站，目標當然是亞運拼好成績完整新聞或短網址當，需提供短網址方便網友點擊?備註新聞，，，請?備註
39,戴資穎世錦賽奪銀蔡總統讚讓世界看見台灣更新中央社溫貴香台北日電總統蔡英文副總統賴清德今天分別在臉書恭賀戴資穎獲得羽球世錦賽銀牌，讓世界看見台灣總統並恭喜戴資穎突破個人世錦賽最佳成績，也是台灣睽違年後羽球世錦賽單打銀牌總統晚間在臉書發文表示，「恭喜戴資穎獲得羽球世錦賽銀牌」就如東京奧運表現，小戴拚搏精神，再次讓人印象深刻，在羽球世錦賽準決賽中超強反手拍，「更讓世界驚豔讓世界看見台灣」總統說，恭喜小戴突破個人世錦賽最佳成績，這也是台灣睽違年後羽球世錦賽單打銀牌，「謝謝小戴一起為她喝采」副總統賴清德晚間在臉書發文表示，公投過後，生活回歸日常，就是替台灣優秀運動選手加油恭喜小戴，世錦賽奪銀謝謝小戴，讓台灣再次站上世界舞台蘇志宗
40,中時崔慈悌恭喜戴資穎蔡英文睽違年後世錦賽羽球銀牌完整新聞內文我國球后戴資穎今天在世界羽球錦標賽女單金牌戰不敵日本名將山口茜，取得銀牌，追平台灣在世錦賽最佳成績蔡英文總統今晚恭喜「小戴」，突破個人世錦賽最佳成績，這也是台灣睽違年後羽球世錦賽單打銀牌，「謝謝小戴讓我們一起為她喝采」年世界羽球錦標賽在西班牙舉行，戴資穎闖進決賽，今天輸給日本名將山口茜，蔡英文在臉書恭喜戴資穎獲得羽球世錦賽銀牌她說，就如東京奧運表現，小戴拚搏精神，再次讓我們印象深刻，在羽球世錦賽準決賽中超強反手拍，更讓世界驚豔讓世界看見台灣「謝謝小戴讓我們一起為她喝采亅副總統賴清德也表示，公投過後，生活回歸日常，就是替台灣優秀運動選手加油「恭喜小戴，世錦賽奪銀也謝謝小戴，讓台灣再次站上世界舞台」完整新聞或短網址?備註新聞，，，備註
41,小戴靠者耐戰力，拼到積分第一名時間破記錄之前是中國球后張寧張寧奧運冠+世錦冠亞季軍，馬琳在年拿下四個奧運+世錦賽冠軍如果不是今年表現奧運八強逆轉依瑟儂非常關鍵，在大賽小戴周天成小戴真不是什麼球后，只是因為中國女子羽球青黃不接，台灣財團利用她來炒作而己結果沒想到劇情變成奧運冠軍賽，兩岸人民看者陳雨菲拿下奧運金牌如果不是奧運逆轉依瑟儂，世錦賽陳雨菲沒打，還有超級球后馬琳再度重傷台灣人以後絕對不敢提起這段「積分球后」歷史，炒作太難看了為了對付習近平，台灣財團派系再無恥也幹下去，那麼習近平就送你們下地獄
42,林巧璉高雄即時報導戴資穎世錦賽奪銀陳其邁等你回家完整新聞內文台灣世界球后戴資穎稍早在羽球世錦賽女單決賽奪下銀牌，創下自己個人在世錦賽最佳成績高雄市長陳其邁發臉書恭喜小戴，他說，今天特別和戴爸一起魏小戴加油，小戴突破自己，拿下世錦賽銀牌小戴和日本女將山口茜苦戰兩局後，以落敗，創下個人最佳成績陳其邁說，小戴勇敢不放棄精神，再次寫下自己紀錄，也讓全世界為她每一場表現印象深刻最棒小戴，加油我們在高雄等你回家陳其邁發文指出，雖然遇上昨天中場休息「找垃圾」可愛插曲，戴資穎仍一路挺進羽球世錦賽決賽，今日對上以速度和技巧見長日本好手山口茜完整新聞或短網址備註新聞，，，備註
43,紅了之後就開始拍很多廣告有健身鏡子還有中華電信最近還在跟阿嬤賣罐頭為什麼不把這些時間拿出來多一點訓練多做五個伏地挺身多睡兩小時也對身體有幫助啊會輸是不是因為訓練量不足關係如果真一心一意想獲勝早就把心思全放在增加球技上頭了
44,又拿銀牌啦小戴沒關係，回家吧回來最溫暖台灣，大家會疼你金牌什麼都是虛名回台灣拍廣告才是王道
45,例如自由，至少要有來源或如法新社粘藐云>羽球世錦賽戴資穎苦戰兩局不敵山口茜收下銀牌仍平台灣最佳完整新聞內文社論特稿都不能貼，貼喔羽球世錦賽戴資穎苦戰兩局不敵山口茜收下銀牌仍平台灣最佳粘藐云台灣世界球后戴資穎今在羽球世錦賽女單決賽登場，但疑似受到大腿傷勢所擾，和日本女將山口茜苦戰兩局後，以落敗，收下銀牌，仍創下個人在世錦賽最佳成績戴資穎今年東京奧運摘下女單銀牌，為台灣締造女單在奧運最佳成績，奧運後她選擇閉關在台灣訓練，瞄準這次世錦賽獎牌台灣隊過去在世錦賽共獲銀銅，獨缺金牌，而女單最佳成績為「羽球精靈」鄭韶婕年銀牌戴資穎在這次世錦賽表現勢如破竹，不只打破自己「強魔咒」，還連退上屆世錦賽摘金印度名將辛度中國好手何冰嬌勇闖決賽，今將和近況頗佳山口茜爭金世界排名第山口茜在月連奪丹麥公開賽法國公開賽冠軍，過去她和戴資穎共過招次，山口茜以勝負略居下風，兩人最近一次交手為年印尼公開賽強，當時是山口茜贏球決賽現場不少球迷力挺戴資穎，轉播過程不時能聽到粉絲用中文高喊「小戴加油」今天開局雙方你來我往，戰成平手後，戴資穎連拿分，一度握有領先優勢，但山口茜馬上還以顏色，率先拿下第分技術暫停後，小戴沒能控制失誤，多次回球出界，讓山口茜擴大領先，以丟掉首局戴資穎第局開賽在失誤偏多情況下，以開局，但她馬上調整好腳步，幾次犀利角度回擊，讓山口茜難以招架，馬上要回分數，只是小戴無法有效控制失誤，不只沒能把分數拉開，還被山口茜反超先拿下第分技術暫停後，戴資穎疑似大腿不適，一度露出痛苦表情，也沒能擋下山口茜攻勢，以落敗完整新聞或短網址當，需提供短網址方便網友點擊備註新聞，，，請?備註小戴辛苦了
46,引述刀劍亂舞之銘言戴資穎積分排名世界第一又如何呢?早說過筆者認為是靠打一些小型比賽撐起來這些小型比賽可能沒高手參賽所以積分刷起來刷到世界第一但是打大型比賽就打回原形了不過如此刻意寫論文鑽研敵人球路變化但是還是打輸可見球是圓?戴姿穎可說是台灣李宗偉馬來西亞世界球王李宗偉也是積分世界第一但世錦賽奧運這兩個最大戰場卻遭遇中國林丹欠缺金牌林丹退了又遇見諶龍與小戴世錦奧運遇雨菲欠缺金牌頗有相似之處李宗偉也拍了一部電影?重看好幾次小戴拳掌氣功狂砍狠劈威猛無儔球拍打擊如刀劈斧削一般實力體能確實是勝過陳雨菲一籌?但媒體都說陳雨菲背後教練團和電腦大數據團隊為她量身打造戰術奏效這兩聽說閉門特訓不參賽教練臨場指導陳雨菲貫徹戰術盡破小戴所有絕招竟然把全台奧運寄望最深明星小戴斬殺在金牌陣前感覺小戴就是靠蠻力狠打現場教練似乎也沒有什麼策略戰術指導台灣教練團隊是不是很??東奧世錦賽都結束了內行專業可以檢討了嗎?????
47,戴資穎世界羽球錦標賽金牌戰對上日本山口茜網路轉播愛爾達三台即時文字比分戴資穎戴資穎第一名
48,戴資穎長年佔據球后寶座但始終沒有在奧運或世錦賽奪牌所以被戲稱積分后今年奧運總算突破魔咒奪銀接著世錦賽又打入決賽即將對上奧運八強止步山口茜還好陳雨菲沒打應該穩了吧?
49,世錦賽四強戰小戴跟中國何冰嬌鏖戰三局最終以報了年仇挺進冠軍戰
50,戴資穎廣告越來越多連都有了郭雪芙比較好吧但有些廣告找她真很不搭行銷公司都沒在鎖定客群嗎有沒有戴資穎廣告越來越多卦
51,例如，至少要有來源或如法新社張詠玲>戴資穎奪最佳女運動員「搶贏陳雨菲」小粉紅心碎喊不公完整新聞內文社論特稿都不能貼，貼喔穩居「世界球后」寶座長達週戴資穎，日前榮獲世界羽聯年度最佳女運動員獎，成為台灣史上第一人，不過消息曝光後卻讓大陸小粉紅們再度玻璃心碎，質疑在東奧奪冠陳雨菲未拿獎不公平，「羽聯評委是心瞎還是眼瞎」這次入圍世界羽聯最佳女球員人選，包括戴資穎陳雨菲西班牙選手馬琳及日本選手山口茜，然而戴資穎勇奪獎項卻讓大陸網友相當不滿，據網易新聞報導，陳雨菲評選期間除了東奧金牌外還拿到座冠軍，包括年福州公開賽香港公開賽廣州年終總決賽年馬來西亞大師賽冠軍，東奧後還和大陸隊奪得蘇迪曼杯優霸盃冠軍，相較之下戴資穎僅獲得年全英公開賽及年年終總決賽兩項冠軍另外，陸媒也質疑戴資穎自東奧後一直處於休息狀態缺席站賽，陳雨菲則是站賽，若不能到場領獎也應頒給山口茜，最後更砲轟大陸這次有人次入選陳雨菲王懿律王懿律黃東萍，都沒有得獎，然而中華隊兩人次戴資穎李洋王齊麟直接抱走兩個獎項，「羽聯是不是有失公允」不過實際上，戴資穎在年賽季中三度於全英公開賽奪冠，創下超級賽女單最多冠紀錄，年終巡迴賽中擊敗勁敵馬琳拿下第座年終賽冠軍，東奧時也打破魔咒勇奪台灣羽球女單首面銀牌，實力無庸置疑完整新聞或短網址當，需提供短網址方便網友點擊備註新聞，，，備註
52,例如聯合，至少要有來源或如法新社劉肇育>羽球我國史上首位戴資穎獲最佳女運動員完整新聞內文社論特稿都不能貼，貼喔羽球我國史上首位戴資穎獲最佳女運動員劉肇育即時報導國際羽聯在今天舉行年度頒獎典禮，其中我國世界球后戴資穎在年度女運動員獎項擊敗強敵陳雨菲馬琳和山口茜，成為我國史上首位獲獎球員，而戴資穎也將在日啟程前往西班牙備戰世錦賽，希望在年度封關賽事繳出佳績已佔據世界球后寶座長達周戴資穎，今年在東京奧運拿下個人生涯最佳女單銀牌佳績，加上年初在三站泰國賽事拿下冠亞成績，讓她順利入圍年度最佳女運動員而在今天線上頒獎典禮上，戴資穎也順利擊敗陳雨菲馬琳和山口茜，拿下生涯首座最佳女運動員獎，成為我國史上首位獲得此殊榮球員戴資穎獲得年度最佳女運動員獎圖勝利體育提供戴資穎雖然未能親自到場接受表揚，但她也透過影片說「很可惜這次沒辦法到印尼參加比賽，很想念在印尼比賽，印尼球迷非常熱情，這次可以獲得這獎項有點意外與開心，之後我還會繼續比賽，希望球迷會繼續支持我，謝謝」完整新聞或短網址當，需提供短網址方便網友點擊備註新聞，，，請?備註
53,古摸你空八哇啊捏哈死呦最近看電視跟發現過了奧運我們羽球之光依然代言不斷最新推出好像是簌龜紫肉跟玩勃液本肥金魚腦記憶今年就有吾勃液喬三賣擋牢種花電姓書跑愛汁胃這種代言量屌打台灣所有女星跟藝人另外她代言費應該也不便宜吧
54,新聞雲謝孟儒戴資穎穿圍裙下廚首秀變出菜湯最愛吃阿嬤家常菜完整新聞內文世界球后戴資穎在今天公布最新世界排名依舊穩坐第，球后週數累積來到週，持續備戰月底西班牙世錦賽，力拼該賽事生涯首牌，同時也在最新廣告中獻出下廚處女秀，直接挑戰菜湯，笑稱自己最愛還是阿嬤家常菜，那是一種幸福台灣味戴資穎在備戰世錦賽之餘，也出席了幾場代言活動和廣告拍攝，在最新醬菜廣告中，小戴首次穿上圍裙，流露可愛小女生甜美風為愛下廚做飯，做出菜湯台灣道地傳統好料理，讓現場大家大讚，小戴不只是球技厲害，連廚藝都讓人驚艷戴資穎說，小時候最愛吃脆瓜仔肉和可以多吃碗飯玉筍炒肉酥冬日養身補氣蔭瓜仔雞湯，都是阿嬤家常料理，「愛就是為愛人準備溫暖餐，我什麼都喜歡吃，但是特別喜歡阿嬤家常台灣菜這是我幸福台灣味」大家都知道，戴資穎和阿嬤感情超好，不但常常合照，出國比賽回國隔離期間都要和阿嬤視訊聊天，還曾經和阿嬤一起打羽球，展現好感情完整新聞或短網址?備註
55,新唐人亞太台陳輝模趙庭譽暌違再出戰戴資穎力拚世錦賽破強完整新聞內文更新時間網址內含新聞影片新唐人亞太台年月日訊接著帶您看到，世界球后戴資穎即將啟程前往月在西班牙舉行世界錦標賽小戴表示，她過去世錦賽最佳成績為強，這次目標就是更進一步穿上迷彩機能保暖外套，世界球后戴資穎說要帶上它，前往寒冷西班牙應戰在奪下東奧羽球女單銀牌後，暌違，小戴準備啟程前往在西班牙舉行世界錦標賽，目標突破過往強成績世界球后戴資穎「比賽接近了就是訓練量也達到一定標準，就希望說去到西班牙時候，可以帶著衝鋒衣取得好成績」年世錦賽，是小戴生涯第度在強賽止步，她透露這次希望能向上提升，拿到獎牌更是，會抱持平常心，積極應對，而她也在貼出了練習影片，向自己喊話「倒數出國日子，加油」你沒看錯桌球也難不倒世界球后，戴資穎日前曬出了一段秒打桌球影片，畫面中不斷與對手來回拍擊，讓粉絲敲碗，希望她與桌球教父莊智淵來一場對打世界球后戴資穎「他應該不想跟我打吧，我這麼爛我應該也不太需要到這麼強對手，隨便一個，可能國小就可以讓我去旁邊休息」謙虛說自己桌球打不好，粉絲則稱讚「感覺小戴每個運動項目都很強」「有什麼事難倒妳」而戴資穎目前坐穩羽球女單第一寶座，世界球后週數累積到週，創下女單世界最久紀錄新唐人亞太電視陳輝模趙庭譽台灣台北採訪報導完整新聞或短網址備註
56,剛剛看到羽球天后小戴有篇廣告造型還以為是某個大老闆有掛大家覺呢
57,民視新聞網年月日體育中心李明融報導優霸盃世界羽球女子團體錦標賽決賽由中國對上日本，最終中國上演逆轉勝，儘管在第點陳雨菲不敵山口茜處於落後，不過中國隊隨後在第點女雙和第點女單連拿點，最終以總點數比擊敗日本，奪下隊史第冠賽後「中國一姐」陳雨菲受訪時，被問到當今心中最前女單前名，她第一位回答就是台灣球后戴資穎陳雨菲在女子團體決賽中出戰第一點，面對日本名將山口茜，沒能守住領先優勢，先以比讓出，第二局也無法扳回讓陳雨菲再以比吞敗儘管中國丟失第一點，隨後單打何冰嬌以及組女雙賈一凡和陳清晨黃東萍和李汶妹皆拿下勝利，連搶點，以逆轉日本，成功奪下隊史第座冠軍賽後陳雨菲接受外媒採訪，被問到在陳雨菲心中排名當今世界最厲害前三名女子單打選手，陳雨菲表示「前哪，這太難排了，前我覺得戴資穎山口茜，現在來說可能還有辛度，奧原希望其實也可以排前，還有馬琳」，另外，被問到連續敗給山口茜次，是否覺得自己很難擊敗對方，陳雨菲表示，從以前交手紀錄來看，本來就比較劣勢一點，近來或許有輸有贏，但對上山口茜從來都不是容易事情網址採訪影片心得秒答??採訪影片就在那裡這樣算秒答丫?世界第一陳雨霏與其他前三強陳雨霏昨日在微博發文宣布退出丹麥公開賽世界第一不需要刷積分來證明自己反觀@@
58,戴資穎揮拍點燃萬發國慶煙火網狂刷我高雄人我驕傲賴文萱今晚點國慶煙火在高雄施放近萬發，其中，吋及吋大口徑高空煙火彈達百發以上，為歷年最多，預計施放時間長達分鐘除了總統蔡英文親臨現場外，許多位防疫英雄，以及代表台灣征戰東京奧運帕運選手們，也搭乘文化遊艇來到高雄港戴資穎也帶領全體揮拍，正式點燃國慶煙火備註分鐘秒吃到飽煙火經濟史上最好超車中國台灣重返榮耀?
59,羽球青春揚溢少女風戴資穎時尚美照大受好評戴資穎時尚美照大受好評高市觀光局提供取自戴資穎，本報合成梁偉銘青春揚溢少女風羽球女單世界球后戴資穎分享日前代言「高雄券」工作照，時尚造型大受好評，更展現有別於賽場上殺氣騰騰獨特魅力「早安，工作照，每次工作都能夠嘗試各種不同造型風格#期待成品」甫於東京奧運打下女單銀牌戴資穎，人氣極旺也不吝於網路社群平台與廣大粉絲們分享生活點滴，今日發出美照更是驚豔四座，只見小戴身著由淺綠淺棕及米白方格色組成短裙套裝，外套裡藏著露肚小可愛，更透過窄裙展現結實美腿，搭配放下馬尾化起美妝，俏皮活潑潮流穿搭引發熱議，許多網友留言「小戴多了女人味」「時尚資穎」「腿好長」「有夠美」「太漂亮了吧」「美呆了」世界羽聯日前公布最新一週世界排名，戴資穎依舊穩居女單第寶座，球后在位週數累積長達週史上最久，持續堆高「小戴障礙」心得有沒有塔我不確定，但是我看到綠斑了自由言論就是自由言論，對於流行觀點和非流行觀點都是一樣我們不可能一邊宣稱這是一個自由國家，一邊又把言論劃為可接受和不可接受兩部分如果有一種檢查制度可以把黨從電視裡剔出去，那麼，同樣制度也許早就把馬丁路德金講話從阿拉巴馬州剔出去了必須聽那些聽不下去話，這正是我們必須為自由支付代價斯蒂芬潘弗
60,這是號脫北女「姜曉」這是戴資穎我們世界球后平常不練球時候都在幹麻啊該不會偷偷加入演藝圈了吧卦?
61,戴資穎為高雄券拍廣告代言劇照搶先曝光更新中央社蔡孟妤高雄日電高市府配合中央振興五倍券加碼推高雄券，找來羽球球后戴資穎代言戴資穎近日在高雄拍攝高雄券廣告，市府今天搶先公布劇照，曝光戴資穎時尚多元裝扮，令人眼睛一亮五倍券高雄加碼元綁定信用卡電子支付消費滿額可領取高雄市副市長史哲日前帶了應景柚子及飯糰米其林一星甜點，到高雄券廣告拍攝現場探班，感謝戴資穎與劇組夥伴，中秋連假依然把握時間，加快拍攝作業高雄市政府今天也搶先公布了戴資穎廣告扮相，相當時尚搶眼繼戴資穎去年替高雄拍攝觀光影片大獲好評後，史哲感謝戴資穎再次同意披掛上陣，將其在奧運羽球殿堂奮戰不懈能量呈現在高雄券上戴資穎並允諾在高雄振興行動及接下來大型節慶與觀光推廣活動，繼續代言高雄史哲說，市府團隊為了冠狀病毒疾病後疫時代產業振興活動，籌組振興小組密集開會討論市府並進行民調發現，民眾最想將振興五倍券消費在日用品電器或餐飲服飾旅遊住宿夜市或小吃休閒娛樂等在加碼方式上，有市民希望是加碼換券，有希望推出消費登錄抽大獎活動，因此市府推出加碼送高雄券，及登錄消費發票可抽大獎等活動史哲強調，市府透過民調了解民眾期望與消費行為輪廓，盼做到精準振興且高雄券全市消費皆可用，不論是用紙本或數位振興五倍券，都可參加高雄券活動，採用元小面額設計讓更多店家受惠陳仁華心得只有我覺得，很像丐幫補釘風嗎自由言論就是自由言論，對於流行觀點和非流行觀點都是一樣我們不可能一邊宣稱這是一個自由國家，一邊又把言論劃為可接受和不可接受兩部分如果有一種檢查制度可以把黨從電視裡剔出去，那麼，同樣制度也許早就把馬丁路德金講話從阿拉巴馬州剔出去了必須聽那些聽不下去話，這正是我們必須為自由支付代價斯蒂芬潘弗
62,戴資穎點鍋燒意麵換冬粉加沙茶那他怎不直接點鍋燒冬粉就好還要意麵換冬粉也太高剛有沒有掛我很好奇
63,例如中時，至少要有來源或如法新社柯宗緯>再談奧運銀牌「其實滿美」戴資穎見陳其邁曝未來下一步完整新聞內文社論特稿都不能貼，貼喔再談奧運銀牌「其實滿美」戴資穎見陳其邁曝未來下一步中時柯宗緯高雄市長陳其邁今日下午在高市府接見東奧高雄市籍選手，包括戴資穎莊智淵吳佳穎高展宏江念欣等人，黃士峰則在台東不克前來雙方密室閉談約個小時後接受媒體聯訪，陳其邁談到，以後高雄有大型活動話，力邀他們當城市代言人，也允諾會當選手後盾，提供必要協助，希望他們繼續為高雄發光發亮陳其邁表示，今天是代表高市政府所有市民，對於奧運代表選手表達感謝，他們在東京奧運無與倫比拚勁，展現高雄市運動選手運動家精神今天也特別聊到未來生涯規畫即將到來運動比賽等話題，高市承諾會提供最好必要照顧，或未來生涯一切必要協助，希望他們繼續為高雄市發光發亮陳其邁相當肯定東奧選手努力拚搏精神，他說，以後高雄有大型活動，「要當我們，要當城市代言人」，給我們更多市民加油打氣，未來高市府也會做運動選手最好夥伴，在他們追求冠軍過程提供必要協助，幫他們加油戴資穎回國隔離出關後，首度受訪直說，現在心情很舒服很放鬆，因為從小都在高雄出生，練習也都留在高雄，是土生土長高雄人，覺得高雄慢慢進步，對體育更加支持，也謝謝市長今天願意聆聽選手意見至於下一步戴資穎說，賽事接續蠻緊湊，會去思考做取捨，年底還有世錦賽，但因為隔離出去進來，可能會來不及，會再思考最後要參加哪些賽事媒體追問會再拚奧運嗎戴資穎笑說「好像還很久欸，我先以準備年底比賽為主」，最近在放假階段，還沒恢復訓練她日前在上出銀牌高清照，她說，賽後本來不想看它，就連收進盒子都是別人收，直到最近跟奶奶一起分享，才仔細去觀察它「其實滿美」莊智淵則說，感謝市長邀請大家，閒話家常聊到比賽未來規畫，市長也給拒提建議對於選手生涯規畫可提供哪些幫助，而今年下半年他也陸續有賽事要準備「射擊甜心」吳佳穎先前紅到上日本熱搜，她今笑說，第一時間不知道，直到友人傳訊息才知道，蠻開心透過這次奧運被不同國家民眾看到，接下來目標月全運會將代表高市出賽，明年亞運也全力以赴江念欣則相當省話，酷酷說接下來目標瞄準月全運會日前高雄桃源區斷橋，高展宏家中芒果園也受到牽連，事後曝光後買氣大增，高展宏今透露，芒果現在可能快沒有了，如果想吃就明年再來，「就是我自己包裝給你們」，請大家多多捧場，近期則會準備全運會完整新聞或短網址當，需提供短網址方便網友點擊備註一個人三天只能張貼一則新聞，，，備註
64,自由吳孟倫戴資穎為台灣放棄世界第一大支感動「難怪贏得熱愛」完整新聞內文饒舌歌手大支關注時事，也在東京奧運時為台灣健兒加油，昨他發表新歌，獻給球后戴資穎及其他努力拚搏選手大支受訪時表示疫情期間大家都很負能量，因此想藉由奧運傳達一些正面思想，「奧運不只勝負給我們激勵，還有很多比勝負更重要啟示，都是很正面能量」大支大學時就讀台北體院今台北市立大學，是柔道選手，因此很能理解選手們辛苦他在看戴資穎比賽時相當感動，之後更發現年時世大運與羽球世錦賽撞期，戴資穎放棄高積分世錦賽，留在台灣拚世大運，希望把獎牌留在台灣，由於少了世錦賽積分，戴資穎中斷了稱霸女子羽壇紀錄，大支說「這位球后能長久贏得台灣人熱愛，不只是因為她拿到世界第一，而是她為台灣放棄了世界第一」除了戴資穎，大支也在歌中寫到桌球好手莊智淵，「他每次比完賽得到最多關注時，他不會說自己事，而是在社群網站有關流浪動物事情，我覺得真好棒」大支表示「我們看只是運動場上競技，但其實背後有很多故事，奧林匹克格言是更高更快更強，但我們追求遠不止這些」完整新聞或短網址備註笑著流淚?
65,游郁香戴資穎終於看了銀牌好幾眼其實不錯看回顧年變化依舊少女完整新聞內文世界球后戴資穎在東奧「銀恨」，她曾直言本來連牌都不想看一眼，想到受到許多人幫助才轉念，她返國也沒像其他奪牌選手戴上獎牌如今事隔周，她終於仔細看了銀牌好幾眼，並與粉絲分享「高清近照」，笑說「其實你不錯看啦」加上一個笑哭表情，看起來已經調適好心情戴資穎在東奧奮戰到膝蓋和雙腿紅腫，最後與金牌擦身而過，留下了遺憾，她曾失望坦言「本來連牌都不想看一眼」，想到這趟奧運之旅受到許多人幫助才轉念事隔周後，她在個人動態分享了「銀牌高清照」，「我終於仔細看了你好幾眼，其實你不錯看啦」加上一個笑哭表情值得一提是，戴資穎結束東奧返國時，她在桃園機場並未像其他奪牌選手一樣，將獎牌戴在脖子上，當時也未接受採訪，所幸現在看起來已經調適好心情外界十分關心戴資穎下一步，她表示今年就是把東京奧運作為目標，至於是否就此退休，會先讓自己休息後再來想一想，「等這一切結束，之後再決定怎麼樣」正在休息戴資穎時常透過與粉絲分享生活，她今日也貼出自己年來變化，照片上有年年和年比賽證，隨著時間推移，只有「嬰兒肥」消失，模樣還是當年「天才少女」，洋溢著青春完整新聞或短網址?備註
66,沒有對運動員不敬意思舉重選手首重下盤與核心發力她下面不是一般男人可以駕馭大概進去兩三下就出來了性愛不美滿婚姻維持會比較辛苦
67,一位是舉重屢屢創新紀錄世界金牌一位是不屈不撓悍將羽球世界球后兩位體壇女神身上很有氣息且身材都很是精實下了戰場都是很有女人味跟溫柔一面啊這兩位如果要選一位當女朋友鄉民會怎麼選啊請附理由謝謝
68,超狂神技東奧銀牌戴資穎球打滅燭火自由梁偉銘羽球女單世界球后戴資穎在東京奧運奪下銀牌後，返國進行檢疫隔離，她今於臉書粉專放上一段精彩影片，挑戰用顆羽球快狠準滅掉根蠟燭燭火，超狂神技讓廣大粉絲們驚呼留言「強大」「厲害」「太神了」「不愧是球后」戴資穎今於臉書分享這段最新影音，原來她在贊助商力邀之下，小試身手秀出操控羽球落點絕佳力量與技巧，儘管她謙稱「第一次挑戰滅五根蠟燭，一開始還覺得不太可能成功呢」揮拍先用羽球順利擊中第一根蠟燭燭芯「滅火」後，接下來小戴「升級」挑戰五根蠟燭，儘管首次沒有全滅，稍加調整再來一次，果然就一口氣打掉根蠟燭燭火戴資穎結束隔離出關後，即將有相關公開行程，包括本月日赴高雄市府接受頒發獎金等，屆時國內球迷可望重睹天后丰采好奇消防隊代言費?
69,等對面球打過來不要打然後用頭去頂把球頂到外面就算出界這樣自己就得一分只有我想到嗎??
70,現在正在打羽球團體賽奧運後應該比較多人關注運動現在小戴還在隔離期間那她會看全明星運動會嗎有看話會在想什麼
71,例如，至少要有來源或如法新社羅惠齡>殘念看不到戴資穎「麟洋配」在自家獻技台北羽球公開賽宣布停辦完整新聞內文社論特稿都不能貼，貼喔殘念看不到戴資穎「麟洋配」在自家獻技台北羽球公開賽宣布停辦分鐘前睽違年台北羽球公開賽，原本預定今年月日到日於台北小巨蛋恢復舉行，球迷有機會看到在東京奧運奪女子單打銀牌戴資穎，雙打金牌李洋王齊麟「麟洋配」，羽球一哥周天成等參加東奧羽球明星在台灣獻技，但受到新冠肺炎國際疫情也未趨緩，週邊國家亦有擴散情形，國內持續執行邊境嚴管措施主辦單位世界羽球聯盟在考量國際疫情因素及賽事安全維護可行性後，與中華羽協教育部體育署研議後決定取消台北羽球公開賽中華羽協在此向參與籌備賽事協辦單位贊助廠商報名選手們及所有熱心支持球迷朋友們，表達歉意與感謝，並期待疫情早日緩和羅惠齡完整新聞或短網址當，需提供短網址方便網友點擊備註一個人三天只能張貼一則新聞，，，備註
72,我韓粉歷史奧運得牌數破紀錄體育署長因為戴資穎下台知名女星因為戴資穎丟掉三千多萬代言今年戴資穎是不是煞氣很重
73,影片是麟洋配和小戴對打練習片段可以看出小戴屌打男雙金牌組合所以小戴照正常實力發揮是可以打贏男雙金牌，這次女單真是大意失荊州?
74,引述之銘言蘇晏男台北報導網謠傳「曾資助戴資穎打桌球」韓國瑜譴責行為令人相當不齒完整新聞內文世界羽球球后戴資穎在東京奧運奪銀創紀錄，不料網路上卻捏造故事，指前高雄市長韓國瑜在任期間，知道有位女孩非常喜歡打桌球，但由於家境貧困，無力培養，因此贈送桌球桌跟桌球拍，而那女孩就是「桌球天后」戴資穎對此，韓國瑜日透過社群媒體嚴正譴責，該篇文章荒謬至極錯誤百出根據臉書社團「唯一支持韓國瑜擔任國民黨主席，再戰」一篇文章寫道，「溫馨小故請轉錄分享幾年前在高雄有個女孩，她非常喜歡打桌球，但是小女孩家境十分貧窮以致於只能用塑膠片綁一根，木頭當球，再用舊報紙揉成一團當球，天天在愛河邊練習「韓國瑜當選高雄市長後，知道女孩事蹟，於是某一天私，下一個人去拜訪女孩，知道孩家境貧困，實在無力培養女孩，於當場贈送女孩一張國際頂級桌球桌跟一頂級桌球，韓市長並勉勵女孩，期望女孩有朝一日能替中華台北爭光，女孩開心極了，臉上露出幸如陽光般燦爛笑容」「這女孩就是今年代表中華台北隊，取得桌球銀牌桌球天后一戴資穎」對此，韓國瑜表示，最近網路上有一個稱他支持者社團，利用戴資穎名號，杜撰出一「韓市長資助戴資穎打球」文章，在此嚴正譴責他說，雖然該篇文章荒謬至極錯誤出，但刻意將他與戴資穎名字代入，此行為令人相當不齒，儘管奧運賽事已經落幕，期台灣人仍能保有尊重運動家精神，切勿以選手身分惡意散播不實言論，打擊運動員精完整新聞或短網址備註蔡母豬真很誇張韓總都已經退隱江湖，還要動用瑋豐集團做如此抹黑真令人不齒幹看來韓導自己智商其實還正常啊，也知道那是反串怎麼總統那局卻失智到被反串和低能腦粉給推了一把當初總統選到後面我都懷疑韓導其實是民進黨派來搞破壞希望他智商能好好維持下去，別再被反串仔給騙出來選，以後也別再出現最好
75,蘇晏男台北報導網謠傳「曾資助戴資穎打桌球」韓國瑜譴責行為令人相當不齒完整新聞內文世界羽球球后戴資穎在東京奧運奪銀創紀錄，不料網路上卻捏造故事，指前高雄市長韓國瑜在任期間，知道有位女孩非常喜歡打桌球，但由於家境貧困，無力培養，因此贈送桌球桌跟桌球拍，而那女孩就是「桌球天后」戴資穎對此，韓國瑜日透過社群媒體嚴正譴責，該篇文章荒謬至極錯誤百出根據臉書社團「唯一支持韓國瑜擔任國民黨主席，再戰」一篇文章寫道，「溫馨小故事請轉錄分享幾年前在高雄有個女孩，她非常喜歡打桌球，但是小女孩家境十分貧窮，以致於只能用塑膠片綁一根，木頭當球，再用舊報紙揉成一團當球，天天在愛河邊練習」「韓國瑜當選高雄市長後，知道女孩事蹟，於是某一天私，下一個人去拜訪女孩，知道女孩家境貧困，實在無力培養女孩，於當場贈送女孩一張國際頂級桌球桌跟一頂級桌球拍，韓市長並勉勵女孩，期望女孩有朝一日能替中華台北爭光，女孩開心極了，臉上露出幸福如陽光般燦爛笑容」「這女孩就是今年代表中華台北隊，取得桌球銀牌桌球天后一戴資穎」對此，韓國瑜表示，最近網路上有一個稱他支持者社團，利用戴資穎名號，杜撰出一則「韓市長資助戴資穎打球」文章，在此嚴正譴責他說，雖然該篇文章荒謬至極錯誤百出，但刻意將他與戴資穎名字代入，此行為令人相當不齒，儘管奧運賽事已經落幕，期盼台灣人仍能保有尊重運動家精神，切勿以選手身分惡意散播不實言論，打擊運動員精神完整新聞或短網址備註蔡母豬真很誇張韓總都已經退隱江湖，還要動用瑋豐集團做如此抹黑真令人不齒
76,自由財經林菁樺台北報導台灣羽球球后戴資穎長年在海外征戰，海內外都享有高知名度，即將在高雄開設「戴萌」個人品牌概念店戴資穎相當注意商標重要性，二一七年底已向經濟部智慧局申請及版人像圖商標，註冊領域涵蓋首飾馬克杯帆布背袋恤羽球拍五大類別戴資穎替台灣搶下二二東奧羽球女子單打銀牌，人氣更是高漲，社群軟體追蹤數在東奧賽事期間暴漲，從賽前四五十萬人到結束後至今，已有一四四萬人，動向受高度關注為戴資穎英文拼音縮寫，根據網站說明，此設計是透過鑽石造型，切割出字母象徵堅若磐石牢不可摧，如羽球界鑽石持續發光發亮而戴資穎個人品牌概念館落腳高雄，戴資穎姊姊戴靖潔過去經常擔任電視台球評，已證實將回到高雄經營「戴萌」，預計會銷售戴資穎代言個人周邊等相關產品戴資穎對商標布局相當有概念，經濟部智慧局商標系統顯示，戴資穎在二一七年底申請商標，隔年取得及版圖商標權，專用期限將到二二八年，而戴資穎所申請類別有五大類，可適用手鍊戒指等首飾，錢包背包運動用提背袋，馬克杯保溫瓶瓷製擺飾品，恤休閒服運動服帽子襪子，羽球拍運動用護腕健身器球員卡等商品頂尖運動員除代言找上門外，推出個人品牌也是趨勢，今年奧運羽球男子單打冠軍丹麥名將安賽龍平時就善於經營社群，包括微博等，也創立個人品牌和，銷售恤帽子益生菌等商品網址心得這些心私用來專心練球會不會就得金牌了??
77,戴資穎決賽後臉書貼文萬個讚全球運動員之最中央社吳家豪台北日電東京奧運落幕，臉書今天公布過去週賽事期間全球運動員社群排行榜，羽球世界球后戴資穎在女單決賽後貼文共獲得超過萬個讚，高居榜首奪下全球第名臉書貼文來自羽球選手王齊麟，他獲得羽球男雙金牌賽後貼文共獲得超過萬個讚在臉書全球運動員增加粉絲最多排行榜中，戴資穎再度躍居第一，東奧期間共獲得超過萬個新增追蹤數，成為臉書全球獲得最多新粉絲運動員王齊麟新增萬個新粉絲，位居全球第在臉書旗下影像社群平台全球互動數最多運動員排行榜中，戴資穎以萬個互動次數躍居全球第名臉書數據顯示，東奧期間獲得最多新追蹤台灣運動員依序為戴資穎楊勇緯王齊麟林昀儒李洋，分別新增約萬萬萬萬萬個新粉絲以年齡來看，過去週在臉書上討論台灣人，最瘋運動年齡層為至歲，約占其次為至歲族群若以性別來看，在台灣超過臉書相關討論由女性發起楊凱翔小戴真是台灣目前最火運動員
78,一個是舉重女神一個是羽球世界球后兩個都是台灣女性運動員代表，也都在東京奧運有佳績，假如鄉民有機會認識其中一位，想問各位會選誰
79,?&外媒整理戴資穎擁有獨特技巧球打法戴資穎資質與天份，如果轉籍在重視栽培國度，會不會成為極進化羽球天后又會享有什麼樣待遇呢現在是世界第一等可是待遇卻沒有一等一還請鍵盤國策顧問解惑
80,網路上噁心文章和言論沒少過戴卻嗆人站在場上不是你兩位情商一比起來是不是略輸台大五姬之首呢
81,就是大家只能鼓勵她都不能批評嗎?有網友在評論她金牌戰比賽本人知道後在限動貼出那篇貼文然後說站在場上不是你，覺得我失誤太多，可以不要看我打球，謝謝!結果發文網友馬上被大家攻擊後來好像還把關閉了原來公眾人物影響力這麼可怕讓我知道人類是這麼好操控身為一位世界球后羽球女單第一名這樣運動員高度是不是不太夠啊?像是座經濟艙去日本也是阿哈哈笑死怎麼感覺有不開心事情就上網抱怨不過那場技不如人也是事實啦整場幾乎分數都是自己把球打到界外把分數送人我當然也不是一日球迷阿我知道他打球都喜歡打雕鑽角度不然很難取分可是當你失誤多了你就正常打球就好啦看誰稱久這麼簡單都不會哈大家怎麼看運動員高度也可以舉例一下呀像是中國桌球世界男單第一樊振東再跟小林同學戰鬥中好不容易贏了賽後採訪也是稱讚說，小林他進步成長很快，確實有這樣實力這是不是就是所謂運動員高度
82,引述之銘言戴資穎本次奧運擊敗伊瑟農辛度兩大強敵殺到金牌戰只是最後輸給真球后陳雨菲這銀牌來得實至名歸應該沒什麼好批評吧說失誤多也是因為對手防守太強殺不進被迫打險球造成所以就只是對方實力較強但結果也證明了自己世界第二地位也是很輝煌成就了吧搞不懂一堆人在悲憤什麼呢最悲憤應該是戴資銀本人吧鄉民根本純看戲你可以親自她本人問起碼會有上萬人幫她回答
83,飲料店老闆娘鄉民女神滴妹剛剛承諾了戴資穎來買她飲料店飲料能「終身免費暢飲」滴妹是不是人美心善有八卦嗎
84,前幾天有人發文說金牌戰戴失誤太多戴馬上回文開嗆不爽不要看我打球還有政論節目幫戴護航本狼不懂羽毛球也無意評論戴資穎到底打好不好不過我就問如果今天是比棒球某投手對韓國隊一局失分賽後被網友他投不好該名投手馬上發文開嗆酸民不爽不要看老子投球風向還會一樣嗎有八卦否
85,東森轉播戴資穎金牌戰被譙太吵丁元凱隔天鬆口道歉了太過真情流露潘慧中東森主播丁元凱在東奧期間擔任播報員，日轉播戴資穎金牌戰時，卻引起部分網友不滿，被批過於吵鬧態度不專業，臉書一度被灌爆，他第一時間解釋自己是「熱鬧型主播」，無法滿足所有人，但事隔天，他在臉書發文表達歉意了，「必須為我有時太過真情流露激情道歉」丁元凱為自己有時候真情流露致歉圖翻攝自翻攝自熱血主播丁元凱丁元凱知道他播報方式引發了不少討論，他發自內心地感謝一切指教，同時也想為自己有時候過於真情流露情緒道歉，「有些用字語詞太過口語，這是我缺點，但也是優點」但不可否認是，他熱血愛國表裡如一，「經得起檢驗丁元凱日前轉播戴資穎金牌戰方式引發網友討論圖翻攝自翻攝自熱血主播丁元凱此外，丁元凱也表示這年來，他努力做好每次轉播，無論是世足賽或是本屆奧運，「我把握每次機會，試圖做好兼具娛樂性與專業性主播」他會盡力做到最好，因此非常謝謝網友建議，「讓我在時代洪流不被遺忘，讓我可以與時俱進」丁元凱臉書全文謝謝觀眾肯定，東森愛體育在這次東京奧運創下有線台史上新高收視率，謝謝元凱鐵粉一路上給力挺與鼓勵，激情過後，我們還是一家人，我們愛台灣心，都是一樣每一晚，我們都守在電視機前，幫來自台灣選手加油，無論勝負，都是我們驕傲過程中我們同感激昂，興奮失落狂喜惋惜但無論如何，全台灣人民心被凝結在一起每位選手拼搏鬥志，已經給了我們無比勇氣，每位都是我們心目中金牌，足夠完美過程中，元凱播報引發了不少討論，我由衷感謝所有指教我也必須為我有時「太過真情流露」激情道歉，有些用字語詞太過口語，這是我缺點，但也是優點，我熱血愛國真誠表裡如一，經得起檢驗年過半百我從小身體力行運動，高中打籃球大學打壘球，現在依然熱愛在球場上奔馳，休閒時間遍覽各國體育競賽，體育是我生活有幸踏入媒體，從最基層做起，每天一條條新聞採訪累積，一次次受到長官肯定我努力做好每次轉播，年來，從保齡球划龍舟世足賽，到這次奧運，我把握每次機會，試圖做好兼具娛樂性與專業性主播我全力以赴，而人生永遠還有更完美空間，謝謝你們建議跟砥礪，讓我在時代洪流不被遺忘，讓我可以與時俱進可以把自己嗜好和工作結合，真很幸運我真心感謝老闆信任長官肯定，但更感謝堅持年來自己再次謝謝大家支持東森奧運轉播，東森有更大願景，我們希望當台灣體育後盾，每一個你支持，都是選手們重要前進力量身為一個資深體育迷，我也想幫忙請命，除了請大家鎖定官方轉播，也請大家支持職業球隊買票進場看球訂閱體育電台培養運動興趣購入體育用品贊助體育活動，讓台灣一年到頭都有大大小小賽事，滿場觀眾和滿地感動，讓台灣成為真正體育大國我們台灣熱血又熱鬧愛國主播丁丁這陣子奧運播報風格引起了廣大迴響他又再一次正式做了說明與道歉另外對於過度抹黑造謠鄉民熱血愛國主播也開始準備有所行動蒐證反擊經典熱血回顧新聞趴趴丁元凱量販店現場台灣有怪風丁元凱趴趴貓懶新聞趴趴丁元凱夜市現場新聞趴趴丁元凱健身中心現場
86,看到阿宅在那邊陳雨菲很正我都想笑了一日羽球迷吧!!如果不是我婆大堀彩忙著跟我約會沒入選奧運怎麼會有他們幾個金牌戰可能呢幾隻影片讓阿宅聞香一下?&&?&&?&&我大堀彩是不是羽球界顏質第一美女啊!?又正腿又長皮膚又好至於球技什麼重要嗎?
87,三立新聞網東奧蔡英文送餐藏玄機戴資穎感動我最愛早餐黎冠志台北報導球后戴資穎在東京奧運羽球女單奪下銀牌，日下午凱旋歸來，除了分享幻象伴飛第一人稱視角，她也發文感謝行政院高雄市長陳其邁等大咖贈送「加油包」，內容物讓她好驚喜稍早，她也在曬出總統蔡英文送早餐，而且還是她最愛那家請繼續往下閱讀蔡英文送餐藏玄機，戴資穎感動我最愛早餐圖翻攝自戴資穎戴資穎載譽歸國，因為防疫措施，她目前正在隔離狀態，不過各界對她愛絡繹不絕，其中，她也曬出總統蔡英文送早餐，讓她忍不住感動直呼「謝謝總統送上我最愛早餐」會讓戴資穎這麼感動，其實是因為蔡英文老早就調查好，戴資穎愛吃是高雄「田記豆漿」蔡英文也附上一封信，表示「敬愛戴資穎選手，謝謝你這些年來，用無比拚勁，讓世界認識台灣奧運出賽辛苦了，好好休息後，繼續備戰未來」?&&&&三立都證實了戴資穎感動鄉民應該沒辦法亂罵亂噓了吧
88,如題誠心發問在奧運最高殿堂最高決賽眾目睽睽下輸掉這重中之重可說本屆奧運最重要一場賽事讓全國鄉親父老陪她一起聽「起來不願做奴隸人們」我們王牌小戴會不會有心魔啊這樣她下次遇到陳雨霏還能平常心面對嗎有沒有機會復仇雪恥呢雖然看起來兩個人私底下交情不錯啦但是肯定會再次交手到時國仇家恨一次清希望小戴別再輸了一直失誤總不是個事啊大家能理解我看法吧
89,文姿云我剛剛搜尋文姿云對戰視頻我覺得這比賽感覺很粗暴他沒有頭套但又有踢頭動作把一個正妹弄得很猙獰樣子不優而且我在想一個問題我本身身高體重如果說文姿云半夜被我遇到我真想對她怎樣話那她有可能會被我壓倒嗎??還是我會被她打趴??這種比賽訓練可以應用在日常實戰上嗎??還是說比賽歸比賽實際上她會被我完全壓制??喔對我是不講武德
90,記得當時有當過世界第一成為球后後變成廣告紅人每次上網或者去賣場都有看到廣告之後好像在金牌戰輸給誰忘了有人記得當時小戴羽球多強嗎
91,戴資穎台灣國民女神捧著奧運銀牌光圈人正知名度高文姿云小清新剛拿下空手道銅牌人氣攀升中若選一個當女友該選誰沒有都要小朋友選項唷啾咪
92,正面思考金包銀被迪迪包圍負面思考閃屁金牌掛出來又比個心碎是在嘲諷我金牌夢碎喔
93,銀牌戴資穎站在雙金牌中間旁邊兩個人還在放閃在想甚麼有沒有八卦感覺她心情真很不好耶小戴加油你最棒不需要證明甚麼推文前推程式隨機推每推發幣請推小戴加油你最棒
94,戴資穎本次奧運擊敗伊瑟農辛度兩大強敵殺到金牌戰只是最後輸給真球后陳雨菲這銀牌來得實至名歸應該沒什麼好批評吧說失誤多也是因為對手防守太強殺不進被迫打險球造成所以就只是對方實力較強但結果也證明了自己世界第二地位也是很輝煌成就了吧搞不懂一堆人在悲憤什麼呢
95,新聞雲賴文萱陳其邁暖迎戴資穎「讓她吃好睡好」小戴曬照認證真收到了完整新聞內文結束東京奧運賽事世界球后戴資穎，日下午返國，將返回家鄉高雄進行隔離，高雄市長陳其邁昨則臉書發文「小戴，歡迎回家」，強調未來幾天市府將會照顧好小戴，讓她吃好睡好今日戴資穎也在曬出收到禮物，其中一份就是陳其邁送來「加油包」陳其邁昨天發文表示「在發文當下，我們心裡英雄小戴，以及小戴強大幕後團隊，已經抵達台灣，這幾天，市府也會協助將小戴照顧好，讓小戴吃好睡好，獲得充分休息與滋潤之後，未來再踏出每一步都能充滿無窮能量與戰鬥力」戴資穎今則開箱收到慰問品，忍不住拍下禮物，並感謝個人，「謝謝蘇貞昌院長及潘文忠部長勉勵，送上美味鼎泰豐，也謝謝鼎泰豐楊董事長送上禮盒另外，也謝謝陳其邁市長送來加油包」在高雄市政府送去禮物中，更附上印有版戴資穎卡片，內容寫道感謝您們盡力與拚勁，這一份加油包，致我們心裡英雄超人像畫也讓戴資穎本人直笑「係哇餒是我餒」陳其邁曾經邀請戴資穎擔任高雄觀光大使圖高雄市觀光局提供陳其邁先前提到市府體育政策，針對體育選手培訓，高雄體育政策會在有綱領性指導性原則下逐一推動，運動競技人才培育制度包含選訓賽輔獎項目，涵蓋師資養成扎根基層選拔優秀選手打造優良訓練環境，到進入國際賽事，訂定獎勵等方式陳其邁說，這波疫情結束後，市府會設置運動發展基金，評估運用場地收入來挹注選手，並整合民間資源，一同加入培育選手行列，讓運動產業發展可以走得更長遠完整新聞或短網址?備註給妳億
96,戴真也為國家貢獻很多了只是比較年輕氣盛，不合某些人口味不過我還是很想問一下回來時候，你到底要坐甚麼艙?不知道有沒有頭等艙?
97,新聞網施旖婕戴資穎深夜罕見動怒被批沒奪金失誤說重話「站在場上不是你」完整新聞內文世界羽球球后戴資穎昨日下午返國，但這一次回國她走低調路線，在接機會上婉拒受訪不過戴資穎在深夜卻罕見動怒發文，回應網友質疑她這次未能奪金牌，在場上頻頻失誤太多，戴資穎透過限時動態說重話「站在場上不是你」戴資穎今日凌晨發了一篇限時動態，她措詞強硬回嗆網友「站在場上不是你，覺得我失誤太多，可以不要看我打球，謝謝」「還有沒有什麼叫做看好奪金，這兩面牌都是突破」戴資穎深夜動怒發文翻自戴資穎戴資穎試圖回應網友種種質疑，有網友質疑她這次在金牌戰上表現，頻頻失誤，打了太多界外球此外，網友還質疑戴資穎回擊球時，球都打在網子前面，無法過網得分網友批評，以上種種表現，導致她這一次敗給中國選手陳雨菲，未能奪金戴資穎這次回國，在接機會上婉拒受訪，在上也故意發了「黑畫面」翻自戴資穎不僅如此，網友還批評這次奪銀「鞍馬王子」李智凱，認為這一次他也應該奪金，但最後還是銀牌坐收但戴資穎也特別發文，維護李智凱「還有沒有什麼叫做看好奪金，這兩面牌都是突破」戴資穎中和李洋左王齊麟抵達桃機時合影隨後戴資穎還另發一篇限時動態表示「不用替我打抱不平，我打球是為了自己，只是打球為我帶來了你們」並表示自己會適應各種聲音，然後繼續專注在該做事情上，也希望用正面能量影響大家，「因為做了多少努力和發揮怎樣，我比誰都還清楚」施旖婕完整新聞或短網址備註蟑螂網美表示
98,這時候就是詹家姊妹是好超級榜樣了你看詹家不管贏或輸網路一率罵爆酸爆贏也酸輸也罵人家詹家還不是好不快樂去各式逍遙遊姓戴跟詹家多學學臉皮增厚術啦不用玻璃心要有那種就算墊底拿最後一名也沒在鳥酸民魄力啦
99,新聞雲呂晏慈台北報導幻象伴飛戴資穎麟洋配蔡壁如發文誤植東奧羽球獎牌「銀銅」完整新聞內文東京奧運台灣代表團屢傳捷報，日幻象戰機伴飛搭載台灣選手回台華航班機，對此，台灣民眾黨立委蔡壁如日透過臉書呼籲應鬆綁財稅法規中對於企業贊助選手限制，她表示不是只有拿牌才是英雄，但發文卻意外出包把羽球麟洋配與世界球后戴資穎得牌數誤植為「銀銅」蔡壁如表示，這次台灣選手們在東奧表現傑出，拿下金銀銅，堪稱是「最強中華隊」，總統蔡英文為表達政府對體育支持，安排架幻象戰機在空中迎接搭載選手回台華航班機，「確很帥但我想說是，不是只有拿牌才是英雄」，強調厚植競技體育實力來自厚植參與選手群開始，厚植參與選手群從厚植全民運動參與開始蔡壁如表示，她作為國家最高民意代表，呼籲政府除了黃金計畫之外，要提出厚植全民運動參與有效計畫，也要提出厚植參與競技體育選手計畫，並且要能在財稅法規上鬆綁對競技體育選手與單位贊助，讓更多企業能夠直接有效贊助更多選手與訓練計畫不過，蔡壁如在舉例時談及，「桌球有歲林昀儒選手與鄭怡靜選手得到銅牌，羽球則有麟洋配與世界球后戴資穎得到銀銅，都打破了紀錄」，不過她卻把羽球奪牌數搞錯，雖然發文個多小時後即改回正確「金銀」，在文章紀錄仍可看出原本誤植獎牌數完整新聞或短網址備註
