﻿,content
0,新聞雲楊晏琳台北報導「小林同學」林昀儒驚傳確診陳時中可能是陰陰陽陽完整新聞內文桌球國手「小林同學」林昀儒驚傳返國採檢陽性反應確診對此指揮中心指揮官陳時中表示，全團並沒有傳出其他陽性個案，林昀儒目前沒症狀，推測可能是「陰陰陽陽情形」陳時中表示，全團落地都會採檢，目前並沒有傳出其他陽性個案另外，國外疫情比較嚴重，他認為林昀儒可能是陰陰陽陽情形，不過還要看後續採檢狀況才能判定陳時中也提到，從林昀儒案子可看出，現在很多都是輕症，「以往確診，要參加比賽可能性就很低啦」完整新聞或短網址需放媒體原始，不可用轉載媒體備註
1,驚你老母他有重症嗎需要插管嗎送嗎身體不適嗎驚你媽
2,新聞雲葉國吏快訊「小林同學」林昀儒驚傳確診返國落地採檢陽性完整新聞內文桌球國手「小林同學」林昀儒驚傳返國採檢陽性反應確診根據民視新聞報導，林昀儒剛結束在卡達球星挑戰賽，日晚間搭機經泰國轉機返回台灣，抵達桃園機場進行落地採檢驗出「陽性」反應對此消息林昀儒媽媽沒有否認，僅回應還在等待消息，謝謝大家關心桌球國手「小林同學」林昀儒與國手鄭怡靜組成黃金混雙，日在球星挑戰賽決賽，再度對決法國組合黎貝森袁嘉楠，最終林昀儒鄭怡靜可惜遭到對手直落三，收穫亞軍完整新聞或短網址需放媒體原始，不可用轉載媒體備註小林同學加油希望不要影響後續比賽表現例如等非直接官方新聞不被允許，至少要有來源或如法新社>完整新聞內文社論特稿都不能貼，貼喔完整新聞或短網址需放媒體原始，不可用轉載媒體當，需提供短網址方便網友點擊備註新聞，，，備註
3,梁偉銘桌球中國玻璃心碎滿地林昀儒鄭怡靜奪冠國旗風波完整新聞內文東京奧運銅牌組合林昀儒鄭怡靜，上週在挑戰賽杜哈站連勝局未失，強勢搶下今年首座冠軍，也是林鄭配年合拍以來第冠，不料當時卡達桌協官方限時動態出我國國旗，卻讓小粉紅玻璃心碎滿地，中國桌協抗議後世界桌總被迫道歉，也引發各界熱議混雙世界第林昀儒鄭怡靜，決賽強勢擊敗排名第印度組合賈納納塞卡倫芭特拉，賽後卻餘波盪漾，原來當時卡達桌協上網宣傳賽事炒熱氣氛，限動還秀出我國與印度國旗，鼓勵兩國球迷各自為自家選手加油打氣，沒想到此舉卻讓敏感中國網友失控捉狂，紛紛出征痛批卡達桌協之餘，還由中國桌協提出官方強烈抗議，意外形成另類話題在沉重壓力下，透過微博回應「世界乒聯收到來自中國乒協交涉，卡塔爾乒協社交媒體在對常規挑戰賽多哈站賽事進行推廣時，使用了錯誤中華台北旗幟經查證，該錯誤系卡塔爾賽事組委會技術人員造成，卡塔爾乒協立即對此進行了糾正並就該錯誤致歉，同時向世界乒聯保證後續不再出現類似情況世界乒聯將進一步采取措施加強監督避免該類事故發生，並對各賽事組委會進行培訓」完整新聞或短網址需放媒體原始，不可用轉載媒體備註希望能看到中職球星拍一支如此有質感廣告
4,局大戰險勝馬龍讚林昀儒世界最好運動員劉肇育即時報導我國桌球好手林昀儒昨天在大滿貫新加坡站賽事，於男單強賽與前世界球王馬龍展開局激戰，最終以局數敗下陣來無緣強，不過賽後馬龍仍是盛讚林昀儒表現，除了直言他已經是世界上最好運動員，前三板與發球接發球都是世界上最好相差歲林昀儒與馬龍在昨天賽前國際賽生涯度交手戰成平手，而昨天兩人再度碰頭也打得難分難解，林昀儒在先下首局後，被馬龍連追兩局聽牌，不過第局他頂住壓力將戰線延長到決勝局，只可惜最終仍是敗下陣來而馬龍賽後在接受訪問時也大方稱讚林昀儒表現，他說「林昀儒確實已經是世界上最好運動員，必須要能夠全力以赴，從第一顆球開始做好困難準備，賽前也要做好打五局準備，第一局上來還是被人打得沒戲，發球接發球都非常被動，從第二局開始節奏放慢，打了幾個相持，才找到一些節奏」馬龍也表示，林昀儒前三板發球與接發球都是世界上最好，與他對戰也很難佔得特別多優勢，只能在防守反擊中尋覓機會，談到第局拉鋸戰，他說「林昀儒在接發球上給我很多壓力，質量都非常高，有時候讓我發球都覺得沒球法」台北天龍國桃園火之國台中槍之國台南忠之國高雄暖之國新北神父國
5,引述亂轟阿翔之銘言馬龍林昀儒是世上最好選手黃建霖我國桌球好手林昀儒在新加坡大滿貫男單賽強賽，面對兩屆奧運金牌得主馬龍，在激戰了局之後惜敗不過這位中國大陸名將賽後稱讚林昀儒是「世界上最好選手」之一，並直言後者在發球接發球以及前三板上擁有優勢林昀儒在本場比賽打出熟悉球風和節奏，一路殺進到了強，面對馬龍他首局進攻火力全開，以先下一城不過次局開始對手開始掌握比賽局面，以連下兩城反超聽牌第局林昀儒放手一搏，和對方一路搏殺，以將戰局扳平但只可惜決勝局老經驗馬龍還是更勝一籌，早早就打出了分數優勢，最終也一路領先到結束賽後受訪時，馬龍表示，「林昀儒是當今桌壇最強運動員，我從第一個球開始做就做了會打得很困難準備，也有打滿局心理準備第局，無論是發球或接發球，我表現得都不好第局開始慢慢找到節奏這場比賽主要贏在後手球，林昀儒發球接發球以及前三板都是世界上最好，我很難占得優勢，只能從防守反擊中尋覓機會」在取得晉級之後，馬龍將和同胞後輩梁靖崑進行交手而大陸球王樊振東將和日本好手宇田幸矢對決，來爭取決賽門票桌壇認證小林是世界最強選手馬龍與小林生涯對戰五次馬贏次小林贏次老實說馬龍這樣講沒毛病啊馬龍這種等級球員能跟他打不分軒輊都能算是最強球員之一不過上次輸給小林說只是商業比賽這次贏了就講世界最好之一也算是個老江湖啊
6,乳內文額四內文四馬龍就是六邊形戰士阿角色全能力都是頂力量，敏捷，技巧，球商，全都是館長口中頂桌球真遇到中國都是死路一條啦就好像籃球，無人能撼動美國地位但我比較好奇是以下這三個選手誰比較強馬琳，張繼科，馬龍馬琳跟其他兩個人巔峰時期錯開但是看馬琳打球，也是絕望感很重，太強了而張繼科跟馬龍應該是同時期吧張繼科好像是花最短時間得到四個大滿貫還幾個大滿貫我也忘了馬琳好像是被王勵勤擋掉一個冠軍重點是，張繼科得奧運冠軍那一年中國出線是王皓跟張繼科，沒有馬龍這三個人巔峰時期到底哪一個強以上引述綾波五六之銘言新加坡大滿貫賽八強超新星林昀儒世界排名第七對決上個時代王者桌球界白鬍子馬龍世界排名第二雙方大戰五局最後小林同學第五局還是不幸輸球落敗打得不錯了再加油吧賽後馬龍也很有風度稱讚林昀儒打得不錯這個白鬍子到底什麼時候才要退休文章代碼#問題關於低能兒回主題，低能兒就是負面不雅字眼，這應該是常識吧，有人認為低能兒不算不雅字詞，可能是他從小就被叫低能兒導致毫無自覺，正常人聽到都會生氣才對文章網址推馬龍是桌球界喬丹歐肥誰比較強，就不同時代臺灣
7,新加坡大滿貫賽八強超新星林昀儒世界排名第七對決上個時代王者桌球界白鬍子馬龍世界排名第二雙方大戰五局最後小林同學第五局還是不幸輸球落敗打得不錯了再加油吧賽後馬龍也很有風度稱讚林昀儒打得不錯這個白鬍子到底什麼時候才要退休全亞洲最拉風父親
8,中國這不就來告訴你要怎麼輸了嗎台媒每次下這種屌不拉機標題，最後輸了在那邊銀恨，戴資穎上次台媒就示範過一次了現在又啪啪響可憐哪引述之銘言游郁香快訊林昀儒鄭怡靜大滿貫混雙「銀恨」不敵中國組合完整新聞內文「黃金混雙」林昀儒鄭怡靜圖達志影像美聯社台灣黃金混雙林昀儒鄭怡靜一路挺進大滿貫賽決賽，日晚間交手世錦賽冠軍中國組合王楚欽孫穎莎爭金，首局節奏有些混亂，以比敗下陣來，次局將戰線逼到，可惜關鍵時刻連掉分，以比再丟一局，由王孫配率先聽牌，林鄭配第局又一路挨打，最終以總局數比「銀恨」東奧銅牌林昀儒鄭怡靜目前高居世界第，大滿貫賽是兩人繼去年月底世錦賽後再次合體，一路殺入混雙決賽，碰上熟悉對手中國王楚欽孫穎莎，林鄭配去年世錦賽就是在強戰比不敵王孫配對此「學姐」鄭怡靜強調，未來無論亞運或亞錦賽都還會再碰頭，必須想辦法過這一關林昀儒圖達志影像美聯社尋求復仇林昀儒鄭怡靜，決賽首局率先發球，開賽就先拿下第分，但隨後連掉分，陷入比落後林昀儒鄭怡靜節奏有些混亂，持續被拉開分差，比賽僅進行分多鐘，王楚欽孫穎莎就以比取得局末點，林鄭配最終以比失掉第局進入次局，換王楚欽孫穎莎先發球，中國組合率先拿下此局第分，林昀儒鄭怡靜後來居上，取得比領先，雙方形成拉鋸可惜林鄭配失誤較多，從領先變成比落後，隨後又幾度追成平手，並憑藉對手回球掛網要回比領先，儘管一度被中國組合以比先取得局末點，林鄭配還是逼出，關鍵時刻卻連掉分，以比再丟一局遭到對手聽牌情況下，林昀儒鄭怡靜第局已退無可退，氣勢卻一面倒向世錦賽金牌組合王楚欽孫穎莎，林鄭配一路挨打陷入比落後，最終以比敗下陣來，遭直落擊敗「黃金混雙」林昀儒鄭怡靜圖達志影像美聯社完整新聞或短網址需放媒體原始，不可用轉載媒體備註
9,游郁香快訊林昀儒鄭怡靜大滿貫混雙「銀恨」不敵中國組合完整新聞內文「黃金混雙」林昀儒鄭怡靜圖達志影像美聯社台灣黃金混雙林昀儒鄭怡靜一路挺進大滿貫賽決賽，日晚間交手世錦賽冠軍中國組合王楚欽孫穎莎爭金，首局節奏有些混亂，以比敗下陣來，次局將戰線逼到，可惜關鍵時刻連掉分，以比再丟一局，由王孫配率先聽牌，林鄭配第局又一路挨打，最終以總局數比「銀恨」東奧銅牌林昀儒鄭怡靜目前高居世界第，大滿貫賽是兩人繼去年月底世錦賽後再次合體，一路殺入混雙決賽，碰上熟悉對手中國王楚欽孫穎莎，林鄭配去年世錦賽就是在強戰比不敵王孫配對此「學姐」鄭怡靜強調，未來無論亞運或亞錦賽都還會再碰頭，必須想辦法過這一關林昀儒圖達志影像美聯社尋求復仇林昀儒鄭怡靜，決賽首局率先發球，開賽就先拿下第分，但隨後連掉分，陷入比落後林昀儒鄭怡靜節奏有些混亂，持續被拉開分差，比賽僅進行分多鐘，王楚欽孫穎莎就以比取得局末點，林鄭配最終以比失掉第局進入次局，換王楚欽孫穎莎先發球，中國組合率先拿下此局第分，林昀儒鄭怡靜後來居上，取得比領先，雙方形成拉鋸可惜林鄭配失誤較多，從領先變成比落後，隨後又幾度追成平手，並憑藉對手回球掛網要回比領先，儘管一度被中國組合以比先取得局末點，林鄭配還是逼出，關鍵時刻卻連掉分，以比再丟一局遭到對手聽牌情況下，林昀儒鄭怡靜第局已退無可退，氣勢卻一面倒向世錦賽金牌組合王楚欽孫穎莎，林鄭配一路挨打陷入比落後，最終以比敗下陣來，遭直落擊敗「黃金混雙」林昀儒鄭怡靜圖達志影像美聯社完整新聞或短網址需放媒體原始，不可用轉載媒體備註
10,一路贏結果冠軍戰有點慘第一盤被血洗還有機會嗎?愛爾達體育台公視台中小林同學加油
11,大滿貫新加坡站男單強狂虐對手斯洛維尼亞前兩盤對手還剛拿到歐洲最強人賽冠軍林昀儒是不是又進化了?
12,上報黃予萱進決賽了黃金搭檔林昀儒鄭怡靜扳倒法國組合比搶混雙金牌戰完整新聞內文年大滿貫賽新加坡站，台灣「黃金混雙」林昀儒鄭怡靜日在混雙強中，對上老對手法國組合黎貝松袁嘉楠，此戰「林鄭配」火力全開，以比比比比，總局數比順利拿下勝利，挺進決賽進入混雙冠軍戰「林鄭配」林昀儒鄭怡靜今天可是火力全開，先是取得比領先，法國組合黎貝松袁嘉楠，兩人也快速住陣腳追成比平，但林昀儒不示弱，立即強勢出擊，率先比拿下局點，順利比搶下首戰局進入第局十，林昀儒鄭怡靜穩定發揮，比再拿下局點，順利比收下此局，連下兩城，取得聽牌優勢法國組合黎貝松袁嘉楠第局強勢取得領先優勢，但林昀儒展現沉穩把將比數打成比，林昀儒鄭怡靜兩人展現純熟默契，將比數直追到比，鄭怡靜此又開始發揮功力，將比數打成比局點，黎貝松一記側切反手，又把比數追成比，最後由法國組合比拿下這一局林昀儒鄭怡靜在第局備戰，開局沒多久就以比取得領先分數，雙方又是緊追互咬，鄭怡靜猛攻強勢攻擊，再次取得比優勢分數，不過，法國組合也展現純熟打法，又將緊張比數追成比，林鄭一度喊出暫停，之後比數來到比賽末點，最終林鄭順利取得比分數，總局數為比勝出，順利挺進混雙冠軍戰完整新聞備註希望可以直衝拿下金牌加油加油
13,林昀儒鄭怡靜晉級大滿貫賽強直落橫掃印度組合東京奧運桌球混雙銅牌組合林昀儒與鄭怡靜今天在世界桌球職業大聯盟大滿貫賽混雙強賽，一路領先以比橫掃印度組合，挺進強世界桌球職業大聯盟大滿貫賽在新加坡舉行，台灣桌球一姐鄭怡靜今天一日兩戰，稍早女單強賽以比收拾巴西選手布魯娜，闖進強隨後又在混雙強賽再收下第勝鄭怡靜女單出戰奪勝後，休息不到小時，再度在混雙強賽上陣，與搭檔林昀儒迎戰印度組合吉納納賽卡蘭與巴特瑞林昀儒與鄭怡靜開賽就迅速進入狀況，以比占上風，並以比收下首局，次局再乘勝追擊，一鼓作氣以比拿下，第局同樣未給對手太多機會，先將比分拉開至比，隨後連得分，以比迎接比賽勝利，連輪都以未失局之姿過關，強門票入袋其他台將部分，世界排名第陳思羽稍早女單強遭遇一場硬仗，對手是排名第日本名將伊藤美誠，陳思羽以比敗下陣來而劉馨尹與鄭先知則未能在女雙強突圍，以比遭到中國大陸組合孫穎莎與王曼昱橫掃
14,謝孟儒黃金混雙林昀儒鄭怡靜直落三新加坡大滿貫強門票到手完整新聞內文「黃金混雙」林昀儒鄭怡靜圖達志影像美聯社新加坡大滿貫賽持續進行，今天一日三戰我國新一哥林昀儒，合拍奧運銅牌學姊鄭怡靜出賽混雙強，對上新加坡組合周哲宇曾尖以直落三強勢收下勝利，晉級強林昀儒今天將要陸續出賽男雙混雙和男單賽事，稍早和廖振珽搭擋男雙五局大戰後，可惜以比吞敗無緣強，重整旗鼓再戰混雙強，林昀儒鄭怡靜交手新加坡，開局比落後，不過林昀儒反手擰再現，黃金混雙比搶下次局，鄭怡靜強勁殺球比，黃金混雙掌握比賽節奏比拉開分差，新加坡發球失誤送分，黃金組合一波流比帶走，率先聽牌來到第三局，黃金組合遭遇小亂流比，但林昀儒強勢進攻很快，迫使對手失誤，比反超雙方陷入纏鬥互有往來，鏖戰至比，黃金組合化解對手一個局點，並出現賽末點，逼出對手叫暫停後，鄭怡靜成功回球，比收下勝利，擊敗對手晉級強林昀儒稍晚還將出賽男單強賽事，力拼一日雙勝完整新聞或短網址需放媒體原始，不可用轉載媒體備註
15,游郁香林昀儒只花分鐘晉級大滿貫強時隔月「首戰贏了」完整新聞內文林昀儒圖資料照新加坡大滿貫賽強賽事今日登場，「國民金孫」林昀儒時隔再赴新加坡出賽，面對世界排名第芬蘭選手奧拉，除了開賽與對手短暫拉鋸，接下來幾乎一路壓制，以比比比獲勝，僅花分鐘就順利晉級強總獎金萬美金大滿貫賽今日舉行男單女單強賽事，在東奧與鄭怡靜攜手奪銅林昀儒首輪出戰芬蘭選手奧拉，由於上一次在新加坡參加世界盃時，林昀儒與「學姐」單打都在首輪就落敗，兩人賽前紛紛表示，目標是「先贏下第場」世界排名高居第林昀儒，首局開賽與對手形成拉鋸戰，打成了比，林昀儒隨後讓對手打出界取得比領先，但隨即又被追成比奧拉一次擊球掛網，林昀儒再次以比領先，最終以比收下首局林昀儒圖路透進入第局，林昀儒展現壓制力，迅速拉開比領先，奧拉一洩千里，一度被拉開到比，儘管對手奮力苦追，追到了比，「小林同學」仍以比再下一城，率先聽牌林昀儒第局攻勢依舊凌厲，輕鬆拉開比領先，沒給對手反擊機會，以比收下第局，整場比賽僅花了分鐘就成功晉級強自去年東奧一戰成名後，林昀儒被不少名將視為「勁敵」，男單世界排名第中國選手馬龍也給他高評價，誇讚他這幾年進步很多，已經是中國選手主要對手完整新聞或短網址需放媒體原始，不可用轉載媒體備註
16,林昀儒等桌球選手直接去中國接受培訓與大陸選手同吃同住打科興國藥疫苗在五星旗下拍團體照沒事黃郁婷在美國訓練時間穿朋友球衣放在私人臉書結果開幕時讓她掌旗閉幕時總統行政院長要處理她???兩隊又無激烈競爭關係中國隊是世界四強中華台北一面獎牌都沒有根本就趙志敬實力再跟中原五絕比個屁一百名之後小題大作甚麼????
17,年月小林在馬來西亞站打爆馬龍樊振東水谷隼等好手奪冠之後年年底去打中國乒超勝敗排名第表現反而還好頂多省隊水準而已當年小林怎麼奪冠啊
18,路皓惟比林昀儒還要狂郭冠宏歲當選成人國手史上最年輕完整新聞內文年桌球國手選拔賽男子組第次賽今日落幕，八馬國際歲小將郭冠宏一落過關斬將，最後兩輪以直落三力克現役國手黎昕陽戴茗葦，以歲之姿成為史上最年輕成人國手，堪稱國手選拔賽最大驚奇目前郭冠宏就讀台南忠孝國中一年級，寫下我國史上最年輕成人國手紀錄，打破吳文嘉江宏傑共同保持國二當選成人國手紀錄，林昀儒和陳建安兩名好手也都是到國三才入選成人國手郭冠宏這趟入選國手驚奇之旅中，最後兩輪連續以直落三擊退現役國手黎昕陽和戴茗葦，場比賽下來一局未失，全都以直落三獲勝，成為今年國手選拔賽最大驚奇據報導，郭冠宏在小學五年級進入台南桌球館，在黃聖盛吳志祺等國手調教之下，成績突飛猛進，去年開始和楊子儀個別練習，成為台南培育未來桌球希望完整新聞或短網址?備註黎昕陽歲戴茗葦歲
19,名言恭喜林昀儒「蘇怡靜」獲得桌球混雙銅牌誰說陳柏惟事件於臉書發文，意圖使人複習補充報上名來
20,台灣國手林昀儒鄭怡靜在桌球混雙排名世界第名，桌球混雙世界排名第是日本水谷隼伊藤美誠，中國混雙選手只排第名，有沒有中國號稱桌球王國，在混雙世界排名卻輸台灣日本八卦
21,游郁香林昀儒世桌賽男單止步強苦戰局不敵南韓好手完整新聞內文「國民金孫」林昀儒在本屆世界桌球錦標賽男單強戰，對上世界第南韓好手林鍾勳，意外以總局數比落敗，無緣晉級強不過打進世桌賽強已是林昀儒生涯最佳，他稍早也與鄭怡靜攜手擊敗瑞典組合，拿下混雙強門票世界第林昀儒，是本屆世桌賽男單第種子，首輪輪空，次輪對上瑞典老將佩爾森，以直落橫掃對手，生涯首度闖入世桌賽男單強「小林同學」日凌晨與世界第南韓好手林鍾勳爭搶強門票，意外陷入苦戰，以比比讓出前局，第局才以比扳回一城，但第局僅得分，又以比敗下陣來，遭對手以總局數比聽牌林昀儒在關鍵第局發揮韌性，以比扳回局，總局數比緊追對手第局雙方呈現拉鋸戰，「小林同學」再次展現大心臟，以比拿下，將總局數扳平為比進入決勝第局，兩人不斷戰成平手，一路打到了比難分高下，無奈「小林同學」最終以比落敗，總局數比不敵對手，沒能闖入強林昀儒過去屆世桌賽男單成績並不理想，年首輪就敗給德國名將史提格年則與希臘好手吉歐尼斯激戰局後止步強，本屆則止步強完整新聞或短網址備註真好想贏韓國推可是真正人又好不懂有些人是在酸甚麼推麻煩原挑照片時候注意一下人好又很有氣質推很多張都很正阿不懂原為什麼要挑這張推推推推我推回來推我個人覺得他不做作笑又自然散發一股特別氣質推我實在看不出來哪裡做作了
22,是這樣啦大家還記得奧運期間很夯小林同學嗎?那時候林昀儒只要比一場球賽臉書跟都各種洗文什麼小林同學好棒台灣之光國民金孫挖好像每個都是十年老林迷一樣今天林昀儒在世錦賽強中直落四晉級強世錦賽嗨賴打敗體育新聞也有播世錦賽明明是很大比賽跟奧運世界盃並列桌球界三大比賽結果跟都沒啥人怎麼這樣小林是不是過氣了?明天要打強大家可以繼續幫忙加油嗎?對了老莊今天輸掉了止步強不能跟小林對決了幫有沒有林昀儒今天贏球但都沒人八卦?全亞洲最帥氣男人
23,明明是宜蘭人，從小一路上也都在宜蘭環境成長怎麼剛剛看他代表台北市比全運會另外總冠軍那個胖胖居然棄權投降，小林不戰而勝也太爽
24,新聞雲例如趙蔡州，至少要有來源或如法新社林昀儒靠獎金賺錢「背後高人」指導爸爸一看帳戶餘額也超驚訝完整新聞內文台灣桌球小將「國民金孫」林昀儒繼東奧後，在全運會混雙賽上再次合體鄭怡靜並奪得金牌，除了在桌球賽場上斬將奪旗外，他對於投資理財也非常興趣，也拿出部分比賽獎金投入股市，光是去年買賣股票獲利就超過，更透露他物理治療師就是他理財小老師根據中央社報導，林昀儒透露，由於新冠肺炎衝擊，年幾乎沒有比賽，多出來時間就跟物理治療師學習理財，並在一年內以股票獲利超過他笑說，他不太喜歡單純存股穩定獲利模式，比較喜歡有爆發力短線投資林昀儒爸爸表示，兒子獲得比賽獎金，他基本上完全不管，最多就是給一些建議而已，希望兒子自己學習理財，對於兒子能夠以萬元本金，透過投資讓帳戶累積破萬元，他也感到相當驚訝繼東奧摘銅後，林昀儒日再次合體鄭怡靜，參加全運會混雙賽，一路過關斬將，金牌戰對上新北市呂柏賢鄭先知組合，最終以直落勝出，成功奪得金牌林昀儒在本屆全運會已經拿下金銀佳績完整新聞或短網址當，需提供短網址方便網友點擊備註投資賺萬，肯定有買海運股
25,例如趙蔡州林昀儒靠獎金賺錢「背後高人」指導爸爸一看帳戶餘額也超驚訝完整新聞內文台灣桌球小將「國民金孫」林昀儒繼東奧後，在全運會混雙賽上再次合體鄭怡靜並奪得金牌，除了在桌球賽場上斬將奪旗外，他對於投資理財也非常興趣，也拿出部分比賽獎金投入股市，光是去年買賣股票獲利就超過，更透露他物理治療師就是他理財小老師根據中央社報導，林昀儒透露，由於新冠肺炎衝擊，年幾乎沒有比賽，多出來時間就跟物理治療師學習理財，並在一年內以股票獲利超過他笑說，他不太喜歡單純存股穩定獲利模式，比較喜歡有爆發力短線投資林昀儒爸爸表示，兒子獲得比賽獎金，他基本上完全不管，最多就是給一些建議而已，希望兒子自己學習理財，對於兒子能夠以萬元本金，透過投資讓帳戶累積破萬元，他也感到相當驚訝繼東奧摘銅後，林昀儒日再次合體鄭怡靜，參加全運會混雙賽，一路過關斬將，金牌戰對上新北市呂柏賢鄭先知組合，最終以直落勝出，成功奪得金牌林昀儒在本屆全運會已經拿下金銀佳績完整新聞或短網址備註原來小林同學是少年股神
26,阿肥前陣子奧運期間追蹤了許多選手剛剛滑一下動態發現那個小林同學林昀儒有文一看不得了啦是宣傳照?欸然後剛剛有妹子也有看到跑來跟我說也太帥惹可是有點不習慣不過阿肥我沒有很懂倒數幾張有沒有林昀儒宣傳照八卦
27,黃建霖莊智淵強勢擊敗林昀儒高雄市全運會桌球男團奪金完整新聞內文年全國運動會今日進行桌球男子團體決賽，「台灣桌球教父」莊智淵展現老將價值，在關鍵第戰擊敗超級新星林昀儒，又在決勝戰打滿局擊敗廖振珽，一人獨拿兩點，帶領高雄市以驚險摘金本屆東京奧運林昀儒和莊智淵一老一少都打出好表現，而兩人各自領軍台北市和高雄市也都無意外闖進到全運會金牌戰，也讓這比賽激盪出更多火花首場比賽台北市馮翊新在和孫嘉宏大戰局之後，決勝局以取勝，幫助團隊先下一城不過高雄市很快有所反擊，莊智淵果真是老江湖，再次於全運會對上林昀儒，雖然首局輸掉，但之後連扳局取勝，幫助高雄追成關鍵雙打戰，高雄市組合孫嘉宏彭王維以強勢擊敗馮翊新廖振珽，取得聽牌但第場林昀儒在單場戰橫掃彭王維，雙方戰成平手決定金牌一戰，由莊智淵對上廖振珽，兩人貢獻了一場精采交鋒，在激戰局後，老莊以取勝，助高雄拿下金牌完整新聞或短網址備註笑著流淚?
28,引述大鳥之銘言還好吧也是活得好好分數這種東西其實看看就好了重點還是有沒有料還好吧我教你一招你去跟桌球奧運銅牌比多益分數再跟多益考七百分乖乖牌比桌球這樣就能輕鬆電爆啦板歡迎您在家敲鍵盤最安全人們嘲笑我姿態，因為那是我姿態呀人們聽不慣我歌，因為那是我歌呀艾青蘆笛
29,引述擁抱荒誕生命之銘言桌球國手林昀儒目前就讀輔仁大學體育系校方表示林昀儒允文允武多益成績破這樣算很厲害嗎有沒有八卦還好吧我自己多益大概多分而已也是活得好好分數這種東西其實看看就好了重點還是有沒有料
30,截圖來源中職官方頻道東奧桌球混雙銅牌得主小林同學今天也到中華職棒現場開球了不知道大家認為這幾天東京奧運國手開球誰開比較好有沒有八卦
31,桌球國手林昀儒今年歲今年在奧運有不錯表現令人印象深刻不過他剛才為中華職棒開球被主持人訪問時說他沒有朋友是不是該邀請他趕快註冊帳號加入八卦板很快能夠有朋友了呢
32,先祝福他歲生日快樂啦滑個出現了喜歡他相關社團無聊點進去發現幾張照片還特別附上他握球拍手感覺就為了滿足手控然後他什麼時候被冠上國民乖孫封號了有卦
33,台灣桌球小將林昀儒出生很吉祥數字這次奧運表現很好讓全台都認識這位宜蘭囝仔今天是小林同學歲生日終於登郎啦每推發到爆為止希望大家能幫小林同學祝福歲生日目前世界排名第五未來大有可為期許之後世錦賽亞運還有奧運能再創佳績!!全亞洲最帥氣男人
34,安以前小時候聽人家說三年二班有個人桌球很強常常整天嚷嚷著「你贏不了，你永遠都贏不了」赫然發現林昀儒跟我年齡相近那個人會不會就是他啊八卦
35,江吧因為長帥收入又有一定水準雖然被帶了綠帽眾人皆知但是我們鋒哥也是被冠希帶綠帽無損他地位林小弟話除非他能像戴資穎一樣一直維持熱度不然如果成就曇花一現也可能熱潮過去沒有就沒有了媒體喜新厭舊速度很快
36,江宏傑台灣桌球前國手以前青少年時期很強拿了不少獎不過長大後距離世界頂尖一流高手仍然有一段差距但至少實力曾經是台灣前三強打過奧運跟世大運世界排名最高名外表可說是台灣桌球界有史以來最帥一位娶了日本家喻戶曉球星小愛可惜婚姻沒維持太久就結束了目前江宏傑已經退役轉行當藝人活躍中算是人生勝利組吧林昀儒台灣桌球神童個性謙虛低調從小學就開始苦練這次奧運一戰成名各項比賽都有好成績還拿到混雙銅牌現在才歲世界排名就衝到第五未來不可限量出生教育世家雖然爸媽都是教職人員但卻全力支持他走運動這條路他也很爭氣打出了非凡成績不過感覺從小生活都是桌球國小連畢業旅行都沒去過國中後開始自學江宏傑球技顏值+目前是人生勝利組林昀儒球技+顏值桌球明日之星但學生時期沒能跟同儕一起快樂上學大家覺得哪種人生比較好呢??有沒有八卦?全亞洲最帥氣男人
37,游芳男林昀儒獲宜縣萬獎勵金全捐林父回饋基層學校栽培選手宜縣府加碼專案核發參加東奧國手獎勵金，宜蘭縣長林姿妙日宣布，林昀儒榮獲桌球混雙銅牌及個人單打第名可獲萬元獎勵金，林父林學宜表示，決定將縣府頒贈獎金萬元全數回饋給宜蘭基層學校，栽培更多優秀運動選手桌球國手林昀儒父親林學宜表示，宜蘭縣長林姿妙日上午宣佈，為了鼓勵宜蘭運動選手，將發送萬元獎金給東奥得獎桌球銅牌得主林盷儒，家人在得知消息後，十分感謝宜蘭縣政府對家鄉子弟盷儒關愛而為了協助宜蘭縣政府推動體育運動，家人除了感謝林姿妙縣長和宜蘭所有鄉親在東奥賽事期間，隔海加油打氣外，也決定將縣府頒贈獎金萬元全數回饋給宜蘭基層學校，栽培更多優秀運動選手原文網址林昀儒獲宜縣萬獎勵金全捐林父回饋基層學校栽培選手生活新聞新聞雲#@
38,我是覺得這樣啦人家中國運動員也和我們郭婞淳一樣苦練再苦練甚至人口太多競爭更大你今天弄這種影片桌球項目肯定要放馬龍他在當今桌壇是什麼地位?桌球在中國大陸是什麼地位?小林當然後勢看好但一碼歸一碼何況還是銅牌戰更不用說台灣也許放郭婞淳或羽球男雙還比較合理要說這不是國際政治操作我才不相信你怎麼看
39,引述赫赫之銘言華視新聞蘇偉樺台北市林昀儒登東奧閉幕片中國桌球金「沒畫面」氣炸完整新聞內文為期天東京奧運，在日晚間舉行閉幕式，現場也播送分秒賽事精華回顧，其中，台灣桌球好手林昀儒與德國奧洽洛夫銅牌戰對決畫面，就被剪入其中，是台灣唯一入鏡選手，沒想到這卻讓在桌球項目奪下金銀，但「沒畫面」中國網友看了好生氣生氣三小整個奧運影片看完就能知道影片想傳達是什麼影片中盡可能把各項運動精彩片段剪輯進去不管是奪冠還是失敗像是影片中舉重自由車滑板都有失敗鏡頭甚至有更多畫面給了輸家展現精神精采比賽和畫面不見得是奪冠那位奧運精神更不是贏者全拿當然除此之外地主國擁有更多畫面這是當然不管是舔日說台日友好還是崩潰挺中你們是不是搞錯了重點影片順序場館場地無選手場子選手抵達東京準備開幕各類選手們熱身準備上場躍躍欲試各類選手場上奮戰努力不懈其中有各種失敗未能達成目標最後有各個選手奪冠以日本奪冠當結尾再補充一個資訊希望小粉紅閉嘴女子平衡木項目奪冠是管晨辰銀牌是唐茜靖兩名都是中國選手但是出現在影片中是第五名蘆玉菲
40,華視新聞蘇偉樺台北市林昀儒登東奧閉幕片中國桌球金「沒畫面」氣炸完整新聞內文為期天東京奧運，在日晚間舉行閉幕式，現場也播送分秒賽事精華回顧，其中，台灣桌球好手林昀儒與德國奧洽洛夫銅牌戰對決畫面，就被剪入其中，是台灣唯一入鏡選手，沒想到這卻讓在桌球項目奪下金銀，但「沒畫面」中國網友看了好生氣林昀儒登東奧閉幕片中國桌球摘金銀「沒畫面」東奧閉幕式上，主辦方開場便播放主題為「一起勇敢」影片，將賽事期間各國選手精采表現濃縮回顧，其中桌球部分，是剪入台灣好手林昀儒與德國奧恰洛夫在桌球銅牌戰對決然而，該影片卻讓中國網友看了好生氣，認為拿下金銀銅獎牌數第二名他們，在奪牌最多項目，比如跳水項目金銀桌球金銀中，卻「完全沒畫面」，而僅是出鏡田徑選手蘇炳添，紛紛上社群軟體微博開轟金牌榜第二卻僅選手入閉幕片中國網友氣炸中國網友們氣炸表示，「跳水剪進去戴利，乒乓剪進去德國對台北，真有你」「中國鏡頭真少，乒乓球好不容易有一個鏡頭，還是台灣」「就蘇炳添一個鏡頭乒乓球放台北跳水不放舉重也不放牛」「還有舉重也不放我們」「日本格局太小」「小日本不是白說」「真是不要臉到極致」東奧日舉行閉幕式，正式畫下句點，接下來要交棒給巴黎奧運，而本屆金牌榜，由美國拿下面金牌最多，中國奪面第二，地主國日本則擁面排名第三另台灣代表隊表現亮眼，拿下金銀銅，總共面獎牌是史上最好成績完整新聞或短網址備註這時候又台灣是台灣中國是中國真很任性又精神錯亂了照理說播出林昀儒畫面中國網民應該超開心啊
41,引述陽光之銘言三立蕭廷芬林昀儒年前擊敗江宏傑「金牌戰」對決畫面曝光完整新聞內文歲桌球小將林昀儒在東京奧運大放異彩，拿下桌球混雙銅牌，他年參加全運會時曾對上江宏傑，最終以獲勝江宏傑日前也開心在中大讚林昀儒展現出了超強韌性「很不容易」林昀儒和江宏傑曾在年全運會對上，林昀儒代表台北市隊，江宏傑則是台南市隊，在桌球男子團體金牌戰對決中，由「桌球王子」江宏傑，對上當時被封「桌球神童」歲林昀儒，當時林昀儒展露出高超球技，以擊敗江宏傑，個人就在團體賽包辦了兩點，只是最終台北市隊仍以落敗，由江宏傑領軍台南市隊奪下全運會金牌這次林昀儒出戰東奧，江宏傑也特別關注了他表現，他日與師妹木木一起開，提到自己有觀看東奧桌球男子團體賽，「小林同學在男單輸給德國隊，其實如果在團體賽遇到比數還是五五波，就是看誰心態調整更好，今天小林同學也扳回一城」大讚林昀儒「雖然才歲，但已經展現了超強韌性」完整新聞或短網址?備註看來小愛眼光果然是對大家可不可以不要再鞭宏傑了桌球輸被抓出來當茶餘飯後聊，懶球輸被拿來當作腥羶話題笑，會不會大家對他太針對大家放點空間，他已經輸了兩顆球，別對他標準太苛求
42,三立蕭廷芬林昀儒年前擊敗江宏傑「金牌戰」對決畫面曝光完整新聞內文歲桌球小將林昀儒在東京奧運大放異彩，拿下桌球混雙銅牌，他年參加全運會時曾對上江宏傑，最終以獲勝江宏傑日前也開心在中大讚林昀儒展現出了超強韌性「很不容易」林昀儒和江宏傑曾在年全運會對上，林昀儒代表台北市隊，江宏傑則是台南市隊，在桌球男子團體金牌戰對決中，由「桌球王子」江宏傑，對上當時被封「桌球神童」歲林昀儒，當時林昀儒展露出高超球技，以擊敗江宏傑，個人就在團體賽包辦了兩點，只是最終台北市隊仍以落敗，由江宏傑領軍台南市隊奪下全運會金牌這次林昀儒出戰東奧，江宏傑也特別關注了他表現，他日與師妹木木一起開，提到自己有觀看東奧桌球男子團體賽，「小林同學在男單輸給德國隊，其實如果在團體賽遇到比數還是五五波，就是看誰心態調整更好，今天小林同學也扳回一城」大讚林昀儒「雖然才歲，但已經展現了超強韌性」完整新聞或短網址?備註看來小愛眼光果然是對
43,引述之銘言大家豪寶傑豪神奇演算法帶到四年前莊林全運會冠軍賽哭四年前林不就才歲小毛頭你各位以前歲還在打天堂現在是打傳說林歲就現實世界挑戰級怪物了初生之犢林前面打得有聲有色這種高手對決好比郭靖對決還沒完全體楊過莊智淵當時就會覺得這小子以後絕對是台灣第一人嗎?有卦咪昀儒昀儒昀儒加油加油加油從他引用諾貝爾獎得主屠呦呦這句「花若盛開，蝴蝶自來，人若精彩，天自安排」我就開始欣賞上他了我相信有天他能拿到體壇界諾貝爾獎奧運金牌，就像網球界張德培，在年法國公開賽，年僅歲殺進決賽打敗捧走冠軍獎盃，跌破世界眼鏡，打破歐美人種在網球界白人至上論，讓華人在網球界因他而驕傲，還有林書豪也是，讓華人在也有一片天希望台灣台澎金馬中華民國中華台北，因為他昀儒而雀躍驕傲，讓世界看見我們，成為鄉民口中，另一個神秘又低調男神之首傳說如同天下嘉農故事，雖是姍姍來遲，但是卻驚豔於世，一樣讓人感動?&
44,大家豪寶傑豪神奇演算法帶到四年前莊林全運會冠軍賽哭四年前林不就才歲小毛頭你各位以前歲還在打天堂現在是打傳說林歲就現實世界挑戰級怪物了初生之犢林前面打得有聲有色這種高手對決好比郭靖對決還沒完全體楊過莊智淵當時就會覺得這小子以後絕對是台灣第一人嗎?有卦咪
45,剛看新聞今天桌球代表隊奧運選手們回台灣也有接受媒體訪問但是沒有看到今天奧運英雄回來有戰機伴飛訊息好歹小林同學跟鄭怡靜也有拿到男女混雙銅牌而且這次桌球代表隊也表現不俗說要迎接奧運英雄不應該大小眼吧之前郭婞淳楊勇緯羅嘉翎回台沒伴飛說是空軍蔣少將公祭不宜李智凱回來也沒伴飛這次小林同學回來也沒伴飛那到底空軍伴飛奧運英雄標準是啥還是看小英總統那天心情好不好做決定怎麼我們政府做事情都這麼隨性沒有一套標準喔爽讓你搭商務艙才可以搭商務艙爽讓你空軍戰機伴飛才讓伴飛可憐了小林同學被蔡英文死亡臉書宣告盯上已經很衰了還不被政府看成奧運英雄不過至少回來有搭到商務艙該感恩了
46,例如中央社，至少要有來源或如法新社中央社葉臻桃園機場日電>中華隊林昀儒鄭怡靜東奧奪銅返台莊智淵林郁婷同班機完整新聞內文社論特稿都不能貼，貼喔在東京奧林匹克運動會桌球混雙項目奪下銅牌選手林昀儒鄭怡靜約今天下午時分搭機抵達桃園國際機場，「桌球教父」莊智淵拳擊好手林郁婷也搭同班機載譽歸國同班機回台者還包括桌球代表隊總教練許榮展教練蔣澎龍鄭佳奇選手陳建安鄭先知陳思羽及拳擊代表隊教練曾自強等李明宗完整新聞或短網址當，需提供短網址方便網友點擊備註一個人三天只能張貼一則新聞，，，備註幻象呢推大家知道位捨摸水果行會跳過哀配三?我跟大家講為什摸好不好因為水果行不賣垃圾董嗎不賣垃圾
47,今年全國大學運動會林昀儒其實有去打身為世界排名前十奧運前四差點打贏世界球王林昀儒面對蔡逼八全國大學運動會對手對手會覺得很無奈嗎有沒有八卦??&
48,上面是一個粉專出小林同學歲時採訪畫面，然後底下有一個有萬人粉專留留言「呵呵叔叔檢查身體」，而且竟然有人按讚雖然小林同學現在已經過了，當事者留言相信也只是開玩笑，但是在一個歲小孩相片底下留這種有性暗示意味留言還是讓我覺得怪怪不太舒服，而且如果小林是女，發表這種留言早就會被出征到爆而且被迫關粉專了吧是我心態太保守嗎不曉得大家怎麼看
49,眾所皆知中國桌球不管男團女團基本上跟其他國家實力差很大一截以男團來說唯一能構成威脅似乎是林昀儒跟張本智和兩人分別是台灣一哥跟日本一哥另外從這屆表現來看德國一哥奧恰洛夫狀況似乎也相當不錯個人賽跟馬龍和林昀儒都打得難分難解如果這三個人組一隊對抗中國男團比起各自在台灣日本德國團體來說贏機會是不是大幅提升只不過這三人組合滿妙小林沉默張本狂吼奧恰嬌喘?也不知道誰跟誰配雙打然後誰扛兩點單打有沒有小林+張本+奧恰能不能跟中國桌球男團抗衡八卦
50,啊你這樣跟當初那篇造謠有什麼分別有什麼證據他是支那養狼計畫底下產物跟之前那篇說人家不是台灣培養刪文哥出來隨便講兩句射後不理不就好棒棒別人努力了這麼多年被你們這種人幾句話就抹煞掉
51,我奧運初體驗在今昨天畫下了句點謝謝我訓練團隊以及蔣澎龍教練所以當初在那邊嘴蔣澎龍是不是該出來道歉了??我這篇推文給你們機會好好道歉小林同學在順手時候突然被叫暫停他都沒說什麼了那你們替他喊燒幹嘛??他用詞是感謝看到沒有??那天嘴蔣澎龍馬上過來我這篇推文好好跪下道歉你還有一次重生機會
52,林昀儒就是中國桌球養狼計畫產物福園愛石川佳純都是中國養起來狼但是面對中國這頭獅子時候都會害怕得拿不穩球拍林昀儒就是下一頭被中國獅子吃掉狼而已把你練起來但是不會讓你超越不知道中國台北在爽什麼
53,林昀儒原文我奧運初體驗在今昨天畫下了句點這十多天來我內心幾經起伏，有欣喜當然也有不甘，但競技體育也是因為這樣而迷人，對於桌球熱愛引領著我繼續探索其中美好!在得知我世界排名來到第五後，謹以此小小成就來感謝這一路支持我幫助我，還有奧運期間爲我吶喊加油所有人謝謝我家人長久以來支持與陪伴謝謝綦戈教練全力付出與教導謝謝我訓練團隊以及蔣澎龍教練謝謝我最好搭檔怡靜姐姐以及佳奇教練謝謝我團隊隊友大家一起並肩作戰感覺真好謝謝奧會和體育署資源挹注謝謝輔仁大學在求學歷程中協助謝謝規劃安排至海南集訓，期間特別感謝劉主席及秦導照顧謝謝乒超期間尹導無私指導感謝所有贊助我企業及單位最後我想以諾貝爾得主一句話來自我勉勵「你若精彩，天自安排」我人生奧運之旅在此先畫下逗點，期待未來能創造更多驚嘆號!剛結束奧運小林同學少見在上了文感謝很多幫助他人其中包括了大家之前一直在吵蔣澎龍教練叫暫停爭議大家就不要在那邊找戰犯了吧這次小林至少有拿到一枚銅牌希望未來能持續有好表現話說很多人歲讀大一在發宿營文或成發文感謝一堆夥伴小林則是在感謝奧運團隊和貴人蠻好笑全亞洲最帥氣男人
54,今天桌球男團在八強淘汰真可惜本屆最大驚奇之一歲宜蘭囝仔林昀儒也正式結束了奧運所有賽事今天最新世界排名也公布了林昀儒上升到世界第五名!!!這次他參加三項賽事男女混雙男子單打男子團體都繳出了亮眼成績第一次參加奧運就打破不少紀錄混雙銅牌台灣首面本土選手拿到桌球獎牌男單第四名追平莊智淵年倫敦奧運所創下最高紀錄完整賽果分別為括號為單打世界排名混雙得銅牌強戰台灣林昀儒鄭怡靜印度強戰台灣林昀儒鄭怡靜南韓李相秀田志希強戰台灣林昀儒鄭怡靜日本水谷隼伊藤美誠銅牌戰台灣林昀儒鄭怡靜法國袁嘉楠男單第四名強戰台灣林昀儒巴西坪井強戰台灣林昀儒斯洛維尼亞強戰台灣林昀儒中國樊振東銅牌戰台灣林昀儒德國男團止步強強戰台灣林昀儒克羅埃西亞強戰台灣林昀儒德國強戰台灣林昀儒德國總共天林昀儒就出賽了場比賽其中只輸了場分別是混雙四強戰輸給水谷隼+伊藤美誠最後拿金牌男單四強戰輸給樊振東當今世界球王男單銅牌戰輸給澳洽洛夫德國前世界球王這幾位都是世界最頂尖高手們尤其是男單那兩場都差那麼一點點非常可惜今天連打兩場台灣男團兩點勝利都是靠他拿下來第二點對上男單銅牌戰落敗澳洽洛夫小林更是成功復仇林昀儒天內打了場真有夠猛是不是本屆最大驚奇之一啊?才歲真令人期待太開心了推文每推發推到爆為止大家以後也要繼續支持小林同學好嗎??有沒有林昀儒為啥這麼猛八卦??全亞洲最帥氣男人
55,「銅牌我要定了」「這局算交個朋友」感覺他很愛正太弟弟昀儒喜歡儒儒才華喜歡他深不可測潛力如果林昀儒能前往德國或歐洲栽培是大家更樂見吧中國訓練算蹲馬步歐洲訓練算蛻變昇華#完美見證世代交接
56,引述之銘言台灣版桌球天才小林歲就闖入奧運強但據他叔叔接受訪談時表示小林還有很大空間看看他對手大腿將近是他兩倍粗這明顯台灣健身界傳奇館長強項你敢想像練得跟館長一樣壯小林再次面對東哥時會有多虐小林找館長做完體能訓練就無敵了你有沒有看過七龍珠特南克斯變身為肌肉強化版超級賽亞人以為可以屌虐賽魯結果被賽魯打臉犧牲速度根本顆顆你要我們小林四年後被這樣嘲笑嗎有錢才是真理沒錢就是該死
57,台灣版桌球天才小林歲就闖入奧運強但據他叔叔接受訪談時表示小林還有很大空間看看他對手大腿將近是他兩倍粗這明顯台灣健身界傳奇館長強項你敢想像練得跟館長一樣壯小林再次面對東哥時會有多虐小林找館長做完體能訓練就無敵了
58,剛剛打完奧恰洛夫這次面對直落三拿下勝利一人拿兩點，跟鬼一樣等等換莊智淵對戰奧恰洛夫加油啊註有電視或媒體有報導者，請勿使用爆卦!，切勿用爆卦張貼新聞無重大八卦請勿使用此分類，否則視同濫用爆卦鬧板文章退回未滿繁體中文字
59,還行吧私校而且才大一每天練球之餘補英文能力考到真算很厲害但小弟我其實高中開始就想當電競選手每天日復一日熬夜苦練打野技巧及觀念但也不忘把握零碎時間讀英文現在考到了也是蠻勵志給大家參考引述擁抱荒誕生命之銘言桌球國手林昀儒目前就讀輔仁大學體育系校方表示林昀儒允文允武多益成績破這樣算很厲害嗎有沒有八卦
60,引述之銘言桌球男子團體賽林昀儒對手是之前銅牌戰奧恰洛夫當時輸給對方這次贏啦也是打很驚險，上一局一度打到賽末點結果被對方拿下，還好最後林昀儒順利拿下第五局恭喜看這個標題我還以為是打贏樊振東結果一看打贏是奧洽害我興沖沖跑進來發這個標題能不能認真點林昀儒明明說就是輸給樊振東被擋在冠亞軍後面第名第名誰贏誰輸很重要嗎搞得這麼聳動一個標題打贏中國大陸隊再說走了
61,其實只是賽制規則不同罷了個人賽是打七局團體賽是打局如果個人賽也是局制那銅牌得主本來就是小林所以我感覺還好稱不上復不復仇下次在個人賽中贏奧恰才算真復仇
62,波爾應該很硬第三點德國贏面大小安加油第四點小林對問題不大關鍵決勝點第五點莊對奧洽每十推發發到爆幫男子團體加油幫莊智淵加油幫小安加油他之前可是爆氣贏過樊
63,引述之銘言桌球男子團體賽對手是之前銅牌戰奧恰洛夫當時輸給對方這次贏啦也是打很驚險恭喜大家認為為什麼不到幾天小林就能復仇成功團體戰壓力比較不同，小林放更開本來小林實力就有到奧恰，多打幾場有贏面累積了大賽經驗，小林更懂怎麼應對最後幾球打太順教練忘了暫停
64,引述之銘言贏啦爽啦如果這局是穿越回去銅牌戰多好啊可惜了這篇每推發發到爆重複跳過恭喜小林這個社會一直在談家庭教育，以及工作間平衡，我辭職之後回家帶小孩，我沒想到這個社會是如此不安全我真很希望政府各級單位，能夠做些事情讓媽媽放心帶小孩，或者是讓媽媽放心工作
65,桌球男子團體賽林昀儒對手是之前銅牌戰奧恰洛夫當時輸給對方這次贏啦也是打很驚險，上一局一度打到賽末點結果被對方拿下，還好最後林昀儒順利拿下第五局恭喜
66,等一下左右就差不多要換男子團隊桌球林昀儒上場打主將賽了但應該會強碰每日作秀之王齁齁齁報數字秀大家打算看哪個呢如果大家不看齁齁齁他要怎樣表演下去啊會不會也懶得問問題直接急著散場要去看桌球小英雄英姿啊
67,引述哀鳳之銘言引述之銘言年台灣地區考生平均成績為分，其中聽力部分平均成績分，閱讀部分平均成績為分考生年齡以歲居多，約占全職雇員考生約占，平均成績分全職學生約占，平均成績分按照個數據來看八卦版鄉民都沒有他高相信大部分人跟英文文盲沒什麼兩樣以英文考試能力最強高中生來說除非是私立特別開學術班或公立高中大部分學店高職考出來都不到分大有人在也就是以上人大概都以上台灣英文能力本來就很差整個東亞地區跟我們自認同個發展水平國家我們只贏一直被我們笑日本大概贏不到分看到這張表幾個讓我比較驚訝點法國分排第七名我以為法國人英文很爛原來只是不想講而不是不會講南韓分海放台灣南韓為何英文教育這麼厲害香港比台灣還低香港人不是英文接近母語等級嗎怎麼多益考這麼爛波蘭只有英文程度跟台灣差不多爛波蘭人是白人為何英文還可以這麼爛突尼西亞非洲人竟然英文這麼好是因為突尼西亞人會法文所以英文好上手嗎俄羅斯同樣是斯拉夫人為何俄國人英文輾壓波蘭多益高只代表會很會念很會考啦魯叔在疫情還沒爆發不得不斜槓之前就讀某大學碩班碩一新生除了我都是甚麼阿拉伯南非來，除了澳門來聽得懂普通話基本上本地生只有魯叔我所以就理所當然地英文授課了魯叔大學念哲學畢業後也沒特別練英文除了出社會在電子業要跟老外談判有基本會話之外英文大概就跟鄉民程度差不多一開始上課時候根本霧颯颯又是比較偏社會學課程動不動就要分組討論甚麼但後來慢慢發現教授除了真留美海龜留歐或土博士英文其實也一般般語言本質就是溝通而已啦英文程度很好不會溝通也沒卵蛋用能夠把很複雜概念抽解成簡單單字就能表達這才是語言溝通重點加上大家也都是非母語人士那怕都是國高中英文水準聽得懂最重要啦即便英文母語人士也是希望他講話你聽得懂也都會用簡單字去表達所以倒是有驚無險地上完碩一記得疫情爆發前帶老母妹妹女友一起去東京玩我妹是外文系多益要不知道幾級才能畢業跟日本人溝通每次都用很難字搞到兩人都滿頭大汗我去用簡單字比手劃腳一下反而輕鬆搞定所以要記得語言目只是溝通而已比較起來聽得懂各種腔調英文還比較重要勒
68,就跟家教月薪萬一樣啦付起非凡夫俗子林這輩子也夠本了以後開球館教桌球有空去大學教體育再拍拍廣告代言夠躺平一輩子了
69,引述之銘言年台灣地區考生平均成績為分，其中聽力部分平均成績分，閱讀部分平均成績為分考生年齡以歲居多，約占全職雇員考生約占，平均成績分全職學生約占，平均成績分按照個數據來看八卦版鄉民都沒有他高相信大部分人跟英文文盲沒什麼兩樣以英文考試能力最強高中生來說除非是私立特別開學術班或公立高中大部分學店高職考出來都不到分大有人在也就是以上人大概都以上台灣英文能力本來就很差整個東亞地區跟我們自認同個發展水平國家我們只贏一直被我們笑日本大概贏不到分看到這張表幾個讓我比較驚訝點法國分排第七名我以為法國人英文很爛原來只是不想講而不是不會講南韓分海放台灣南韓為何英文教育這麼厲害香港比台灣還低香港人不是英文接近母語等級嗎怎麼多益考這麼爛波蘭只有英文程度跟台灣差不多爛波蘭人是白人為何英文還可以這麼爛突尼西亞非洲人竟然英文這麼好是因為突尼西亞人會法文所以英文好上手嗎俄羅斯同樣是斯拉夫人為何俄國人英文輾壓波蘭
70,他平常整天都在練習，記得好像有採訪說他每天要練上萬顆球這樣一天至少要花個小時在練習吧，而且練完身體多少會累你各位上班只是動腦而已，下班還願意進修都沒幾個了他練完還願意去讀英文真超猛自制力一定很驚人
71,引述擁抱荒誕生命之銘言桌球國手林昀儒目前就讀輔仁大學體育系校方表示林昀儒允文允武多益成績破這樣算很厲害嗎有沒有八卦看什麼學校啦在私校確算是英文程度頂尖學生可能贏過學校裡面以上同學所以一個私校校長拿這個出來吹噓，也算情有可原但今天要是在四中等級或以上學校多就只是說出來會被笑等級而已我不是在酸小林同學喔畢竟他專長是打球，而不是唸書酸是你各位這些書唸不好，又沒什麼長才私校仔嘻嘻
72,其實我發現打桌球書也不會念太差從我國中看到現在桌球感覺是一個很神奇運動這也難怪我長大後聽過有正妹說打桌球都是阿宅正妹都說打籃球比較帥幫
73,年台灣地區考生平均成績為分，其中聽力部分平均成績分，閱讀部分平均成績為分考生年齡以歲居多，約占全職雇員考生約占，平均成績分全職學生約占，平均成績分按照個數據來看八卦版鄉民都沒有他高相信大部分人跟英文文盲沒什麼兩樣以英文考試能力最強高中生來說除非是私立特別開學術班或公立高中大部分學店高職考出來都不到分大有人在也就是以上人大概都以上台灣英文能力本來就很差整個東亞地區跟我們自認同個發展水平國家我們只贏一直被我們笑日本大概贏不到分
74,桌球國手林昀儒目前就讀輔仁大學體育系校方表示林昀儒允文允武多益成績破這樣算很厲害嗎有沒有八卦
75,林昀儒母親今校長退休伊藤家電鍋是關鍵林敬倫宜蘭報導我國桌球好手林昀儒在這次東京奧運大放異彩，於混雙項目奪取銅牌，他母親壯圍國中校長陳貴玲今從校長職位退休，將陪伴昀儒出國比賽，照顧生活起居陳貴玲說，有次陪昀儒去參與捷克公開賽，看到日本女桌球好手伊藤美誠家人帶電鍋煮飯，用來克服飲食不習慣問題，這成了她選擇自願退休關鍵歲陳貴玲從事教職年，今年在壯圍國中校長任期屆滿後，原本還可以爭取轉任，繼續擔任校長，直到歲退休，但為了陪伴林昀儒，她選擇提早自願退休，今縣府舉行新舊任校長交接布達典禮，陳貴玲正式將壯圍國中校長棒子，交接給新任校長蔡玉蓉陳貴玲說，這幾年體育署黃金計畫協助，越來越多元，每次昀儒出國比賽，都有一個專業團隊陪著，未來她能做，就是昀儒生活起居照顧，會想陪著昀儒，是因為過去陪著昀儒出國去參與鑽石賽與捷克公開賽時，有很深體悟陳貴玲回憶，參加捷克公開賽時，歐洲飲食與生活，很容易讓亞洲人不習慣，但她看見日本女桌球好手伊藤美誠，參賽時還帶著一個電子鍋在餐廳煮飯，真很有經驗，因此學習到，生活上照顧，是影響比賽環節之一，當時找中國餐廳，就變成她重要任務陳貴玲說，後來陪昀儒去葡萄牙爭取奧運資格，因為當地超市方便，飯店內還有小廚房，她就帶著醬油米與鍋子做滷肉，昀儒熱愛美食，在國外比賽中，能品嚐到家鄉味，絕對能增進表現談到這次從校長退休心情，陳貴玲說，教育生涯當中，很感謝所有同仁與學生，教職生涯佔了人生一半，校長這個職務，開拓很多視野，曾看過雜誌上一句話，「歲之後還有夢可以追事可以做以及人可以愛，人生會變得更美好」陳貴玲指出，這次退休是一個機緣，當了校長其實有責任在，如果繼續當，還是要繼續下個年甚至年，能夠在最美這個點，轉身停下來，其實也不錯作者看板標題情報解禁時間推今天是電蝦黑暗一天
76,當初是最先帶風向說林昀儒不是台灣培育結果現在傳到站對面賤畜高潮到不行故意在那邊說三道四只會滅自己志氣長他人威風啦當初是誰出來帶風向有嘎斯一點出來跪啦
77,大家都知道中國桌球高手極多我很好奇在中國年紀跟林昀儒差不多然後實力也跟小林一樣甚至更高有嗎?奧運有名額限制所以中國最多也只能派人資深球王馬龍跟現任球王樊振東出賽中國內部是不是也有像小林般實力天才少年?只是太菜，要先禮讓學長，無法在國際賽中出現?
78,幫忙重貼一下所以黨定調了，對岸都是靠我們偉大光榮正確林昀儒培養才能贏得金牌跟銀牌所以請對岸教練也是為了培養教練人才，這是多麼偉大無私分享
79,隨著林昀儒自費請大陸教練曾在大陸訓練爆料出來後台灣名嘴們坐不住了有一個叫溫朗東台灣名嘴說林昀儒去大陸訓練培養了大陸桌球員水平看到台灣名嘴評論我目瞪口呆我只能說只要你不尷尬尷尬就是別人太陽是雞叫出來有沒有大陸球員是靠林昀儒培養出來八卦?
80,我們男桌新星林昀儒據說非常喜歡車子最喜歡是英國車今天德國老農在匈牙利大獎賽得到還有一天時間備戰林昀儒應該會看紓壓一下吧不知道他看到頭登上頒獎台有沒有很感動?有沒有八卦??戰鬥川普學園
81,中時新聞網李珮妘教練喊暫停成林昀儒輸球轉捩點內行解密槓一日球迷台灣歲桌球天才林昀儒昨日出戰男單銅牌戰，終場以不敵歲德國好手奧恰洛夫不過在關鍵第局時，許多球迷不解，為何當時林昀儒手感正好，教練蔣澎龍卻在賽末點喊暫停，打亂選手節奏，也讓對手有喘息機會，以至於被逆轉逼進第局對此，一名擁有年桌球經驗網友發文分析，隨即掀起熱議原在「」文指出，林昀儒在這場銅牌戰上，比以往多了很多情緒，許多接發球處理也因為急躁而失分，遺憾是失分大多來自他最擅長「反手擰」，原認為，「教練之所以喊出暫停，是因為下一球換對手發球了，而且又是賽末點，教練是要提醒他不要急，討論戰術並希望他好好處理下一球」原分享自身經驗，直言在當下那個時間點，領先方壓力反而會比前幾球更大，「昀儒雖然看起來沈穩，但感覺是勝負欲很高人，再加上又是輪到前面失誤很多接發球，在這種比較被動狀態，對手搶攻也很強勢，我個人反而會期待在這關鍵分有教練給我指示」相較於外界認為當下重點在「賽末點」，是台灣準備再拿一面銅牌關鍵時刻，所以會覺得叫暫停很不合理，但在原看來，當時重點是「昀儒要面對接發球」最後原呼籲球迷們能以鼓勵代替批評，畢竟林昀儒和教練絕對比大家還難過，但他也認為，錯失銅牌對於年僅歲林昀儒不一定是壞事，「柔道高藤直壽也是里約奧運拿銅牌不甘心，帶著悔恨心情苦練，今年順利拿到金牌，所以希望昀儒能把挫折幻化成力量，年後巴黎奧運一定能拿回金牌」貼文一出隨即掀起網友熱議，紛紛留言回應「小林一定也盡力了，輸球如果要開檢討會也是小林跟教練方，真輪不到大家說嘴」「認同，其實就單純因為結果是輸，所以被拿出來鞭吧」「滿多人就是輸了找戰犯鍵盤教練，幫小林跟教練加油打氣」「第盤被帶走，這很明顯就是心態跟技術還未成熟，就磨練就好對手很強」賽後教練蔣澎龍也表示，林昀儒第一次打奧運就經歷了好幾場關鍵比賽，表現無話可說，但是打到最後林昀儒因為太想贏球，導致揮拍較為僵硬，「奧運比賽規模與獎牌意義，都和一般比賽不同，所以大賽心理素質是需要累積」，並坦言相當看好林昀儒，「接下來就放眼年巴黎奧運吧」本來就一堆一日球迷好像很會打球結果從來不運動平常鍵盤專家熟了一夜之間變成桌球大師可能連桌球拍都沒碰過
82,更糟糕是喊暫停時間點四強小林對上中國球王第五局跟第七局被對手拉開反而沒有喊暫停銅牌戰對上德國選手第七局被拉開也是沒有暫停第六局有一個賽末點卻喊了暫停碎碎念連球評都說蔣澎龍希望小林快點拿下勝利沒有緩和選手壓力反而是給選手更大壓力台灣今天兩場羽球比賽賽末點時候誰會喊暫停反而中國跟德國教練會在局點喊暫停碎碎念一堆嗎?教練喊暫停時間點還有跟選手溝通方式都不好桌球一場比賽只有一次暫停但看到說時機不好，幫了對手，自斷士氣這幾天這些說法實在太多了那我們應該學習冠軍國家跟冠軍球員作法應該不錯吧馬龍單打對韓國鄭榮植，馬龍從落後一路扳平然後中國教練劉國梁在馬龍第二個賽末點喊出暫停，輪馬龍接發球最後收下比賽有此可知暫停時機沒有問題，而是你有什麼招，給了選手什麼樣策略去執行，或是選手有沒有執行好不過桌球每一板變化都太深了，這不是包括我在內這些一日球迷看得懂
83,這應該歷史最後一次在奧運看到這場畫面了吧一位老大哥帶著年輕後輩一起出現在奧運會上所以教練敢叫莊智淵暫停嗎
84,奧運或者國際大型比賽選手實力已經非常接近了勝負除了技術心理素質更是重要你看桌羽球雙打中國拿銀牌輸給台灣跟日本兩場中國選手壓力明顯比台灣日本更大台灣跟日本選手在比賽中都能夠笑放得開小林本身內斂但不是沒有情緒偏偏蔣澎龍跟他性格很不搭沒辦法給一個歲年輕人安定最後兩場比賽過程很明顯反而是對手中國跟德國教練完全不會如此跟選手溝通羽球男雙第二局後中國教練愛唸結果就是中國選手崩盤更糟糕是喊暫停時間點四強小林對上中國球王第五局跟第七局被對手拉開反而沒有喊暫停銅牌戰對上德國選手第七局被拉開也是沒有暫停第六局有一個賽末點卻喊了暫停碎碎念連球評都說蔣澎龍希望小林快點拿下勝利沒有緩和選手壓力反而是給選手更大壓力台灣今天兩場羽球比賽賽末點時候誰會喊暫停反而中國跟德國教練會在局點喊暫停碎碎念一堆嗎?教練喊暫停時間點還有跟選手溝通方式都不好莊智淵文章可信度很高真只想要搶功勞蔣澎龍當其他選手教練也許有不錯結果小林個性上來看莊智淵內斂沉穩更適合有人反駁說第六局小林錯過第六局四次機會你怎麼不講小林第五局沒有奇蹟連下六分早就掛了引述葉豆豆之銘言羽球男雙金牌麟洋配教練陳宏麟是王齊麟以前雙打搭檔三人默契不在話下從第二場下場親自坐鎮指導後麟洋配就開始贏球一路贏到金牌戰戴資穎教練賴建誠是小戴以前陪練員一路陪練到當小戴專屬教練跟陳宏麟以前是同班同學曾經當上羽球隊總教練但因此戴資穎比賽成績和狀態較前兩年有明顯下滑最後辭了總教練專心當小戴專屬教練看看羽球隊教練們再看看星期五晚上林昀儒桌球銅牌戰被一個不熟悉某桌球總教練莫名其妙喊暫停林昀儒是不是輸很冤啊
85,羽球男雙金牌麟洋配教練陳宏麟是王齊麟以前雙打搭檔三人默契不在話下從第二場下場親自坐鎮指導後麟洋配就開始贏球一路贏到金牌戰戴資穎教練賴建誠是小戴以前陪練員一路陪練到當小戴專屬教練跟陳宏麟以前是同班同學曾經當上羽球隊總教練但因此戴資穎比賽成績和狀態較前兩年有明顯下滑最後辭了總教練專心當小戴專屬教練看看羽球隊教練們再看看星期五晚上林昀儒桌球銅牌戰被一個不熟悉某桌球總教練莫名其妙喊暫停林昀儒是不是輸很冤啊
86,林昀儒沉穩寡言據稱他興趣是研究英國阿斯頓馬丁跑車台灣現在也有代理阿斯頓馬丁了作為當代台灣桌球第一人永三汽車找林昀儒來代言阿斯頓馬丁有搞頭嗎有沒有八卦
87,笑死還有人留言說酸民吃不起平常也沒在關心蹭熱度就算了還是靠嘲笑長相來宣傳珍珠豆花事後也只說開玩笑真不用免強發道歉啦快笑死歡迎各大盤子去吃喔小林不用理這種咖看也一堆離職員工爆料引述之銘言奇摩新聞林政平台北知名餐廳稱「林昀儒青春豆花臉」網友爆氣狂刷星評論完整新聞內文台灣桌球選手林昀儒日在東京奧運搶奪男單銅牌，雖然輸給德國選手奧恰洛夫，但仍追平莊智淵當年奧運第四名紀錄，而他年僅歲傑出表現，也圈粉無數台灣人，不台北知名店家日再臉書發文宣傳產品時，卻寫上「看完青春豆花臉小林同學」，讓批網友怒批店家沒水準，自以為有梗，雖然事後店家更改文章，兩度發出道歉文，網友然狂刷星論壇網友指出，台北松山區某知名餐廳，在林昀儒輸球後貼出一篇文章，寫著「看完青春豆花臉小林同學雖敗猶榮之後，只想來一碗珍珠豆花冰消消火氣」，表示一次看到有餐廳用桌球選手皮膚狀況，替自家產品進行宣傳，質疑店家行為「是不有點不禮貌」許多網友怒批「自以為有哏」「哪一家我要去檢舉」「有夠沒水準」「是生意好不想做了嗎」，也有網友湧進該店家評論底下狂刷顆星，即使店家已經更改文章，但仍然繼續被砲轟為此，店家負責人透過臉書兩度發出聲明道歉，但網友仍然買單，認為他越描越黑完整新聞或短網址備註一個人三天只能張貼一則新聞，，，備註
88,李依庭何佳陽又來糗賀「林昀儒奪銅」綠委張廖萬堅出包問是否駭客侵入完整新聞內文桌球好手林昀儒昨晚日在東京奧運桌球男子單打銅牌戰敗陣，以第名作收，但國民黨立委鄭正鈐晚間臉書發文，竟說林昀儒「勇奪銅牌」，雖然大搞烏龍後他緊急撤文道歉，但不少網友酸鄭正鈐「蹭聲量」而民進黨立委張廖萬堅也犯了一模一樣錯誤小林同學林昀儒和奧運男單銅牌擦肩而過，總統蔡英文臉書謝謝林昀儒帶來精彩比賽，休息一下，未來一定還有更棒旅程，副總統賴清德更說林昀儒帶給國人感動，已經遠遠超過一場勝負，行政院長蘇貞昌也大讚他有大將之風，一場比賽揪住所有人目光，卻有人連比賽結果都搞錯國民黨立委鄭正鈐第一時間臉書文，竟然慶賀林昀儒「奪銅牌」，網友酸根本是「蹭蹭鈐」國民黨立委鄭正鈐「先深深一鞠躬跟大家致歉一下，小編發文錯誤，就把我們心中最期待那個結果發出去，我們大概在兩三分鐘馬上發現問題，就把它撤下來」趕緊鞠躬道歉，但犯了同樣錯誤還有民進黨立委張廖萬堅，日中午出林昀儒奪銅圖文，不過張廖萬堅第一時間刪文喊冤，前一天比賽結果出爐時，已經發過林昀儒第名圖，當時還有很多網友按讚，後來原本文章被刪除變成錯誤圖文，質疑是否遭到駭客侵入，目前正在了解原因，更說自己不會犯這種錯誤，而立委們接連凸槌，也讓其他立委直呼現在文前都得再三檢查民進黨立委蔡易餘「不過最近發文都有比較保守，我們小編如果幫我發文，我都盯很緊，不然大家都出包，出包會被罵」出包一籮筐，其他立委很小心，但奧運一頭熱，政治人物們想跟上話題，卻鬧得笑話頻頻「小林熱」鬧烏龍藍委鄭正鈐糗賀林昀儒奪銅挨酸「蹭蹭鈐」飲恨首戰奧運拿第林昀儒深夜回應不甘心完整新聞或短網址備註中國駭客?
89,他以及他家族就是台灣未來人口結構縮影強者恆強少扯也很多平民貧困也光是甭看人臉色能自我發揮建立更強大更突破性實力不是一般平民所能及結論就是這是一則完美詮釋階級複製強大案例讓人不得不嘆為觀止平民仔想生小孩也都快戴套以免淪為社畜培養皿幫兇引述長廣王之銘言林昀儒東京奧運桌球男單第四大舅公是公司董事長姑丈是台大數學系教授哥哥台大在學生表哥台大在學生表姊台大在學生姑姑姑丈阿姨姨婆舅舅超過位台大校友擷取自台大學生交流版一個家族要洗到這麼多台大生要有多猛，要篩選優良基因幾代才能出這麼多優秀人材補爸爸是教授，媽媽當過校長集資源基因天份於一身，一般人怎麼競爭
90,算啦算啦有道歉就好了代表他還是個懂事孩子實在不忍苛責要不然你看前面不是有篇什麼新聞關於體育署投入多少經費小林也是受惠者吧什麼培育年輕潛力選手計畫啊什麼器材裝備啊移地訓練啊什麼什麼便當錢也不少了吧喔對了不是還聽說什麼有一個支那國名師中名師指導一要花去萬嗎我說話都有所本啊前面文章都查到不要又說我造謠你看那麼多資源投入在他身上鉅額經費國人囑託元氣都分給他了就等他丟出這最重要元氣彈結果關鍵時刻你軟手安慰獎都沒拿到哀算了我話點到這不忍苛責沒關係後有抱歉就好了我收下了大家也可以息怒了引述之銘言林昀儒惜敗日媒點評最大關鍵他賽後自責說「對不起」體育中心歲林昀儒昨天在銅牌戰激戰局，惜敗德國前球王奧恰洛夫，無緣帶回獎牌，賽後日媒點評他賽末點「緊張」，林昀儒則是自責說對不起日本媒體點評這場比賽，指出雖然氣勢在林昀儒那裡，他還有賽末點，但他卻出現了緊張感覺，加上奧恰洛夫驚人韌性，最後才把比賽扳到決勝局到了決勝局林昀儒自身失誤又太多痛失獎牌林昀儒，賽後接受電子媒體採訪時表示自己幾個戰術都有算到也有執行到，但就是關鍵時刻不夠有自信，「明明有機會卻不敢把它拿下來，自己在這部分比較差勁一點」他說，很抱歉讓大家失望，「謝謝大家可以支持我，之後會再努力」言詞間讓台灣觀眾滿是心疼歲他初登奧運就拿下第名追平台灣男單史上最佳，加上混雙帶回銅牌，已經是成功
91,引述長廣王之銘言林昀儒東京奧運桌球男單第四大舅公是公司董事長你們各位韭菜為什麼沒去洗五星不要大小眼啊姑丈是台大數學系教授哥哥台大在學生表哥台大在學生表姊台大在學生姑姑姑丈阿姨姨婆舅舅超過位台大校友一個家族要洗到這麼多台大生要有多猛，應該要嚴格篩選優良基因台大互洗，篩幾代才行?補爸爸是教授，媽媽當過校長集資源基因天份於一身，一般人怎麼競爭
92,引述長廣王之銘言林昀儒東京奧運桌球男單第四大舅公是公司董事長姑丈是台大數學系教授哥哥台大在學生表哥台大在學生表姊台大在學生姑姑姑丈阿姨姨婆舅舅超過位台大校友一個家族要洗到這麼多台大生要有多猛，應該要嚴格篩選優良基因台大互洗，篩幾代才行?補爸爸是教授，媽媽當過校長集資源基因天份於一身，一般人怎麼競爭很簡單啊就是從你自己做起以下幾個情境你選什麼就可以決定未來後代價值觀人生觀世界觀了小孩說要練桌球你會叫他好好念書別鬧了全力支持小孩說想要創業你會叫他考個國營就好全力支持小孩什麼都還不會你會叫他專心讀書送他去各領域多方嘗試你怎麼選
93,蔡英文大讚林昀儒「小林同學真打出我們想像不到球」新聞雲杜冠霖台北報導歲桌球小將林昀儒日在男單強，遭遇世界排名第中國選手樊振東，這場比賽「小林同學」展現殺手本色，苦戰局，最終才在決勝局敗下陣來總統蔡英文也發文表示，小林同學真打出了我們想像不到球路，「太棒了銅牌戰加油，繼續寫下驚奇吧」蔡英文表示，奧運桌球男單四強賽，小林同學林昀儒和世界球王樊振東拚搏到第七局，頻頻以巧妙刁鑽球路，給對手製造出龐大壓力，「雖然最後以差距落敗，但這真是最頂尖一場對決」賽前，林昀儒受訪時稱，要拿出百分之百實力，且打出意想不到球才有機會跟樊振東抗衡，對此，蔡英文也表示，小林同學真打出了我們想像不到球路，「太棒了銅牌戰加油，繼續寫下驚奇吧」林昀儒在強賽以比輕取斯洛維尼亞喬吉奇，已追平莊智淵年倫敦奧運創下第四名紀錄，儘管四強賽以比輸球，但林昀儒還有銅牌戰能打，將對上德國名將歐洽洛夫或中國男桌隊長馬龍，仍有機會改寫我國奧運桌球新猷
94,繼昨天鄭正鈐祝賀後張廖萬堅委員也捎來恭喜!頸上天花又一位加入蹭錯行列當事人表示被駭客入侵了看來從總統府到立法院到處都是駭客
95,林宜樟新星林昀儒嘉義建商已贊助年多「打多久支持多久」完整新聞內文我國歲奧運桌球選手林昀儒在東京奧運與女子選手鄭怡靜攜手獲得混雙銅牌男單力戰球王樊振東前球王奧恰洛夫獲第名，精彩表現讓世界驚艷林昀儒父親林學宜發文感謝政府各企業贊助，其中提及嘉義市金石建設，金石建設董事長柯建利長期支持桌球運動發展，今天受訪時說，年親眼看到林昀儒比賽，當時覺得年輕選手異常冷靜，「有頂尖選手氣場」，年時決定贊助林昀儒，贊助計畫是「昀儒打多久就支持多久」，至今已年多，看到他在奧運表現，非常高興，將再發獎金萬元支持「小時候夢想是當運動選手」，今年歲柯建利說，國中時開始學桌球，還曾代表嘉義市參加全中運，但在全國賽看到各縣市好手實力堅強，感覺會打球人很多，後來就沒朝專業選手之路，但仍持續打球柯建利說，心中仍有無法當上選手遺憾，因此想推動桌球發展，年起因大學學弟邀請，開始贊助桌球名校宜蘭國小柯建利說，年他到中國看球賽，當時林昀儒世界排名約名，現場看到林昀儒爆冷戰勝中國選手，比賽時非常冷靜，散發頂尖選手氣場，覺得極有潛力金石建設由柯建利父親成立已年，是嘉義地區老字號建商，柯建利說，林昀儒球技好個性單純，年與林學宜討論贊助，林學宜認為昀儒有政府黃金計畫支持，希望企業贊助能夠讓選手成就企業形象雙贏年初林昀儒世界排名多名，當年大爆發連續擊敗頂尖選手，世界排名升到第，今年東奧更是有驚人表現柯建利說，要培養頂尖運動選手，必須選手努力教練付出家長支持政府協助及企業贊助，缺一不可近年來他贊助多間學校桌球隊，成立臨時乒乓球館，舉辦桌球賽，並在家鄉嘉義市贊助嘉北國小南興國中及嘉義高中推動三級桌球，正式乒乓球館預定年底完工，透過有計畫推動桌球發展，也圓自己運動選手夢完整新聞或短網址備註年初林昀儒剛要爆發，建商簽下贊助真算有眼光
96,林昀儒惜敗日媒點評最大關鍵他賽後自責說「對不起」體育中心歲林昀儒昨天在銅牌戰激戰局，惜敗德國前球王奧恰洛夫，無緣帶回獎牌，賽後日媒點評他賽末點「緊張」，林昀儒則是自責說對不起日本媒體點評這場比賽，指出雖然氣勢在林昀儒那裡，他還有賽末點，但他卻出現了緊張感覺，加上奧恰洛夫驚人韌性，最後才把比賽扳到決勝局到了決勝局林昀儒自身失誤又太多痛失獎牌林昀儒，賽後接受電子媒體採訪時表示自己幾個戰術都有算到也有執行到，但就是關鍵時刻不夠有自信，「明明有機會卻不敢把它拿下來，自己在這部分比較差勁一點」他說，很抱歉讓大家失望，「謝謝大家可以支持我，之後會再努力」言詞間讓台灣觀眾滿是心疼歲他初登奧運就拿下第名追平台灣男單史上最佳，加上混雙帶回銅牌，已經是成功
97,引述之銘言選手練了好幾年，才有機會站上奧運戴資穎被影響林昀儒進四強就馬上把林昀儒當政治鬥爭工具酸政府沒幫忙都中國訓練結果爸爸出來打臉還謝謝坐商務艙林鴻道幹老師林鴻道國民黨商務艙事件時候每個綠畜都在跳針說「蔡英文管不到中華奧會」「中華奧會就是一堆垃圾沒做事」然後你現在在這邊蹭林鴻道我想請問小粉綠到底知不知道羞恥怎麼寫你有看到林爸爸感謝蔡英文還是民進黨膩他感謝就是體委會政府，民間企業等等協助只有綠畜會認為政府就代表民進黨就跟中國畜認為政府就是共產黨一樣小林開始接受國家補助時候還是馬英九執政但我不會說「小林就是國家養馬英九好有遠見好棒棒」幹北七逆國家本來就有他獎助選手計畫藍綠都一樣你有本事自己去爭取有什麼成就本來最辛苦就是「選手」跟他家人不是你他媽這些來蹭政客跟垃圾網軍回到銅牌戰前一晚誰先開始吵小林跟中國其實一開始是微薄上面那些中國人八卦版也開始出現「中國開始蹭小林」之後才出現有人說小林去過中國訓練但馬上被網友嘲諷孫興慜難道是在韓國踢球膩大谷翔平還不是去美國打球台灣射箭隊以前也會去韓國台灣桌球好手不管是鄭還是莊都去跟中國人練習過哪邊強去哪邊打球只有垃圾網軍當年老莊要去中國打球一群人諷刺他投中現在小林被爆有在中國移地訓練過跟請是中國教練這根本沒什麼他身上代表是「台灣」啊然而這群網軍似乎看到了契機開始反酸說小林成長中國教練居功厥偉人就是黑小林然後體育署出來發新聞稿大舉澄清「小林是台灣養台灣培育都是政府功勞」接著一定有朋友或者親朋好友會去跟他爸說他爸才要深夜出來澄清感謝所有一路上幫助過他人抱括你們這些綠畜之前吐過口水林鴻道只可惜他可沒感謝黨呢你們會不會高潮太快了說實在林也沒啥好洗白中華奧會問題還是一堆但做事就是有功有過林鴻道問題還是比他曾做出貢獻大就像蔡英文馬英九也是除了中國人會整天讚揚政府讚頌黨稍微批評就會未來拿不到錢拿不到補助或者被針對鬥爭清算台灣人要走向中國人之路嗎最後到底是哪些人拼命在每一個選手文章下面讚揚政府讚頌黨不表揚選手自己努力家人努力教練努力我們來隨便看個兩個吧在同一篇文章下面連推很多次「小英體育改革大成功謝謝小英」在非常非常多篇下面只要有選手打得不錯下面就有他專門貼哪些選手受過體育署黃金計畫補助感謝黨啊施捨我糧食施捨我經費選手們才有今天然後敢說不敢做直接刪文為什麼台灣那麼多不要臉酸民害八卦版都被人說是智障一堆現在又害林沒拿牌你不能認同一個政黨，你認同是台灣我們只是暫時把權力交給執政黨，讓他可以去做事情中研院士陳培哲
98,引述之銘言一路看下來明明程度不錯但只要跟和高手過招幾乎都會追平被追平追平被追平無限輪迴然後明明就有穩了又突然大膽進攻出界失分到底??冷靜是很好但他心底深處根本就沒有那個意志想奪牌啊???果然是鍵盤酸民首先呢他只有歲經驗還是不足雖然他打球已經很多年從很小就開始打雖然他每天都練習小時但是一山還有一山高別人也是苦練過來而且桌球真要反應非常快速因為球桌很小有時候你判斷時間就只有短短時間機會稍縱即逝
99,引述之銘言選手練了好幾年，才有機會站上奧運戴資穎被影響林昀儒進四強就馬上把林昀儒當政治鬥爭工具酸政府沒幫忙都中國訓練結果爸爸出來打臉還謝謝坐商務艙林鴻道然後敢說不敢做直接刪文為什麼台灣那麼多不要臉酸民害八卦版都被人說是智障一堆現在又害林沒拿牌靠腰都停止註冊多久了，林怎麼可能有帳號就算有好了你覺得影響力會大於場上教練鄉民有辦法隔空去喊一個暫停明明加油集氣文更多不是嗎都可以集滿一顆元氣彈了更多殺到選手那邊出征又是怎麼回事無論是否反串啊就真很懷念長榮商務艙啊利用選手做政治鬥爭人一定有造謠帶風向該死但是我要講一點，不要把檢討制度當作惡意之前世界棒球經典賽，也發生過球員沒早餐事情大家罵得要死，棒協也說是誤會一場，不過隔天就有早餐了那次也是把球員分批塞經濟艙回來，照片曝光後，後來棒球隊出國就有商務艙了很多事情就是我們關注後續接著改善就算是藉此內鬥，只要制度有變好，我不認為選手會介意他搭是哪一個執政黨商務艙我相信這幾年來選手培訓環境確實有改善，但還可以更好當然對於體協，除了善意建議外，會有更多惡意批評我只能說，在那個位置就是要扛得住也不要太替選手擔心，能夠當上國手抗壓力絕對不弱他們長年訓練，一到賽場身體本能就是進入比賽狀態能夠影響他們比賽只有裁判跟教練我不知道，那個暫停可能是想上吧，只是剛好也給對方喘息機會或者是他有看到什麼選手沒注意到地方也說不定這東西就是成王敗寇，拿到牌就是神操作，失敗嘛也是另一種神操作
