﻿,content
0,郭婞淳又再次拿到世錦賽金牌了舉重算是世界熱門項目，中國跟歐美體育強國為什麼無法在同量級培養能超越台灣郭婞淳選手
1,例如，至少要有來源或如法新社林岳甫>世錦賽「舉重女神」郭婞淳挺舉總和金牌入袋生涯金創紀錄完整新聞內文社論特稿都不能貼，貼喔郭婞淳挺舉公斤總和公斤本屆抱回金銀資料照，特派林正堃攝林岳甫「舉重女神」郭婞淳今日在年世界錦標賽女子公斤級，抓舉公斤拿銀牌，再來挺舉公斤總和公斤技壓群雌，本屆抱回金銀，迄今她在世錦賽連屆收下總和金牌，增添明年拚亞運連霸信心郭婞淳年奪公斤級總和金牌，但年更改量級後，郭婞淳同年及年順利拿到公斤級總和金牌，本屆將尋求女子公斤級總和連霸東京奧運奪金郭婞淳，雖保有抓舉公斤挺舉公斤總和公斤項世界紀錄，但本屆世錦賽以不受傷為前提，同時也要透過大賽瞭解各國好手狀況郭婞淳抓舉開把重量原為公斤，她把重量加到公斤，登場後一鼓作氣舉起，第二把升至公斤快意舉起，最後一把增加至公斤失敗，以公斤不敵歲烏克蘭選手漢柯爾公斤，抓舉收下銀牌即使沒辦法先拿金牌，郭婞淳進到最擅長挺舉項目就有機會討回顏面，開把公斤技壓群雌，她上場後順利舉起，且哥倫比亞選手艾瓦瑞茲最後一把挑戰公斤成功，但郭婞淳在第二把舉起公斤，提前篤定挺舉總和金牌到手，她最後一把挑戰公斤又成功郭婞淳從年開啟征戰世錦賽旅程，本屆收下金銀，生涯累積金銀銅，超越陳瑞蓮金紀錄，成為台灣在世錦賽最多金女將完整新聞或短網址當，需提供短網址方便網友點擊備註新聞，，，備註真台灣之光但是有新聞說年會取消舉重奧運比賽希望別取消讓她可在為台灣舉出金牌
2,東京奧運舉重金牌得主郭婞淳於年世界舉重錦標賽女子公斤級以抓舉公斤挺舉公斤，總和公斤抓舉銀牌挺舉&總和獲得金牌!!!個人累積世錦賽金真是太厲害啦!!!恭喜
3,如題現在體育選手廣告很多郭婞淳有個廣告講比較多話國語超不標準耶一聽就南部上來拍廣告至少把國語練好吧人夠壯了國語再不標準令人擔心以後感情路有八卦嗎
4,郭婞淳在台灣歷史地位無庸置疑再加上她人生也很戲劇性根本就可以拍成電影如果郭婞淳電影卡司是這樣郭書瑤飾演郭婞淳成年吳以涵飾演郭婞淳童年王彩樺飾演媽媽莊凱勛飾演啟蒙教練雷洪飾演國家隊教練郭昱晴飾演總統阿飾演總統秘書客串琳妲飾演戴資穎羅宏正飾演王齊麟馮秉軒飾演李洋楊銘威飾演楊勇緯劉冠廷飾演李智凱如果郭婞淳電影這樣選角，嗎
5,例如聯合新聞網，至少要有來源或如法新社尤聰光台東即時報導>議員建議為舉重女神郭婞淳設「婞淳路」饒慶鈴不難完整新聞內文社論特稿都不能貼，貼喔「台東之光」舉重女神郭婞淳奪得東京奧運舉重金牌後，縣府加碼獎金萬元，議員方賢仁今天在縣政總質詢建議能比照已故十項鐵人楊傳廣為郭設一條「婞淳路」縣長饒慶鈴答詢「這不難，可以和郭談」饒慶鈴說，其實之前已和郭母談過，但還是要尊重郭婞淳個人意願，要以她名來命名一條路，對縣府來說不難，不過，還是要她本人同意比較重要，這個建議會和郭本人來談，若同意就能著手辦理縣議會今天持續縣政總質詢，議員方賢仁質詢時，針對郭婞淳奪得東京奧運舉重金牌後，建議縣府除了之前加碼萬獎金外，應該要再給一個不花錢大禮，希望比照年前已故十項鐵人楊傳廣，為郭命名一條路方賢仁說，目前縣府在市地重畫區開闢條新道路，這條道路可以擇一來為郭婞淳命名路名，畢竟相隔年，台東難得再出一位奧運得獎選手，值得紀念完整新聞或短網址當，需提供短網址方便網友點擊?備註一個人三天只能張貼一則新聞，，，備註用體育選手或是文化人物來為道路命名不管怎樣一定都比萬年不變中山中正來好啦
6,安安一台幾十公斤光抬個屁股稍微移一下都很吃力了那台灣之光郭郭可以把硬舉抬起來嗎有沒有八卦
7,新聞網陳郁文報導多次模仿郭婞淳男星錄影收「存證信函」下場曝光完整新聞內文「舉重女神」郭婞淳在本屆奧運公斤級項目勇奪金牌，還打破抓舉挺舉總和項奧運紀錄，讓她成為討論度最高國手之一，而男星無尊經常在節目上模仿她，近日兩人同框錄製節目，無尊竟無意間聽到雙方經紀人在聊天，打算「轉交存證信函」郭婞淳奧運奪金至今熱度不減，無尊多次在節目上戴假髮模仿對方，日前兩人錄影時再度碰面，無尊事後開心在臉書貼出合照，笑說「錄影時看到她經紀人跟我經紀人在聊天，靠過去聽，原來是在轉交存證信函啊喂，很開心又跟女神一起工作啦」照片一出，網友笑翻回應「我現在只要看到郭婞淳就會想到你」「太像了吧該不會是失散多年」「正想問她經紀人有沒有給你存證信函」「失散多年兄妹」「不太能接受我女神有男版」，藝人阿亮卜學亮也打趣回應「對不起本尊這樣拍模仿有像」完整新聞或短網址備註是什麼節目?感覺不太像郭婞淳很正無尊模仿他是在蹭熱度嗎?
8,引述之銘言最近八卦版在討論堂教練課元有人覺得很盤子上網看自學就好有人覺得很值得正確動作不受傷安全第一那今天是郭婞淳女子公斤級舉重世界冠軍一堂課小時大概要收多少鄉民才會滿意我上過陳葦綾一堂小時一對一不包含場地費一對三是不包場地費我只能說會練跟會教是不同事我不是說陳葦綾不好而是她太高段了有些新手反而做不出動作所以不是找金牌來教對自己就好反而是要找到會教才重要順帶一提一堆連鎖健身房教練我碰過都是只會練不會教最後要是不能分辨教練好壞我看你還不如把錢省下來吃雞排啦幹對了一堂真他媽盤子
9,初學者給郭婞淳帶也沒啥用郭婞淳能幫至少也要是全運會水準不然連槓都不會拿一個小時花了三十分鐘教你拿槓這種東西其實就要像是游泳班一樣分級連游泳都不會先去學水母漂因循漸進不同層級由不同等級教練教才能達到最大效益就算你花得起郭婞淳當教練錢一個小時兩萬元好了也不代表她時間花在你身上對於台灣舉重運動幫助效益最大新手拿槓先去看亞洲跟歐美起槓風格不一樣接槓風格也不一樣可以練到接近自己深蹲再去找全運會等級選手幫忙刁動作除非你今天是打算走舉重選手路線不然那麼強教練花時間在你身上也沒啥用底下一堆選手嗷嗷待哺交一個五分鐘熱度初學者有啥用引述之銘言最近八卦版在討論堂教練課元有人覺得很盤子上網看自學就好有人覺得很值得正確動作不受傷安全第一那今天是郭婞淳女子公斤級舉重世界冠軍一堂課小時大概要收多少鄉民才會滿意
10,最近八卦版在討論堂教練課元有人覺得很盤子上網看自學就好有人覺得很值得正確動作不受傷安全第一那今天是郭婞淳女子公斤級舉重世界冠軍一堂課小時大概要收多少鄉民才會滿意
11,可能有人好奇為什麼讓這麼多這也不是什麼卦一般縣市政府對於全運會都有設立破紀錄獎金一萬到四萬不等如果女神多出一點力，直接把原紀錄推高十幾公斤那別人不用拿，直接黑掉就算沒對手好了，自己以後也拿不到所以為什麼常常看到這種破紀錄通常只是推高一兩公斤他是有潛規則當然我不是說女神已經這種等級了還要連幾萬都要計較女神是世界級選手但台灣更多是國際賽沒這麼亮眼但在國內還是無敵這樣選手就很需要這筆獎金久而久之就會變成潛規則
12,郭婞淳全運會女子舉重公斤級抓舉公斤挺舉公斤總和公斤三項都破大會紀錄勇奪金牌蒿吐鷺鷥
13,東森新聞年月日郭婞淳回輔大笑稱不習慣被稱老師盼未來帶出更多奧運奪牌選手#謝孟儒新北報導東奧金牌「舉重女神」郭婞淳今天日榮耀返回母校輔仁大學，年就獲聘為輔大體育系專任副教授他，笑說自己還不習慣被稱作老師，但是未來會以自己經驗，希望可以為母校培養越來越多奧運獎牌選手畢業於輔大體育系體育系碩士班郭婞淳，在年台北世大運破世界紀錄摘金，年就獲輔大聘為體育系專任副教授一職，而在東京奧運奪金，也是輔大從民國年創校以來第一面奧運金牌，為此，輔大也特別建置「體育運動名人堂婞淳金牌廳」郭婞淳今天榮耀返校，被主持人稱呼為「婞淳老師」「婞淳副教授」時，他笑稱還不習慣這個稱呼，除了感謝輔大一路以來栽培和協助外，也談起奪牌之後外界給壓力，「壓力是一定，雖然我在東奧完成階段性任務，但我希望自己保持信念，繼續面對比賽」郭婞淳談起年嚴重受傷，反而讓自己有更多時間休息放鬆，「算是最開心一段時間，希望未來自己能夠帶出越來越多奧運獎牌選手，繼續為母校爭光」郭婞淳教練林敬能表示，「感謝輔大一路以來付出和幫忙，我跟婞淳都是喜歡做夢喜歡挑戰人，唯有面對挑戰，才能夠戰勝挑戰，希望用這樣精神鼓舞更多人」也談起郭婞淳年受傷，「受傷不是壞事，是檢視自己過去訓練計畫，給自己重新再站起來機會心得我有參加會還和郭婞淳合照她本人親切又可愛我覺我一輩子都會支持她
14,如題，郭婞淳剛才在總統府內致詞語氣跟肢體看來很緊張興奮耶這場面是不是比東京奧運賽場帶給她更大緊張感
15,快要大學開課了，選課排表即將開始如果館長跟郭婞淳開課，該選誰一邊是國軍社會歷練高，重訓格鬥雙棲一邊是奧運金牌得主，創新各大紀錄這兩位館長跟郭婞淳開課很吸引人吧該選誰好呢
16,覺得郭婞淳很正欸，身材又很猛最喜歡這種很壯女生請問需要什麼條件嗎但我本身不是什麼猛男請問有機會嗎有大大分享這種健身女生怎麼追嗎
17,來源麥卡貝運動頻道中職聯盟提供轉播訊號中職奧運國手開球週開始了今天是金牌郭婞淳先開球，大家覺得這開球給幾分呢有沒有八卦
18,沒有對運動員不敬意思舉重選手首重下盤與核心發力她下面不是一般男人可以駕馭大概進去兩三下就出來了性愛不美滿婚姻維持會比較辛苦
19,一位是舉重屢屢創新紀錄世界金牌一位是不屈不撓悍將羽球世界球后兩位體壇女神身上很有氣息且身材都很是精實下了戰場都是很有女人味跟溫柔一面啊這兩位如果要選一位當女朋友鄉民會怎麼選啊請附理由謝謝
20,我是覺得不用踢拉就改成只分男女不分量級兩面金牌就好然後四年一次給全世界比一次誰是最強壯男生女生就是了也可以看出到底歷年來誰力氣最大就像跑百米一樣可以知道誰跑最快就好讓想挑戰舉更重人還要因為要比賽就得控制體重不長肉就是本末倒置引述幸福之銘言三立王怡翔郭婞淳無緣連霸金牌外媒爆舉重拳擊恐被踢出巴黎奧運完整新聞內文東京奧運剛剛落幕，等同下屆巴黎奧運備戰起跑，台灣在這次奧運獲得金銀銅史上最佳成績，其中舉重項目郭婞淳拿下金牌，並宣布要繼續挑戰巴黎奧運，不過根
21,郭婞淳募款加碼善舉超暖心獎金拿來做善事自曝該學理財年月日路皓惟東京奧運中華代表隊累計金銀銅，創下史上最佳成績，今日晚間富邦集團為旗下選手郭婞淳楊勇緯潘政琮徐薇淩和李旻舉辦線上慶功會，郭婞淳透露會將獎金拿來做善事，繼續幫助需要人，也透露要開始學習投資理財今天富邦集團特別準備「神秘禮物」送到隔離飯店，郭婞淳在線上中開箱禮物，是一個製作精緻翻糖蛋糕，上面寫著「台灣之光，堅持婞念」，郭婞淳開心表示，細節呈現非常好，尤其表情非常優雅，連耳環細節都有製作上去郭婞淳替我國摘下東奧首面金牌，完成生涯「金滿貫」里程碑，回顧本屆奧運表現，她說「這次非常開心為台灣拿下一面奧運金牌，雖然很可惜沒有繼續破世界紀錄，但還是很激動能夠完成生涯最後一塊拼圖，很開心自己做到了」郭婞淳在挺舉挑戰公斤世界紀錄時，因重心不穩跌坐在地「華麗翻身」，臉上露出燦爛笑容模樣超可愛，引起國內外網友瘋傳郭婞淳笑說「起槓時候手有點滑掉，所以嘴角露出微笑，然後我又跌倒，所以想說這次華麗轉身，就怕會不好看」有粉絲提問該如何收藏金牌，郭婞淳說「會把金牌交給媽媽，因為客廳布置擺放都是由她處理」另外，她也展示在東奧比賽時戴上水晶項鍊，這個金色水晶項鍊也是她幸運物，也預告了東奧「金牌」台灣大哥大總經理林之晨也在中分享郭婞淳熱衷公益小故事，之前郭婞淳受邀參加公益募款餐會，為了讓更多人願意贊助捐款，自己拋磚引玉加碼萬，令他相當感動對於這次金牌萬美元新台幣萬助威金運用，郭婞淳笑說「會想要繼續幫助更多人，但好像也該開始學習投資理財了」標題新聞狂大谷翔平敲三分砲大聯盟首轟震撼美時間噓他打又不是鮑爾或是骷髏伯，人家對他期待是打這些新聞大谷翔平連場開轟今天苦主是去年賽揚投手
22,很簡單，因為這張圖乳滑了郭婞淳再怎麼舉，也沒有辦法乳滑，因為舉重決賽中國沒有人上場麟洋卡片不但贏了中國人乳滑，線條再加上綠底白字，根本是台獨分裂中國領土完整陰謀辦一張卡可以分裂中國領土，你大家還不辦嗎引述之銘言麟洋卡做那麼醜，一定是找不到好看照片，舉重金牌照片大家都那麼喜歡，為何不做成卡片，五樓你說說看
23,麟洋卡做那麼醜，一定是找不到好看照片，舉重金牌照片大家都那麼喜歡，為何不做成卡片，五樓你說說看
24,我們舉重女神郭婞淳，第一次尻奧運公斤舉重就冠軍如果給她玩健身環大冒險會不會玩沒幾次就弄壞了?任天堂是不是要為這種運動員特別設計?例如改成重量公斤或是擠壓力量變成公斤才能壓一下
25,一個是舉重女神一個是羽球世界球后兩個都是台灣女性運動員代表，也都在東京奧運有佳績，假如鄉民有機會認識其中一位，想問各位會選誰
26,雖目前尚未完全確定兩項目是否完全取消，但是會刪減或合併量級，舉重將原先男女各個量級縮減為男女各個量級，拳擊將原本個男子級別跟個女子級別，減成個男子級別跟個女子級別+>+引述府城中西里菜之銘言引述幸福之銘言三立王怡翔郭婞淳無緣連霸金牌外媒爆舉重拳擊恐被踢出巴黎奧運完整新聞內文其中長期選手陷入禁藥疑雲國際協會頻傳貪汙舉重項目，以及採取評分制又屢傳收買裁判拳擊項目，被點名是最有可能被開刀對象，這兩項運動在下屆奧運已經確定縮減當年英國大力士奧皮音到上海表演舉重傳單上說自己打遍中國無敵手十分狂妄華人用了百年時間努力鍛鍊現在大家知道中國大力士台灣大力士裁判被收買就想撤掉拳擊怎麼不把那個國籍拳會撤掉重組裁判頒合格證管理機關卻沒事舉重拳擊都是阿斗仔有利項目天生條件白種人身體強但奧會都是黃種人拿牌比不過就想把項目撤掉，丟不丟臉今年疫情日本本來不辦了，國際奧會就勒索違約賠償金二戰時候也是停止不辦，那有沒有繳違約賠償金說到底最貪錢又最無能管理就是現在檯面上那群阿斗仔侮辱奧運精神也是他們真該通通換成亞洲人由中台日韓四強國人來管理
27,引述幸福之銘言三立王怡翔郭婞淳無緣連霸金牌外媒爆舉重拳擊恐被踢出巴黎奧運完整新聞內文其中長期選手陷入禁藥疑雲國際協會頻傳貪汙舉重項目，以及採取評分制又屢傳收買裁判拳擊項目，被點名是最有可能被開刀對象，這兩項運動在下屆奧運已經確定縮減當年英國大力士奧皮音到上海表演舉重傳單上說自己打遍中國無敵手十分狂妄華人用了百年時間努力鍛鍊現在大家知道中國大力士台灣大力士裁判被收買就想撤掉拳擊怎麼不把那個國籍拳會撤掉重組裁判頒合格證管理機關卻沒事舉重拳擊都是阿斗仔有利項目天生條件白種人身體強但奧會都是黃種人拿牌比不過就想把項目撤掉，丟不丟臉今年疫情日本本來不辦了，國際奧會就勒索違約賠償金二戰時候也是停止不辦，那有沒有繳違約賠償金說到底最貪錢又最無能管理就是現在檯面上那群阿斗仔侮辱奧運精神也是他們真該通通換成亞洲人由中台日韓四強國人來管理
28,以前我也覺得舉重難看又傷身這次奧運其實讓我改觀惹講白了奧運哪個項目不傷身力量舉如果不是因為禁藥爭議其實是個不錯項目加上現在健身風氣正盛選手身材真有天神美感我建議是取消重量級女子還有有禁藥爭議國家全部禁賽大家說好不好引述幸福之銘言三立王怡翔郭婞淳無緣連霸金牌外媒爆舉重拳擊恐被踢出巴黎奧運完整新聞內文東京奧運剛剛落幕，等同下屆巴黎奧運備戰起跑，台灣在這次奧運獲得金銀銅史上最佳成績，其中舉重項目郭婞淳拿下金牌，並宣布要繼續挑戰巴黎奧運，不過根據外媒爆料，下屆奧運舉重很可能直接被踢出比賽項目根據日本媒體共同社等外媒報導，由於國際奧會修改憲章，保障奧會更大決策權，未來只要有單項運動管理機構不遵守奧會規定，或者有危害奧林匹克運動精神事件發生，可以直接取消該項運動在奧運舉辦其中長期選手陷入禁藥疑雲國際協會頻傳貪汙舉重項目，以及採取評分制又屢傳收買裁判拳擊項目，被點名是最有可能被開刀對象，這兩項運動在下屆奧運已經確定縮減參賽量級，但舉重更被點名很可能直接被巴黎奧運踢除台灣這次獲得金銀銅，包括舉重郭婞淳金牌陳玟卉銅牌拳擊首度獲銅牌黃筱雯，其中舉重一直是台灣近年來獎牌庫，從北京奧運起連屆有舉重選手獲得金牌，本屆破奧運紀錄拿下金牌郭婞淳，更是宣告要再戰巴黎奧運，如果舉重遭取消，對台灣獎牌數將有很大衝擊完整新聞或短網址備註
29,三立王怡翔郭婞淳無緣連霸金牌外媒爆舉重拳擊恐被踢出巴黎奧運完整新聞內文東京奧運剛剛落幕，等同下屆巴黎奧運備戰起跑，台灣在這次奧運獲得金銀銅史上最佳成績，其中舉重項目郭婞淳拿下金牌，並宣布要繼續挑戰巴黎奧運，不過根據外媒爆料，下屆奧運舉重很可能直接被踢出比賽項目根據日本媒體共同社等外媒報導，由於國際奧會修改憲章，保障奧會更大決策權，未來只要有單項運動管理機構不遵守奧會規定，或者有危害奧林匹克運動精神事件發生，可以直接取消該項運動在奧運舉辦其中長期選手陷入禁藥疑雲國際協會頻傳貪汙舉重項目，以及採取評分制又屢傳收買裁判拳擊項目，被點名是最有可能被開刀對象，這兩項運動在下屆奧運已經確定縮減參賽量級，但舉重更被點名很可能直接被巴黎奧運踢除台灣這次獲得金銀銅，包括舉重郭婞淳金牌陳玟卉銅牌拳擊首度獲銅牌黃筱雯，其中舉重一直是台灣近年來獎牌庫，從北京奧運起連屆有舉重選手獲得金牌，本屆破奧運紀錄拿下金牌郭婞淳，更是宣告要再戰巴黎奧運，如果舉重遭取消，對台灣獎牌數將有很大衝擊完整新聞或短網址備註
30,這是鷲見玲奈主播東京電視台前女播現為自由主播代表作是東京電視台節目跟拍到你家已畢業這是郭婞淳台灣奧運舉重金牌選手鷲見玲奈主播像不像甜美版郭婞淳有卦否
31,引述之銘言這幾天小戴明顯不開心不給採訪不說話一堆酸民在那邊嘴一直洗練球好嗎如果今天是舉重郭婞淳拿銀牌也會被嘴這麼慘嗎這情況其實也很正常畢竟人紅是非多再舉個例子好了這次銅牌辛度印度巨人之前也一直因為拿不金牌被鄉民靠北偷渡個之前看到水管?拿到金牌靠北聲音就消失了只是吼輸給辛度或是陳雨菲奧原希望依瑟儂那也都很棒啊能跟這些強者過招很可以了吧哈哈女單前幾名選手在自己國家地位都超高
32,引述之銘言這幾天小戴明顯不開心不給採訪不說話一堆酸民在那邊嘴一直洗練球好嗎如果今天是舉重郭婞淳拿銀牌也會被嘴這麼慘嗎戴今天在網路上被酸民嘴是綜合很多點羽球女單頒獎時大家都開心笑嘻嘻包括銅牌辛度也是很開心就你一個臭臉事後還不接受採訪郭婞淳是輾壓式勝利金牌完全海放其他對手最後一把試舉失敗還是倒地笑開懷戴八強贏辛苦金牌戰明顯失誤太多再加上嫌經濟艙這麼多點你要酸民怎麼忍得住不酸?叫我城武就可以了
33,引述之銘言這幾天小戴明顯不開心不給採訪不說話一堆酸民在那邊嘴一直洗練球好嗎如果今天是舉重郭婞淳拿銀牌也會被嘴這麼慘嗎戴有心魔了啦其實就是大賽沒有代表性金牌才看那麼重如果世界前前就算了偏偏積分又是世界第一怎麼不放在心上她也想要證明自己啦氣度小點玻璃點正常郭拿過好幾個代表金牌也是世界紀錄保持者奧運金牌如果狀況不好沒拿到就是無緣而已你看那幾個網球大滿貫對奧運獎牌也是算加分而已就是這樣啦小戴這次真是佳績了但是對她個人生涯歷史定位來說就是最後機會沒把握會這種反應不意外!
34,這幾天小戴明顯不開心不給採訪不說話一堆酸民在那邊嘴一直洗練球好嗎如果今天是舉重郭婞淳拿銀牌也會被嘴這麼慘嗎
35,引述路克天醒者之銘言怕自己不小心練太壯了體型不好看應該是眾多八卦板鄉民最害怕事奧運舉重金牌郭婞淳也會怕自己不小心就練太壯嗎癸琖郭婞淳，舉重公斤級奧運金牌身高參閱維基百科扣掉內臟基本重量最低體脂比率，不可能練太壯到體型不好看如果跟女性舉重選手交往，只要男方體型不是太誇張，男生也有機會享受一下公主抱是個好女孩，各位加油
36,怕自己不小心練太壯了體型不好看應該是眾多八卦板鄉民最害怕事奧運舉重金牌郭婞淳也會怕自己不小心就練太壯嗎癸琖
37,新聞雲閔文昱郭婞淳「為何沒幻象伴飛」空軍曝悲傷原因那天是告別式中華隊選手戴資穎周天成王子維王齊麟李洋，以及教練團防護員共人將於日下午搭乘華航班機榮耀返台，中央安排幻象戰機伴飛，引發外界熱議，有網友就質疑，郭婞淳同樣是奧運金牌，「待遇怎麼差那麼多」對此，空軍也做出回應，表示這與殉職飛官蔣正志少將有關為表達對體育支持，空軍安排架幻象戰機自新竹空軍基地起飛，迎接搭載選手回台華航班機，並在班機左右兩側施放熱焰彈，慶祝中華隊選手優異表現對此，相關話題在上也引發網友討論，「郭婞淳為什麼沒有幻象伴飛同樣是奧運金牌待遇差那麼多」空軍表示，郭婞淳等人返台時間是月日，當天正好是空軍殉職飛官蔣正志少將告別式，考量會模糊焦點，因此認為不適合為奧運選手執行伴飛等慶祝任務國防部發言人史順文也指出，伴飛是總統指示，比照年亞運，由空軍伴飛國家英雄回國，能迎接國家英雄回來，是國軍榮幸，也是表達對所有奧運代表團感謝，考量後續颱風可能造成影響，日是天候比較允許狀態，空軍會在飛安第一戰備任務優先前提下，全力達成任務事實上，戰機伴飛致敬在國際間早有先例，年舉行平昌冬季奧運，荷蘭拿下金銀銅，總共面獎牌，在所有參賽國中排名第名荷蘭航空當時在臉書粉絲專頁上出一支近分鐘短片，並且寫道「請繫好安全帶，加入我們奪牌奧運英雄航班」
38,很訝異過了一天怎麼一堆人還不知道女皇企圖這咖永遠不會治國只會政治算計因為小戴靠北沒商務艙讓我們偉大政府大頭全都道歉顏面無光下令空機伴飛有兩大好處阿第一個讓小戴粉絲感到光榮榮耀一下下次繼續含淚投綠這個我昨天就想到了第二個這招更狠，大動作派戰機，這樣反對黨就會上鉤開罵就會有人討厭小戴有些人就會酸他世界球后才得銀牌?讓他試試看被罵滋味再派蟑螂護航政府轉移疫苗不足焦點分裂族群等效果懂?
39,花多少錢用多大規格慶賀跟本不是問題見微知著由此可以再次看見蔡執政調性雙標且欠缺公平公正也只是其表更禍國殃民是沒有全盤且長期性規劃最慘是還貢高我慢妄自尊大死要面子絲毫不願反省檢討從而沒有修正機會哪怕前面是斷崖也要逼人民一起跳下去說那是充滿浪漫價值絕情谷底根本不止絕情還絕命
40,戴資穎銀牌郭婞淳金牌可是你看不管是鎂光燈曝光度還是國內代言收入口袋麥可麥可度甚至是在八卦板你打關鍵字搜尋「戴資穎」篇「郭婞淳」篇差距兩倍如果你再把「小戴」加進去雙方搜尋量差到倍以上打小郭沒用會出現郭泓志郭婞淳在賽場實力輾壓過頭那個優勢差有多暴力別說跟第二名比比她更重一個量級選手沒有人開拔重量能贏她這變成比賽毫無懸念毫無效果戲劇性大家都看你玩好了無聊死了反觀小戴決賽和小陳一來一往就打得很有戲劇性雖然最後輸了可什麼是英雄英雄就是要讓人為她掉下同情眼淚當她站上頒獎台被迫聽義勇軍行進曲看五星紅旗升旗台灣人是善良這更會激起台灣人同仇敵愾心理雖然妳輸了但你是咱台灣人回國當然要用幻象伴飛這個最高禮遇來!而郭婞淳沒有不敬意思奪金牌當然很好但是你以為大家很愛聽國旗歌嗎啊嘜片啦什麼中華奧會歌想騙誰心照不宣了還炎黃世冑青天白日滿地紅搞清楚!我們不要那段黨國時期屈辱歷史所以一直有人在板上問為什麼郭婞淳回國沒有幻象伴飛這答案不是不言而喻嗎所以回主題有沒有和郭婞淳相比智將小戴才是真正贏了面子又贏了裡子八卦
41,郭沒有檯面上說法是當天有去年失聯飛官公祭所以不適宜戴有檯面上說法是以前有所以現在有等同於常規伴飛訓練，不浪費結合兩種說法以後我們可以得到個結論如果有空軍人員公祭，當天就不會有常規訓練，就算以前有現在也不會有不懂不過看起來應該是一員公祭全員停工不能舉辦任何其他常規事務引述香蕉猴子之銘言欸欸，我在想郭婞淳有拿到金牌了，但是沒有幻象在旁邊伴飛啊那為什麼麟洋配拿金牌就能獲得禮遇還有戴資穎僅有銀牌也能同享禮遇為什麼啊，有人能說一下嗎
42,很簡單當然是有吵小孩有糖吃啊，連戴爸都出來開砲政府當然先摸頭，一點都不意外什麼你給我扯什麼告別式同一天那你是不會統一標準是不是啊不過政府雙標也不是第一天，也不用很意外戰鬥機拿來這樣開這樣花花是人民納稅錢還真是無聊還不會統一標準獨厚羽球選手這政府已經不知道要說什麼了引述香蕉猴子之銘言欸欸，我在想郭婞淳有拿到金牌了，但是沒有幻象在旁邊伴飛啊那為什麼麟洋配拿金牌就能獲得禮遇還有戴資穎僅有銀牌也能同享禮遇為什麼啊，有人能說一下嗎推一開始投資真要先從看節目開始像我朋友看節目看到變推低能成投資大師每次都在麥當勞開班授課看他講很好我們都射了越聽越有興趣漸漸到處拉人一起來聽最後整間麥當勞都是甲甲
43,那天有蔣正志上校公祭以郭婞淳這種把銅牌獎金全捐出去買救護車還要過半年大家才知道個性她應該不喜歡太過招搖
44,欸欸，我在想郭婞淳有拿到金牌了，但是沒有幻象在旁邊伴飛啊那為什麼麟洋配拿金牌就能獲得禮遇還有戴資穎僅有銀牌也能同享禮遇為什麼啊，有人能說一下嗎
45,引述臺灣人之銘言現在奧運期間中華隊選手不斷穿金戴銀每個人都在社群網站分享喜悅大街小巷都在討論奧運可是風潮一過半年後真只記得最紅兩個嗎確實有可能我現在只記得戴資穎郭婞淳林昀儒莊智淵楊勇瑋羅嘉翎李智凱奧恰洛夫男雙只記得是麟洋配個別名字要才知道其他忘差不多了
46,現在奧運期間中華隊選手不斷穿金戴銀每個人都在社群網站分享喜悅大街小巷都在討論奧運可是風潮一過半年後真只記得最紅兩個嗎
47,伴飛是怎麼申請我去日本旅遊很多趟，回來台灣也沒有碰過軍機有伴飛過奧運選手伴飛很怪吧英國選手拿金牌，沒獎金，還在場邊織毛線貼補家用這被英國人知道會被笑死吧是吧引述之銘言乾同樣是奧運金牌待遇差那麼多麻煩再幫我們奪牌好手伴飛一次好嗎到現在總共面獎牌看看怎麼飛喬一下好嗎
48,乾同樣是奧運金牌待遇差那麼多麻煩再幫我們奪牌好手伴飛一次好嗎到現在總共面獎牌看看怎麼飛喬一下好嗎
49,首頁剛跳出郭婞淳去統一主場開球影片?&開完球還被當家明星抱起來阿怎麼沒有女權側翼出來靠杯還是要拿了牌夠有名氣了這些側翼才會去關注有種去燒高阿操側翼是不是都腦上熱啊?
50,看好郭婞淳潘政琮富邦金控年前就贊助中央社謝方娪台北日電東京奧運如火如荼進行，國內大金控近年持續挹注體育發展，富邦金相中郭婞淳及潘政琮，分別征戰本屆舉重及高爾夫球賽事富邦金表示，贊助位選手長達年，隨郭婞淳順利奪金，富邦集團將頒發萬美元獎金中華代表團本屆在個運動種類拿下個參賽席次，為史上最多一屆，截至日，包含郭婞淳在舉重女子公斤量級金牌在內，台灣選手已奪下金銀銅共面獎牌，締造歷屆奧運新高回頭檢視協助推廣國內體育發展企業，不乏金控連續多年拿下體育推手獎，在選手背後給予贊助支援這次代表參賽東奧名單中，舉重選手郭婞淳高爾夫球選手潘政琮都獲得富邦金贊助富邦金指出，先前觀察位選手，發現他們在專業項目努力挑戰自我，更重要是長期關心公益願意培育後起之秀，因此從年開始贊助潘政琮和郭婞淳，如今看著他們從青澀到發光發熱，感到與有榮焉除了富邦金贊助位選手，同屬富邦集團台灣大哥大也贊助本屆郭婞淳柔道銀牌楊勇緯高爾夫女子選手徐薇淩李旻，網球選手詹詠然及詹皓晴為鼓舞選手士氣，富邦集團指出，先前已設置金牌萬美元銀牌萬美元銅牌萬美元富邦助威金，隨郭婞淳楊勇緯奪牌，將各自頒發萬美元及萬美元獎金國泰金連續多年舉辦體育活動，旗下國泰世華銀行自年開始，鎖定旭村盃足球邀請賽，連年給予贊助，希望台東偏鄉學童體育發展能更受關注此外，國泰人壽長期為國內體壇培育基層好手，其中，國泰女桌現役球員鄭先知及陳思羽此次更代表台灣出征東奧國泰金指出，郭婞淳許淑淨跆拳道小將羅嘉翎都曾是國泰卓越獎助計畫獎學金得主，此計畫舉辦超過年，當年獎學金得主，如今已在國際體壇發光發熱長期支持棒球高爾夫運動中信金，去年再度榮獲體育推手獎中信金表示，從年起投入培育高爾夫選手，力挺盧曉晴程思嘉石昱婷杜墨含丁子云等好手，踏上日巡美巡等國際舞台，也多次推薦業餘潛力新秀參加大型賽事，曾舉辦和贊助運動賽事包括中國信託女子公開賽中國信託女子精英賽以及台灣裙襬搖搖等新光金關注體壇發展也不落人後，旗下新壽長年投入地方體育活動，在年世大運落幕後，新壽舉辦系列金牌講座，邀請世大運表現優秀選手暢談心路歷程新光金指出，金牌獎座系列裡面，台灣最速男楊俊瀚標槍金牌鄭兆村跨欄銀牌陳傑位選手，這次都有代表台灣出征東奧，新光同感榮耀
51,引述鍵盤大將軍之銘言林宥辰原住民族日原棒協理事長林智勝舉重金牌郭婞淳號召「正名」完整新聞內文今天是台灣原住民日，原住民選手今年東京奧運展現超凡實力，中職賽場上也有更多原住民好手，原棒協理事長林智勝球星陳鏞基前中職鐵捕鄭達鴻已將自己名字改為原名吉力吉撈鞏冠中職傳奇暨味全龍打擊教練張泰山，和新科東京奧運金牌「舉重女神」郭婞淳，分享自己原住民名字，並會同副總統賴清德，號召原住民找回自我認同並為自己正名「下次遇到我，請這樣叫我」林智勝原名為，他在影片中和其他球星一起提到自己原名，期望球迷也能這樣叫他剛拿下奧運金牌郭婞淳是阿美族人，她在影片中分享自己原名「」，鼓勵粉絲下回遇到她，也能這樣叫她正名是很但是正名時候最好順便分享一下自己名字在原住民語代表什麼意義從而讓更多人去學習原住民語讓它不致於死掉沒人用不然一堆人就算學會你名字怎麼念也只會像念咒語一樣知其然不知其所以然原棒協表示，在一年一度台灣原住民日，希望利用影片鼓勵原住民，回復傳統姓名並找回自我認同，也希望台灣不同族群傾聽並尊重不同文化完整新聞或短網址備註這個才是應該正名項目支持中國就有這麼一群奇怪人，本身是最底階層，利益每天都在被損害，卻具有統治階級意識，在動物世界裡找這麼弱智東西都幾乎不可能
52,請問為何閩南語要被稱為台語?原住民語不是更有資格嗎?請問為何閩南人就要自稱為台灣人?其它就要被叫外省人客家人原住民新住民?所謂台派只是閩南族群沙文主義?有沒有卦?
53,羅一心張子銘許祐祥攝影江俊彥報導想跟郭婞淳穿同款中華隊服太夯遭仿冒完整新聞內文想跟郭婞淳穿同款中華隊服太夯遭仿冒羅一心張子銘許祐祥攝影江俊彥報導發佈時間最後更新時間中華隊也遭到仿冒了嗎中華奧協和羽球品牌合作，推出一系列中華隊官方商品，近日中華隊表現佳，衣服賣到缺貨，網路上甚至出現一頁式廣告，盜用選手代言照片，還打出低價，吸引民眾購買，品牌經銷店面表示，正品通路只有四種，官網實體店面和家購物網，加上一頁式廣告標價比他們進貨價格還低，絕不可能是正品圖舉重女神郭婞淳站上東奧頒獎台拿下金牌這一刻，令不少台灣人熱血暴動，當時郭婞淳領獎時身上穿中華隊官方外套也因此爆紅老闆才掛出三件中華隊東奧官方應援商品，馬上有男客人想入坑老闆客人「都已經缺貨了，缺貨中」拿起來比一比，越比越喜歡，試穿看看客人「其實有點小」哇太小件，結果陪逛女友也心動客人女友「我覺得可以耶，那要不要買這個，哈哈」圖一套上合身，馬上付款裝袋客人「剛好最後我尺寸有，不然他也想買」客人男友「可是已經沒了，缺貨」客人「本來要選藍色可是都已經沒了，所以預訂白色，我是陪他來，後來就得到一件，呵呵」客人「所以是最後一件，對，最後一件」中華隊表現佳，帶動周邊應援商品賣到缺貨，卻也出現一頁式詐騙圖臉書上直接盜用中華隊選手實穿代言照片，包括世界球后戴資穎也被拿來冒用，商品介紹還寫說，要一起成為中華隊，一起驕傲，共享榮耀，賣得卻是來路不明貨，還打出周年品牌特惠，一件只要元，但整整比正品價格便宜將近百元經銷店老闆林怡男「價格不太可能是這個價錢，因為我們進價成本都比這個還高，所以這個應該是仿冒」本身也是品牌經銷店家補充，正品只有在品牌官網商城經銷店面，還有兩家購物網販售，請民眾購買前要注意，不要一頭熱，花了錢穿仿冒品，成了山寨版中華隊完整新聞或短網址備註耶走在路上會不會被瘋蟑螂出征發財發財發財發財千發財發財万發財發財両發財發財
54,一路走來真辛苦反對東奧正名被出征，後來得牌又要被黨蹭上去昔反東奧正名遭嗆「滾回中國」網友力挺郭婞淳「如今用實力打臉噁心台派」郭婞淳年前被黑「中國台北選手」奪金牌後一片歌功頌德他批政治真噁心賀東奧第一面金牌被酸「郭婞淳不需要你蹭」立委反嗆「你來蹭我幹嘛」千人激讚祝賀郭婞淳出包吳思瑤不想再出糗校稿次深夜背著小編偷發文這一路走來最大敵人就在島內，現在終於獲勝這些人又蹭上去
55,郭婞淳最高人家可是出門見過國際大場面，知道奧運正名會有啥後果，一堆他媽只出國去玩覺青當初是怎麼噴郭婞淳他媽結果被噴讓世界看見台灣，噴人不知道跑哪裡去，補個幹
56,中央社葉臻桃園機場日電中華隊金牌歸國郭婞淳落淚一路走來真非常不容易完整新聞內文中央社葉臻桃園機場日電在東京奧運奪金「舉重女神」郭婞淳今天載譽歸國，她受訪時一度落淚哽咽表示，她經歷過受傷挫折低潮和高峰，「其實這一路走來真非常不容易，真非常謝謝大家」郭婞淳在東京奧林匹克運動會舉重女子公斤量級，以抓舉公斤挺舉公斤，總和公斤奪冠，項都是奧運紀錄，以總和超越銀牌選手公斤傲人成績為台灣贏得東奧首面金牌郭婞淳今天下機時表情愉悅，和現場粉絲開心揮手，對想合影民眾也來者不拒十分親民，現場不少人高喊「婞淳我愛妳」「婞淳妳最棒了」，場面十分熱絡郭婞淳接受媒體聯訪時，先是感謝這一路在背後支持她教練物理治療師體能訓練師等，「很謝謝他們用專業讓我在舉重生涯上有很大突破」，以及協助東奧過程體育署國訓中心，和一直陪伴她親朋好友粉絲贊助商等看好郭婞淳潘政琮富邦金控年前就贊助東奧舉重郭婞淳奪金科技部打造教練助攻郭婞淳隨後情緒澎湃，忍不住哽咽落淚，「大家一直都是我這一路走來非常大力量」，她說，自己經歷過受傷挫折低潮和高峰，「其實這一路走來真非常不容易，真非常謝謝大家」郭婞淳一度因為不想被看見落淚模樣轉身，現場粉絲立刻大喊「婞淳加油」，並回以熱烈掌聲，場面鼓舞人心舉重女神郭婞淳奪金返國民眾機場熱迎陳玟卉則在東京奧運女子舉重公斤級扮演黑馬，以抓舉公斤挺舉公斤總和公斤奪銅，這面銅牌是台灣代表團在本屆奧運第面獎牌陳玟卉受訪時表示，感謝教練和家人支持，很用心在栽培，尤其是教練，犧牲與家人相處時間就是為了陪她訓練，這次奪牌也給了更大信心，目標下一次奧運東京奧運中華代表團陸續歸國，今天回國包括射擊舉重游泳代表團教練及選手共人，以及名團本部運動傷害防護員張銘坤完整新聞或短網址備註每五樓發到百樓九點前發
57,羅子欣郭婞淳奪金范瑋琪嗨爆「台灣」中國網民怒洗「恭喜中國台灣」完整新聞內文東京奧運火熱進行中，全台人民都相當關注，陳建州黑人身為職業籃球聯盟理事長，自然十分關注體育賽事，老婆范瑋琪也十分投入，昨台灣舉重國手郭婞淳在公斤量級奪下金牌，拿下台灣首金，全網一片歡呼，范瑋琪也翻拍電視畫面直呼「太感動了」還一連兩則貼文歡呼「再來一次!!!」連番為台灣加油，卻引來中國鄉民不悅，意有所指狂洗一整排「恭喜中國台灣」雖先前范瑋琪因失言引起一片罵聲，曾消聲匿跡好一陣子，不過一但有國際賽事就是全台灣最團結時刻，范瑋琪與老公陳建州天天鎖定各場賽事，昨她親眼見證郭婞淳成功舉起槓鈴瞬間，寫下奧運新紀錄，夫妻倆忍不住開心尖叫，不斷大喊「第一名欸」沒想到有中國網友怒回「怎麼不見你為中國喊聲加油」台灣網友則怒回「台灣得獎又有你們事」不過范瑋琪這次選擇沈默不回應，明哲保身羅子欣台北報導完整新聞或短網址備註妳是不是不想回内地了啊，竟敢這樣講
58,大家好我肥宅啦是這樣我婆郭婞淳除了拿下金牌之外賽場之下作為也是金牌等級捐贈救護車而且還會彈鋼琴個性刻苦努力人美心也美真是女神像這樣女神大概多少肥宅我有辦法追到這種女森嗎有沒有掛
59,奧運國手刺龍刺鳳走在時代尖端，這樣不是很潮嗎莊智淵，郭婞淳，戴資穎為何不刺青
60,比賽時在想什麼郭婞淳曝「鈴木一朗金句」不斷流過心裡體育中心鍾惠宇報導日前台灣「舉重女神」郭婞淳在東京奧運替台灣奪下本屆第一面金牌，她也以抓舉公斤挺舉公斤總和公斤刷新項奧運紀錄，更完成世大運亞錦賽世錦賽奧運「舉重金滿貫」現在郭婞淳就分享日本棒球「朗神」鈴木一朗金句今日郭婞淳在分享，鈴木一朗曾說「對於自己想做事，就放手去挑戰吧不是因為覺得能成功就去做，而是發自內心想要嘗試看看，這樣不管結果如何，自己都不會後悔」郭婞淳更透露，在賽前受到鈴木一朗金句洗禮，出發前她將一流人如何保持顛峰這本書快看完，於是心想「要再帶哪一本呢」隨即她決定「因為是日本，就決定帶鈴木一朗一起奮戰了」，如今回憶起來，讓郭婞淳不禁笑道「看來是帶對了」也表示「或許在競技場上，有時言簡意賅但切中要害一句話，就能讓自己心領神會，在比賽中不斷從心裡流過」，自己更受到鈴木一朗這句金句鼓舞文末她再分享另一句金句給大家，「要比較人，永遠是自己」讓粉絲看了大讚，「婞念」「有夠讚」「等妳回來，辛苦妳了真超棒」「妳棒到不行」「好喜歡妳好正面完全是女神嗚嗚嗚嗚」「學習對象」?一朗我只是在想今晚想吃咖哩飯而已我道堂揺心行道煌桃色変行
61,說真沒什麼感覺阿台灣國力又不是體育換來台積電十萬青年十萬肝才真正偉大體育選手就只是個消耗資源職業沒什麼貢獻跟產值除非是職業球員可以帶來門票收入那當成寶還有點意思不然冷門體育競賽只是你們平淡無奇人生當中一點小小興奮劑而已四年發作一次就好了再忍一西西
62,東奧正名就是笑話啊一堆白癡覺青被政客牽著鼻子走什麼台灣人台灣到底算個啥國家奧運拿幾個鳥牌自爽別人把你跟中國算在一起還不知道咧一流運動員早就知道中國才是老大誰跟你搞政治操作小動作這個政府搞芒果乾上台又怎樣講這麼多還不是靠大陸養你人才而且綠共有比紅共好笑話吧反正選舉到了一定又是老招繼續用我們就看看會剩多少引述之銘言新聞東奧正名沒過郭婞淳放心了底下噓聲一片中國台北一片結果人家打破世界紀錄奪金那些噓聲一片中國台北一片人也跟著蹭郭婞淳台灣之光了嘛有沒有八卦
63,引述#美門帶種點好嗎之銘言引述&&之銘言新聞東奧正名沒過郭婞淳放心了底下噓聲一片中國台北一片結果人家打破世界紀錄奪金那些噓聲一片中國台北一片人也跟著蹭郭婞淳台灣之光了嘛有沒有八卦想酸東奧正名就直接說一聲，不用老想藉由別人來達到自己目地他題目就在酸了你看不出來回到正題，身為東奧正名志工成員笑死坦白說請說當年，郭為了自己未來會這樣說我從來就不覺得有什麼，也不會有什麼不舒服感但是原文一堆崩潰你看不出來是看不出來還是不敢看出來因為真正敵人是，卑賤難民投共黨可以看看當時蔡政府對這一案態度，卑賤難民投共黨在支那奧會餘孽可以看看黨國餘孽這個藉口要用多久一邊蹭一邊推一邊罵真很好笑從來就不是運動員本人但是內就是在針對她崩潰運動員本人意願從一開始我們就是百分之百尊重你是說奧運期間運動員吧現在又百分之百尊重志工們有尊重人嗎所以呢?你想要八卦其實是完全沒掛，這樣可以嗎?可不可以你看不出來一代人做一代人事嗯嗯你這一代是要停在霸佔立法院島嶼天光對吧更何況是用台灣取代，從來就不會是一代就能完成事嗯嗯你乾脆說反攻大陸征服世界也不是一代就能完成事只有見不得努力酸民才會動不動就一些無聊事在那酸!嗯不像你努力宣導一代人只能做一代事差點懷疑你改革決心無聊事跟正確事我想你也看不出來吧
64,引述#美門帶種點好嗎之銘言回到正題，身為東奧正名志工成員看到東奧正名志工就是覺得賭藍抱歉，我不是說你我是說在各位當年我只是在路邊排隊，旁邊有東奧正名志工在擺攤然後，志工就自己跑過來盧洨了你他媽你想正名是你家事啊但我不想啊我覺得你很煩你這種人就是自己有很強烈政治意圖然後活在自己同溫層自以為大家都有跟你同樣心願在那邊鼓吹大家跟你走當年，上廣告上節目上，到處都是這些人喊話真是超級煩是以為全世界都是你家嗎?後來看到公投結果打這些人臉，真就是爽而已真超級爽有夠爽差點沒爽到飛起來了結果現在這些人還不死心，看到人家奧運金牌還想出來蹭硬幫人家歸類成，心裡還是想要台灣正名只是單純害怕不能參賽阿不是啊，人家是原住民你有看過哪個原住民挺台獨?人家就算反共，也不至於跟你一樣挺台獨好啦，就算人家支持台獨好了東奧證明已經打臉你了還不夠嗎?還要出來正名一次?煩不煩?就算本來沒意見，看到你們每次奧運都要盧一次，也會起賭藍啦真是，不作死就不會死
65,引述&&之銘言新聞東奧正名沒過郭婞淳放心了底下噓聲一片中國台北一片結果人家打破世界紀錄奪金那些噓聲一片中國台北一片人也跟著蹭郭婞淳台灣之光了嘛有沒有八卦想酸東奧正名就直接說一聲，不用老想藉由別人來達到自己目地回到正題，身為東奧正名志工成員坦白說當年，郭為了自己未來會這樣說我從來就不覺得有什麼，也不會有什麼不舒服感因為真正敵人是，卑賤難民投共黨，卑賤難民投共黨在支那奧會餘孽從來就不是運動員本人運動員本人意願從一開始我們就是百分之百尊重所以呢?你想要八卦其實是完全沒掛，這樣可以嗎?一代人做一代人事更何況是用台灣取代，從來就不會是一代就能完成事只有見不得努力酸民才會動不動就一些無聊事在那酸!
66,引述&&之銘言台灣獨派覺青年來就一個樣蹭李安蹭張忠謀蹭台積電蹭健保都那蠢樣李安拍喜宴飲食男女推手得獎受矚目時很多鯨魚網站台大椰林風情都說他爸爸是老黨棍才能專門騙國片輔導金拍給外省人自己看爽說他拍得片毫無共鳴毫無台灣本土文化云云後來拍臥虎藏龍舒淇嫌他小咖排不出檔期演玉嬌龍曹興誠也不想賠錢投資拍出來之後台灣影評人文青一片叫罵之聲說拍給洋人看不中不西武俠片還有一位著名文青還是影評嘲笑周潤發吊鋼絲被拉正蠢樣臥虎藏龍得獎後本土文青鯨魚網站南方論壇各大本土仍是一片嘲弄預測他沒幾年就會玩完李安後來拍一堆冰風暴與魔鬼共騎到綠巨人台灣文青嘲弄他到不行說他絕對玩完外省人背景老爸是老黨棍當校長欺負本省學生騙台灣人輔導金滿都是後來斷背山得獎南方快報各大本土評論網站也是說他浪得虛名跟黑澤明珠巢之城相比根本遠遠不及得獎只是僥倖又還說他是同性戀專業戶外省人多可恥等到李安在好萊塢站穩腳跟風向就開始變了有些人開始說他是台灣之光等到少年奇幻漂流得獎風向全變綠營政治人物也來沾光為何?並非他電影真多受台灣人喜愛而是台灣本土青年發現台灣可以靠李安多攀點洋人關係還可以作為嘲弄張藝謀陳凱歌等大陸導演工具李安領獎說句感謝台灣可以填補台灣覺青虛榮心如此而已新聞東奧正名沒過郭婞淳放心了底下噓聲一片中國台北一片結果人家打破世界紀錄奪金那些噓聲一片中國台北一片人也跟著蹭郭婞淳台灣之光了嘛有沒有八卦
67,新聞東奧正名沒過郭婞淳放心了底下噓聲一片中國台北一片結果人家打破世界紀錄奪金那些噓聲一片中國台北一片人也跟著蹭郭婞淳台灣之光了嘛有沒有八卦文章網址臺灣真香噓笑而不語推時空背景不同推一起失智東奧正名就笑話民進黨也不敢動推時空環境不同推沒發沒改也沒差吧反正媒體會幫忙改噓可憐連正名也不敢應該取消國光獎金發覺還可以多發好幾篇新聞推東奧正名過了還是以中華台北出賽啦反正黨要我出征誰我就照做其他窩不知道推支持正名中華民國還有小林也是自己自費找中國訓練民進黨官就聽話神經質吉娃娃台灣政府台灣人也沒資格蹭推是年啊，那就是時空背景不同喇民進黨官很好當沒煩沒惱只想討好，缺水缺電缺德推時空背景不同應該會回你難道改名了就不會拿獎嗎中國台北之光正名通過好一點是用中華台北出賽但也有可能根本不能出賽得了一種像是思覺失調病平常看起來噓有何關係可以去看人家臉書祝賀文前排一堆政客正常時不時犯病就記不起有錯亂感看看或難民隊不能出賽會怎樣那不是生活日常，人數有多少敢造反想吃子彈推當年要核電看到跳電都無言了推覺青又失智了大讚金牌有台灣價值會有人說你上失智列車推政治人物搞笑藝人習慣就好噓當時政府可是不支持正名立場噓一堆可憐推文不知道是五毛多還是柯糞多完全執政國會過半也沒修憲就是垃圾了推小粉綠+台派仔選擇性失憶噓不管是過去還是現在都是中國台北，中華台北自慰翻譯省省噓就被外媒誤會是中國而已，沒什麼噓林文章被打臉又回來吵郭了嗎滾回去好噓看到隊啊蹭還好沒搭上這班失智列車隊怎麼樣嗎?主播還不是俄羅斯俄羅斯叫和現在中華台北隊被台灣台灣叫有成像當時反方可是用完全不能出賽當理由喔錯不是因為怕不能比賽運動員，錯是當年用不能比賽恐嚇他們人推滾動式調整狂蹭啊哪次不蹭推靠側翼煽動蠢人上車有利收割不利切割你看所有人就知道了啊推正在蹭推菸糞腦子都裝屎早忘了推中共同路人台灣之光沒毛病今天目標是洗這篇文章嗎噓就是讓她繼續代表中國台北而已噓別二分法我同意東奧正名但可是沒噓她另外郭這次說是很高興為台灣拿下金牌推小英民進黨執政台灣網路環境跟氣氛真差就恭喜中國台北囉推裝死囉推時空背景不同噓想到中共犬馬仔恐嚇阻改名成功推我投反對阿好爽推我投贊成想看如何轉彎恭喜中華台北啊民主就是要承認大家選擇台灣是啥?推正名就是一個笑話通過只能以難民隊參加吧推運動員被支那台北奧委會帶風向說無法參賽，結果看看人家俄羅斯隨便就能改名噓一般人有什麼好蹭不能祝賀別人?噓這是她努力得來推民進黨就笑話小英說中華台北沒矮化錯不是運動員是當時出征他們人東奧正名公投每個人都有自己立場反對又如何不論什麼理由本來就有支持反對兩種選擇為何反對就要被出征搞笑推失智列車發車了
68,大家好這是一篇道歉文使用回覆文章而非重開一篇新是因為擔心容易被洗掉首先要道歉第一點是不經推特使用者同意就將其圖文截圖至一開始是擔心將使用者打上馬賽克會讓人誤以為我在自導自演，沒想到也因為這個原因讓成當事人收到許多謾罵及人身攻擊私訊第二點則是，誤解推特使用者們關於身體自主權論述為汙衊教練言論她們想要強調是社會中常見肢體互動踰矩與不尊重，而非針對林教練個人行為最後在這邊再次跟被私訊騷擾推特使用者們道歉也希望不要再有鄉民私訊謾罵及人身攻擊
69,是這樣啦郭婞淳拿下台灣第一面金牌越看越可愛如果現在開始練舉重從最低公斤到公斤可以追到郭婞淳嗎有沒有八卦?
70,郭婞淳，新科奧運金牌得主，世界上最強女人之一羅禮士，傳說中那個男人，許多知名事蹟，像羅禮士房間有張棕熊做地毯其實那頭熊還沒死，牠只是不敢動羅禮士曾經登陸過火星，這就是為什麼那裡沒有生命跡象等等族繁不及備載那如果今天郭婞淳和羅禮士打，誰會贏?
71,看女子公斤奧運比賽第一名重量公斤郭婞淳參加公斤拿重量公斤應該有機會報名兩組拿雙金吧有沒有八卦
72,郭婞淳曾因一句話慘遭出征她怒問正名過了還有金牌嗎中時新聞網王子瑄國民黨文傳會副主委台北市議員王鴻薇日指出，中華台北隊舉重選手郭婞淳勇奪金牌後，有網友翻出東奧正名公投時，郭因在公投失敗後表示「放心」慘遭攻擊如今中華台北隊選手大放異彩，那些當時狂噓亂罵網友，真欠郭一個道歉，她也質疑道「正名真過了，還有這面金牌嗎」王鴻薇在臉書發文表示，郭婞淳拿下金牌舉國歡騰，但網友也翻出東奧正名公投時，郭因為顧及選手參加奧運權利，而在公投失敗後表示「放心」，竟然狂遭網友攻擊如今證名中華台北隊選手大放異彩，當時狂噓亂罵網友，真欠郭一個道歉王鴻薇強調，政治不應該干預體育但無奈是，國際間政治干預體育所在多有，我們參與奧運被迫用「中華台北」，當選手得牌升上不是青天白日滿地紅國旗，而是一面國人陌生會旗，台灣選手參與國際體育賽事，充滿著政治壓力無奈但國際現實就是國際現實，而且愛胡亂攻擊綠側翼和網友更現實否則當張忠謀在說「中華台北需要疫苗」時，有人去攻擊張忠謀嗎張忠謀能在國際現實環境下務實，台灣選手就不能選擇務實嗎對此，王鴻薇更坦言「正名真過了，還有這面金牌嗎」指出當年東奧正名公投，要把中華台北改為台灣，多少人苦口婆心警告擔心影響台灣選手參賽權，最後公投未過，郭婞淳一句「放心」，被網友用制式「滾回中國」「中國台北之光啦」這類政治口水攻擊，對選手公平嗎王表示，所幸包括郭和台灣選手很爭氣，這次東奧台灣選手表現出色，難道不應該慶幸當時沒有因為東奧正名這種狂熱政治訴求成功，而能維護選手奧運舞台嗎?放心啦拿金牌這群人就來蹭了
73,不道歉還好有那種道歉還要人家教練給說明咧你們臭肥宅知足好人家女森引述大木之銘言更新一下似乎沒有要為汙衊教練不負責言論道歉以下原文我就想說我在同溫層待得太舒服了所以想說去個推特異溫層看看隨便看了幾篇截個幾張圖好像都普遍覺得即使郭婞淳已經發文澄清但教練仍然是噁男也不後悔自己未審先判甚至覺得這樣才是正義有沒有人知道現實生活中大部分人是怎麼想八卦啊
74,祝賀郭婞淳出包吳思瑤不想再出糗校稿次深夜背著小編偷發文新頭殼楊清緣發布台灣選手征戰東奧表現優異，政治人物紛紛祝賀打氣，但藍綠都有人搞烏龍，國民黨立委馬文君到桌球教父莊智淵臉書留言，謝謝他扛起桌球一片天，文尾竟稱莊智淵「羽球教父」而民進黨立委吳思瑤在臉書發圖卡祝賀舉重女神郭婞淳奪金牌，卻把名字打成了同樣在東奧出賽公斤量級選手陳玟卉，挨批蹭選手熱度又不用心，吳思瑤稱小編太興奮錯置圖卡並致歉吳思瑤日晚間發文祝賀羽球好手周天成王子維贏球晉級，還不忘自嘲「校稿次」，她也分享了一個「神奇故事」吳思瑤深夜再度文表示「我背著小編偷偷來發文來說說昨晚辦公室發生事純屬事實絕無虛構昨晚跟我家一起為莊智淵加油感謝莊智淵，讓我們看見運動家精神雖然晉級止步，但他教會我們事，遠比奪牌更多更可貴他對浪浪付出，正如同他熱愛桌球一樣，是用生命在投注我三貓一狗，都是收養浪浪而來莊智淵為浪浪請命心，是直通到我心坎裡」吳思瑤接著提到「昨天團隊發生錯植郭婞淳&陳玟卉圖卡嚴重失誤，我忙完選區工作火速趕回立院，就是為了安慰我小編因為我知道她是何其認真努力年輕女孩，因為求快不慎粗心了，我可以想像她有多難過自責當然還是要檢討一下作業上疏失，討論未來改善做法嚴肅檢討會結束，我忍不住給這位可愛卻桑心小編女孩一個愛抱抱，不捨又懊悔，我和她都難過得哭了起來」吳思瑤說「神奇事發生了我家狗狗女兒，她彷彿懂得馬麻跟姊姊在傷心，直撲上來猛舔我們臉，就像是要拭去我們眼淚一樣然後在我跟小編姊姊身邊繞啊繞，賣萌搖尾巴，還咬來她最愛玩具佩佩豬，邀請我們跟她一起玩看到這樣懂事貼心，我跟助理真一瞬破涕為笑接著，我們等著莊智淵比賽開打，跟一起為浪浪爸爸加油給浪浪一個家，牠會帶給我們無限幸福與溫暖而且米克斯最好，貼心忠心到讓人完全無法招架」立委職責就只需要整天發文到處蹭蹭蹭蹭蹭蹭蹭蹭蹭蹭就好了
75,這韓小丑出來發聲幹嘛他忘記了自己是最會送頭人嗎送掉市長和總統位置這小丑不要出來選了當初就應該封殺他了
76,身為一個有運動習慣前高雄市長公開出來鼓勵奧運選手本來就合情合理不懂中央社小編是在靠夭什麼幫大家回顧一下就知道大韓總跟體育淵源有多深了競賽項目競賽項目競賽項目最重要是日本人早已向大韓總學習過如何守時身為優秀運動員比賽當天千萬不能遲到吶
77,如題，我知道性騷擾依據是當事人有沒有這種感覺任何人都不可以幫別人感覺被性騷擾或沒有那家暴也是一樣道理嗎網友可以擅自覺得男生在欺負女生嗎像館長那樣說如果是認識就要打，算不算擅自認定人家啊掛
78,韓國瑜開心文分享郭婞淳東奧奪金照中央社請標註照片來源喔楊清緣前高雄市長韓國瑜圖韓國瑜臉書韓國瑜於總統辯論會上對中央社總一句「可憐哪」，迅速引起討論圖翻攝網路「舉重女神」郭婞淳日在東京奧運女子舉重公斤量級比賽中展現壓倒性實力，以抓舉公斤挺舉公斤，總和公斤打破該量級三項奧運紀錄，為台灣奪下東奧第一面金全台政治人物紛紛在臉書上發文道賀，但是前高雄市長韓國瑜臉書祝賀文被中央社小邊抓包引用中央社照片卻沒標明照片出處，立刻要求「請標註照片來源喔」韓國瑜日在臉書以「中華隊在奧運場上流每一滴汗，都是台灣人驕傲謝謝你們每一位」為題發文文表示，東京奧運歷經一波三折終於在月底如期展開中華健兒背負著全國人民期待，克服疫情當前許多不便，鬥志昂揚地上場為國爭光，這幾天已經捷報頻傳韓國瑜提到，除了度挑戰奧運漂亮奪下金牌「舉重女神」郭婞淳，還有拿下柔道銀牌「排灣族勇士」楊勇緯，踢下跆拳道銅牌年僅歲「新國民女友」羅嘉翎，射下男子射箭團體賽銀牌「射箭天團」魏均珩湯智鈞與鄧宇成，以及摘下桌球混雙銅牌林昀儒與鄭怡靜，金銀銅好成績給因為疫情而低迷台灣注入了一股振奮活力韓國瑜強調，這就是運動賽事最迷人可貴地方，運動員風采不僅是展現自己更是激勵人心表率不論是蓬勃振發新秀還是沉著穩健老將，每一位上場選手，背後都是千錘百鍊汗水與血淚，夏練三伏冬練九寒，才有今日人前所見精彩風光韓國瑜最後說「我在此對所有在體壇耕耘為國家付出選手們致上最崇高敬意，不論得獎與否，您們都是可敬運動家都是台灣偉大驕傲接下來，也讓我們繼續一同為每一位中華健兒加油，祝福我們每位選手都能發揮最好表現，希望中華隊在今年奧運大放盛彩摘銀奪金」然而，中央社小編在這篇祝賀文底下留言提醒「代表隊亮眼表現實在讓人驕傲，選手們拚搏鬥志更是觸動人心歡迎分享中央社照片，請標註照片來源喔，中央社東京奧運採訪團與大家一起為選手加油」韓國瑜粉絲頁被警告後立刻標註出處來源並回應「已經立刻補上照片來源感謝中央社東京奧運採訪團為台灣選手們拍下這麼精彩照片」對此，一名支持韓國瑜網友反嗆中央社「人家跟你說海洋你在那邊漱口杯!」另一名網友則告訴他「大部分不認識智慧財產權這些字」，還有人酸「只認財產跟權，不太重視智慧」而前年韓國瑜曾在總統大選辯論會上對提問媒體大肆批評，當時他回答中央社總提問關於「一國兩制台灣方案」時直言「可憐哪」
79,昨天一堆日本網友在推特上說郭婞淳長得像高橋愛早安少女組那位郭婞淳大家都很熟就不介紹了所以郭婞淳長得像早安少女組高橋愛郭婞淳可以跳一段還是恋愛嗎
80,中時帶這種風向真很不行網友現在是認同愛台灣這片土地選手，跟沾光有什麼關係?當年在錯誤認知下，選手表現確實沒有今天耀眼加上當年或許選手就是因為被網友罵翻了，內心當下有所反省所以改正了心態，確立自己要飲水思源替台灣爭光認知與願景，今天才能突破自己，代表台灣奪得獎牌並在國際發聲這正說明了人知錯能改，有正確認知，才能成就自己個人並發揚這片生長土地這也就是所謂台灣人精神台灣人原本就該挺台灣人，不要被刻意分化了更應該團結突破中國打壓，在國際走出自己一片天引述關公面前耍大屌之銘言中時中時新聞網趙偉陵中時季志翔郭婞淳昔憂東奧正名無法出賽遭出征奪金牌逆風成台灣之光完整新聞內文「舉重女神」郭婞淳昨日在東京奧運女子舉重公斤級比賽，以抓舉公斤挺舉公斤，總和公斤，三創奧運紀錄，為台灣摘下本屆奧運首面金牌，也完成舉重生涯「金滿貫紀錄」，在各界紛紛道賀之際，就有網友再翻出問當年「東奧正名」事為郭婞淳抱不平年有民眾發起了「東奧正名」公投，結果公投未通過，昨日郭婞淳奪金後，在批踢踢實業坊就有鄉民提出詢問，舉重選手郭婞淳曾對「東奧正名」公投表示「公投沒過，對選手比較安心」當年卻遭到不少網軍轟罵，如今在東京奧運為台灣爭光，摘下首面金牌，整個風向大逆轉郭婞淳於年參加台東安養院公益活動時曾表示「現役選手努力爭取奧運積分，也會捍衛自己舞台，公投沒通過，對選手比較安心!不必承擔此風險」反對東奧正名為自己發聲，因表達自己看法，卻遭到網友留言罵爆年網軍一面倒留言，相當不看好郭婞淳圖批踢踢實業坊而昨日有名網友就在發文「如今郭婞淳替台灣摘下一面奧運金牌，比較好奇是當初那些噴她人和團體，到底有什麼立場去沾光祝賀呢哪來臉」更是驚呼「怎麼有人變化這麼大」而這一問引起各方留言，也紛紛同情郭婞淳當年處境了當年許多網友一面倒，並不看好運動員郭婞淳舉重生涯「原本想看東奧，看來是省下來了」「去中國大陸參加國內賽吧」「不好意思，沒辦法繼續支持了祝妳一切順利喔」如今郭婞淳贏得亮眼成績後，網軍們態度與昔日對比反差極大，令人感到難以置信，套上近期政治人物常講「時空背景不同了」一句即可抹煞當年想法完整新聞或短網址備註當時出征那些帳號留言都還在不知道現在會不會轉彎了
81,引述大木之銘言更新一下似乎沒有要為汙衊教練不負責言論道歉以下原文我就想說我在同溫層待得太舒服了所以想說去個推特異溫層看看隨便看了幾篇截個幾張圖好像都普遍覺得即使郭婞淳已經發文澄清但教練仍然是噁男也不後悔自己未審先判甚至覺得這樣才是正義有沒有人知道現實生活中大部分人是怎麼想八卦啊從這次事情不難看出台灣對於職業運動有多麼不重視事情到現在都發生多久了竟然沒有半個協會委員甚至有關單位願意跳出來負責或發言還要選手本人出來做澄清，根本廢到笑簡直一點敏銳度都沒有，這對選手傷害有多大你們知道嗎放任這些網路酸民來攻擊抹黑實在是有夠可悲叫這些選手情何以堪，多年努力就這樣被毀滅應該要即刻成立專案小組為選手與指導教練造冊控管與保護真很可惜講幹話通靈甩鍋這幾個近年來熱門重點項目奧委會始終不願意開放跟承認不然以選手出色表現與狀態比賽現場肯定比這次舉重還要虐
82,各位大大好郭婞淳為台灣拿下第一面金牌實在覺得猛笑起來也超可愛讓小弟我有戀愛感覺請問如果是你會怎麼追郭婞淳有沒有八卦?
83,引述」喊冤」喊之銘言剛剛才發現出事了爬了一下文發現很可怕趁機操弄為何要攻擊郭婞淳教練有什麼目嗎你說是什麼意思要講清楚啊新聞民進黨收割失敗最新民調僅認為買到歸功政府不然天天在那邊罵到自己人然後被公幹那很尷尬欸蟑螂會吃同類知道嗎
84,有種不要碼啦再補張周天成當時臉書被出征照片最後附上有台灣價值報導只因立場不同就出征自己運動員等到運動員拿獎又用國家名義各種蹭有時候我真分不清綠共跟中共差別引述關公面前耍大屌之銘言中時中時新聞網趙偉陵中時季志翔郭婞淳昔憂東奧正名無法出賽遭出征奪金牌逆風成台灣之光完整新聞內文「舉重女神」郭婞淳昨日在東京奧運女子舉重公斤級比賽，以抓舉公斤挺舉公斤，總和公斤，三創奧運紀錄，為台灣摘下本屆奧運首面金牌，也完成舉重生涯「金滿貫紀錄」，在各界紛紛道賀之際，就有網友再翻出問當年「東奧正名」事為郭婞淳抱不平年有民眾發起了「東奧正名」公投，結果公投未通過，昨日郭婞淳奪金後，在批踢踢實業坊就有鄉民提出詢問，舉重選手郭婞淳曾對「東奧正名」公投表示「公投沒過，對選手比較安心」當年卻遭到不少網軍轟罵，如今在東京奧運為台灣爭光，摘下首面金牌，整個風向大逆轉郭婞淳於年參加台東安養院公益活動時曾表示「現役選手努力爭取奧運積分，也會捍衛自己舞台，公投沒通過，對選手比較安心!不必承擔此風險」反對東奧正名為自己發聲，因表達自己看法，卻遭到網友留言罵爆年網軍一面倒留言，相當不看好郭婞淳圖批踢踢實業坊而昨日有名網友就在發文「如今郭婞淳替台灣摘下一面奧運金牌，比較好奇是當初那些噴她人和團體，到底有什麼立場去沾光祝賀呢哪來臉」更是驚呼「怎麼有人變化這麼大」而這一問引起各方留言，也紛紛同情郭婞淳當年處境了當年許多網友一面倒，並不看好運動員郭婞淳舉重生涯「原本想看東奧，看來是省下來了」「去中國大陸參加國內賽吧」「不好意思，沒辦法繼續支持了祝妳一切順利喔」如今郭婞淳贏得亮眼成績後，網軍們態度與昔日對比反差極大，令人感到難以置信，套上近期政治人物常講「時空背景不同了」一句即可抹煞當年想法完整新聞或短網址備註當時出征那些帳號留言都還在不知道現在會不會轉彎了
85,引述之銘言本佛納悶甚麼女權甲權余祥拳其實哀洞凱爾只要有一點點血性正常人台灣隔了年才又拿到奧運金牌一個跟家人一樣教練開心擁抱選手有甚麼好奇怪?一堆垃圾低能兒就可以看圖說故事來炒自己網路聲量喂郭婞淳被教練擁抱時應該要甚麼表情才可以?對女權自助餐來說要是這種表情吧連這杯水都想強姦我大概是這樣柯柯
86,女神現在還單身，牽手時候手粗粗，抱抱到時候會被胸肌頂到，從後面親脖子時候，臉會有點臭臭戀愛經驗不足，可能不太會處理感情事務但是人很漂亮，又有很多存款，人又很善良，個性也很好到底該不該跟她交往呢
87,如題誠心發問這太扯了吧也搞政治嗎我搜了十分鐘了竟然找不到郭婞淳領取奧運金牌現場播放國旗歌第一手畫面都是在家裡錄不然就新聞台畫面有沒有誰能提供拜託
88,奧運金牌郭婞淳竟遭網軍出征中時吳思賢報導郭婞淳以舉重拿下東京奧運第一面金牌，讓全台民眾都感到歡欣振奮還有綠營民代在臉書蹭流量，卻連郭婞淳名字都寫錯更令人驚訝是，原來郭婞淳在年居然曾經遭到綠營網軍出征台灣島史記作者前立委蔡正元指出，郭婞淳得到奧運金牌真令人高興，但是年民進黨人和台獨份子搞東奧正名，要把「中華隊」改成「台灣隊」，當時找郭婞淳參與連署，郭婞淳拒絕配合，結果遭到綠營網軍大肆踐踏霸凌郭婞淳蔡正元直指網軍是「民進黨和台獨份子發動」，還說當時「蔡英文和蘇貞昌等人和綠委，沒有一個人站出來替郭婞淳講一句話現在郭婞淳拿到奧運金牌，那些霸凌郭婞淳人，紛紛搶著過來蹭郭婞淳熱度你說綠營有多噁心就有多噁心」蔡正元分享截圖指出「看看網路上那些人在年如何欺負郭婞淳」體育與政治分離，是現在國際議體壇普遍共識，奧運更是嚴格貫徹不碰政治政策與立場要如何確保台灣體育選手不被政治與網軍騷擾，這恐怕是政治人物在蹭流量之時，更應該思考事
89,郭婞淳拿到金牌了好棒好感人頒獎台上升起了白色台北旗現場奏起國旗歌念過小學人都知道聽到國歌要立正聽到國旗歌要行舉手裡郭婞淳聽到國旗歌為什麼立正沒行舉手禮有沒有卦
90,中時新聞網溫振甫郭婞淳奪金男星「曬照神複製」致敬演藝圈暴動了完整新聞內文中華代表團出征東京奧運屢獲佳績，「舉重女神」郭婞淳昨日出戰女子公斤級舉重項目，以抓舉公斤挺舉公斤總分分表現順利奪下金牌，消息一出也令台灣人感到振奮，紛紛在社交平台上發文慶祝，而男星無尊也出幾張模仿郭婞淳照片，結果意外掀起演藝圈暴動無尊從節目大學生了沒出道，男扮女裝模仿「珍珍」開起知名度，不少名人也都被他模仿過，像是柯文哲李濤鄭弘儀盛竹如九孔黃立行等等都難不倒他昨天一聽到郭婞淳奪牌消息後，無尊內心模仿魂再度被點燃，這次他戴上假髮，模仿郭婞淳動作，手機按下兩次快門，並且放上對比照，只見他無論是眼神頭髮捲曲程度，甚至是笑容也都模仿地維妙維肖，他也說「中華隊首面奧運金牌，為了表示我誠意，所以拍了這張照片跟她致敬」照片曝光後，不少網友全笑翻，就連不少圈內藝人紛紛在底下留言，像是黃豪平就說「人家舉重，你保重」點檔女星王晴也笑說「我想看你被女神舉起來丟」另外阿也來湊熱鬧「她很會舉，你不舉她勇奪金牌，你勇奪鬼牌」完整新聞或短網址備註靠杯也太像了吧
91,是這樣拉昨天郭婞淳好不容易為自己拿下奧運金牌結果在這個本應該屬於自己時刻因為某些人焦點整個都被模糊掉她會不會覺得很肚爛阿辛苦了這麼久也終於達成目標然後現在還要被搞這一齣有沒有她現在在想什麼八卦
92,我們本來就是中國誰跟你什麼台灣郭就是以中國為榮想替我大中國拿獎牌錯了嗎整天搞政治不煩嗎好好當個堂堂正正中國人就好了何必囉囉嗦嗦
93,剛看了一下一堆女權而且還是很醜那種正還一咪咪可以原諒還是在無限腦補那我也可以腦補說郭被教練興奮抱起當下突然想到幹會被女權做文章靠盃炒新聞想到心情差起來了所以整個臉垮下來女權給我出來道歉唷你們造成人家不舒服了唷
94,剛剛才發現出事了爬了一下文發現很可怕趁機操弄為何要攻擊郭婞淳教練有什麼目嗎
95,潘鈺楨柯宇綸截圖質疑「郭婞淳教練擁抱舉動」遭出征堅不刪文行為不自己判斷完整新聞內文「舉重女神」郭婞淳在東京奧運女子公斤級為台灣奪得奧運金牌，賽後教練林敬能激動擁抱，不過許多觀眾發現郭婞淳「微皺眉」表情頗耐人尋味藝人柯宇綸在臉書出截圖影片質疑教練行為，在郭婞淳發聲明澄清後，柯宇綸更是與網友摃上「網友不用在底下洗聲明，影片行為不自己判斷」柯宇綸在臉書出年比賽影片，當時林教練同樣對郭婞淳激動擁抱親吻臉頰，郭婞淳露出皺眉表情並閃開柯宇綸表示「和今天破三項奧運紀錄時候，被強抱一樣表情，紅色影片看到最後，教練在穿廊再度從背後強烈擁抱」對於此事郭婞淳日晚間親自發文，澄清跟恩師林教練相處年來一直都是好笑，「從一開始很怕教練罵人小孩子到現在會反過來一直鬧他跟他玩」，兩人一路走來格外不容易，所以拿到金牌後教練情緒非常激動，才會上台擁抱她，「我當下反應也是想鬧他所以出現搞怪表情，畢竟知道我們相處模式人，都會了解這些舉動反而會讓我們師徒關係更和諧，也這樣開心相處這麼多年」解釋了自己皺眉表情，委婉否認外界對於騷擾疑慮許多網友將郭婞淳聲明貼給柯宇綸，柯宇綸事後僅在貼文補上一段文字「網友不用在底下洗聲明，影片行為不自己判斷，和金牌沒有關係」完整新聞或短網址備註我大台派愛台藝人柯宇綸在當事人聲名事後表示，你們不用在留言處洗當事人聲名，影片教練行為不自行判斷不管當事人說什麼，俺就是不刪
96,中時中時新聞網趙偉陵中時季志翔郭婞淳昔憂東奧正名無法出賽遭出征奪金牌逆風成台灣之光完整新聞內文「舉重女神」郭婞淳昨日在東京奧運女子舉重公斤級比賽，以抓舉公斤挺舉公斤，總和公斤，三創奧運紀錄，為台灣摘下本屆奧運首面金牌，也完成舉重生涯「金滿貫紀錄」，在各界紛紛道賀之際，就有網友再翻出問當年「東奧正名」事為郭婞淳抱不平年有民眾發起了「東奧正名」公投，結果公投未通過，昨日郭婞淳奪金後，在批踢踢實業坊就有鄉民提出詢問，舉重選手郭婞淳曾對「東奧正名」公投表示「公投沒過，對選手比較安心」當年卻遭到不少網軍轟罵，如今在東京奧運為台灣爭光，摘下首面金牌，整個風向大逆轉郭婞淳於年參加台東安養院公益活動時曾表示「現役選手努力爭取奧運積分，也會捍衛自己舞台，公投沒通過，對選手比較安心!不必承擔此風險」反對東奧正名為自己發聲，因表達自己看法，卻遭到網友留言罵爆年網軍一面倒留言，相當不看好郭婞淳圖批踢踢實業坊而昨日有名網友就在發文「如今郭婞淳替台灣摘下一面奧運金牌，比較好奇是當初那些噴她人和團體，到底有什麼立場去沾光祝賀呢哪來臉」更是驚呼「怎麼有人變化這麼大」而這一問引起各方留言，也紛紛同情郭婞淳當年處境了當年許多網友一面倒，並不看好運動員郭婞淳舉重生涯「原本想看東奧，看來是省下來了」「去中國大陸參加國內賽吧」「不好意思，沒辦法繼續支持了祝妳一切順利喔」如今郭婞淳贏得亮眼成績後，網軍們態度與昔日對比反差極大，令人感到難以置信，套上近期政治人物常講「時空背景不同了」一句即可抹煞當年想法完整新聞或短網址備註當時出征那些帳號留言都還在不知道現在會不會轉彎了
97,本佛納悶甚麼女權甲權余祥拳其實哀洞凱爾只要有一點點血性正常人台灣隔了年才又拿到奧運金牌一個跟家人一樣教練開心擁抱選手有甚麼好奇怪?一堆垃圾低能兒就可以看圖說故事來炒自己網路聲量喂郭婞淳被教練擁抱時應該要甚麼表情才可以?
98,新頭殼陳佩君台北市報導把郭婞淳寫成陳玟卉挨轟吳思瑤落淚致歉「再錯切腹」「舉重女神」郭婞淳昨天在舉重女子公斤量級比賽上，以抓舉公斤挺舉公斤總和公斤成績，摘下東京奧運金牌，舉國歡騰，不過民進黨立委吳思瑤團隊在製圖時卻將郭婞淳名字誤植為另名舉重選手陳玟卉，被網友批評吳思瑤今天日受訪時致歉，話說到一半甚至留下淚水，希望選手能接受道歉，「我跟團隊都想撞牆，再錯切腹」郭婞淳在奧運女子舉重公斤量級比賽中，替台灣奪下東奧首面金牌，吳思瑤第一時間也在臉書發文祝賀「恭喜舉重女神拿下奧運女子公斤級舉重金牌，抓舉公斤挺舉公斤，雙雙刷破奧運紀錄，守著我都跟著熱血沸騰了」，不過卻被網友發現，圖文上卻誤植選手賽級，把郭婞淳寫成陳玟卉吳思瑤今受訪時致歉說，昨天超前部署預做圖卡，卻出現糟糕錯誤，讓她非常自責懊惱，昨天晚上點還抱頭痛哭很自責，但她也不忍心責怪小編，「我要承擔真很抱歉想撞牆想挖洞跳下去，以後求快還是盯到最後」對於網友批評，吳思瑤也落淚說，出錯出包都承受，錯就是錯，能理解批評，「請大家不要懷疑我們對運動真心，這是我們團隊最在乎事」吳思瑤感嘆，出錯她與團隊都想撞牆，「再錯切腹」，因為太期待，同步好幾張圖卡，「希望選手能接受我們道歉，我一直撞牆，我沒關係，繼續為體育加油」備註超前部署都做零零落落，你終究要，為什麼不一開始就以下開放介錯人報名
99,現實社會是相信當事人說法居多畢竟這才是直接證據至於那些人，我認為無關顏色而是這本來就是全世界相關社會運動基本上主流再說清楚一點，這就美國左派社運搞出來性別運動甚至還能不能稱為女權也要打個問號了這群台灣版就跟發源地美國極左性別性向正義運動一樣追求並不是權利公平，而是徹底推翻既有階級階級革命，對父權體系給予清算及懲罰本質就已經變質成馬克思列寧主義了這群人世界裡面性別革命家婆羅門剎帝利異性戀女性吠舍異性戀男性首陀螺異性戀男性中死不悔改賤民，隨時可預防性去勢或撲殺這群性別運動家激進派跟納粹早就差不多了
