﻿,content
0,剛剛看安塔利亞大滿貫賽男子柔道公斤冠亞軍賽世界排名第一楊勇緯又奪大滿貫賽金牌真超猛本以為媒體捧拍廣告上節目就會往下墜了結果越來越猛看來巴黎奧運金牌大大有希望了楊勇緯極限在哪
1,中央社吳欣紜楊勇緯任家扶愛心大使籲百元捐助弱勢兒少圓夢完整新聞內文中央社吳欣紜台北日電弱勢家庭受限經濟因素，讓兒少對夢想「敢夢不敢做」，柔道好手楊勇緯有感弱勢家庭困境，擔任家扶基金會愛心大使，呼籲民眾用百元捐幫助弱勢兒少圓夢根據家扶基金會調查，有扶助家庭為單親或隔代家庭，其中有月收入不到新台幣萬元，然而收入微薄要穩定生活已經非常辛苦，若要兼顧穩定子女學習精進或培植才藝天賦，對家庭經濟狀況將更為困難為了扶助家扶兒少天賦才能得以精進培植，家扶基金會推動「無窮世代計畫」百元捐活動，楊勇緯擔任愛心大使，幫助弱勢兒少籌募學習經費，盼每個潛力新星都能有機會大展長才家扶基金會今天發布新聞稿指出，依國際柔道總會公布最新世界排名，楊勇緯現為男子公斤量級世界排名第一，但他也曾有過低潮，像是在國三時期為了全中運金牌，忽略訓練造成腰傷，雖順利晉級冠亞軍賽，但在心理壓力及身體不適狀況下，與金牌擦身而過這件事讓楊勇緯理解必須正視面對運動傷害，且遇到挫折難免，但不要因為這些打擊而放棄自己夢想楊勇緯除了以自己經驗勉勵正在努力家扶孩子，他也提到小時爸媽辛苦拉拔三兄弟長大，一路走來受到很多人幫助，才有機會站上奧運舞台為國爭光有感弱勢家庭困境，楊勇緯希望能透過自己生命故事，將努力不懈柔道精神傳承，並鼓勵有才藝天賦孩子堅持下去，特別親筆簽名酷卡要送給正在往柔道專長努力家扶兒家扶基金會社會資源處長林秀鳳說，弱勢家庭因經濟因素難以栽培孩子能力與才藝，疫情衝擊物價波動持續更顯生活困境，然而弱勢孩子學習不容停歇，邀請社會大眾一起響應愛心，讓有天賦孩子都有機會站上舞台發光發熱管中維完整新聞或短網址需放媒體原始，不可用轉載媒體
2,欸我阿肥啦先恭喜楊勇緯公斤級世界排名第一又拿了大滿貫金牌楊勇緯是土生土長台中人如果騎摩托車在臺灣大道遇到我們幾個看起來很兇瑪莎惡少攔車楊勇緯一個可以打幾個我個人是覺得那個最兇應該被楊勇緯關節技壓在地上不用三十秒應該就被勒暈了其他人應該嚇到屁滾尿流畢竟人家是奧運銀牌只輸了日本最強高藤直壽
3,楊勇緯比擊敗俄羅斯選手阿布達比柔道大滿貫賽摘金中央社龍柏安台北日電東京奧運銀牌得主台灣「柔道男神」楊勇緯，今天在阿布達比柔道大滿貫賽男子公斤金牌戰，成功擊敗世界排名俄羅斯好手阿卜杜拉耶夫，拿下生涯首座大滿貫賽金牌阿布達比柔道大滿貫賽今天開打，男子公斤量級共有名選手參賽，預賽分成組進行單淘汰賽，世界排名第楊勇緯被分在組楊勇緯首役遭遇阿拉伯選手納克比，他在比賽中逼得對手連續吞下次指導，輕鬆闖過頭關，接著又在強面對烏克蘭哈爾瑪多夫，靠著一勝挺進強關鍵強賽楊勇緯遭遇英國霍爾，他在比賽結束前最後秒，靠著寢技壓制對手拿下決賽入場券隨後金牌戰，比賽結束前秒，楊勇緯取得關鍵超前，順利擊敗俄羅斯阿卜杜拉耶夫奪金楊勇緯過去在大滿貫賽最佳成績，是去年在德國杜塞道夫大滿貫賽拿下銀牌，這次阿布達比大滿貫賽一舉摘金，不但是他首度在大滿貫賽等級奪金，也寫下最佳參賽成績上週國際柔道總會公布最新世界排名，楊勇緯首度登上全球之巔，不過與緊追在後俄羅斯好手亞布拉德僅有不到分領先差距阿布達比大滿貫賽是楊勇緯本季參加最後一場比賽，他在這一站順利摘金，不僅鞏固了排名與積分，也可望以年終世界第身分，完美地結束今年賽季唐聲揚這個社會一直在談家庭教育，以及工作間平衡，我辭職之後回家帶小孩，我沒想到這個社會是如此不安全我真很希望政府各級單位，能夠做些事情讓媽媽放心帶小孩，或者是讓媽媽放心工作
4,阿布達比大滿貫賽楊勇緯奪生涯首金穩住世界第一寶座年月日新聞雲路皓惟今年最後一場國際賽阿布達比大滿貫賽，今日男子公斤級賽事，世界排名第一台灣「柔道男神」楊勇緯勢如破竹連過關後，在金牌戰擊退今年巴黎大滿貫銀牌得主俄羅斯好手阿卜杜拉耶夫，摘下生涯大滿貫賽首金男子公斤級共分為組，楊勇緯首輪對上阿聯酋選手納克比，納克比開賽後就先吞次指導，接著在比賽剩餘分秒吞下第次指導，楊勇緯輕鬆奪勝，順利挺進次輪次輪強楊勇緯與烏克蘭選手哈爾馬托夫交手，比賽剩餘分秒，對手先吞下一次指導，接著楊勇緯在倒數秒時，以一本贏下比賽，晉級強準決賽對上英國選手霍爾，楊勇緯使出招牌「三角固」壓制對手，最終以一本勝拿下勝利，順利挺進金牌戰金牌戰楊勇緯與年巴黎大滿貫賽銀牌得主阿卜杜拉耶夫過招，開賽雙方就採取主動攻勢，隨後對手先吞下次指導，接著楊勇緯試圖在地面上試圖壓制對手，但對手頑強抵抗，最後倒數秒，楊勇緯使出「過肩摔」摔倒對手，奪下金牌過去楊勇緯參加大滿貫賽，最佳成績為年在德國杜賽道夫柔道大滿貫拿下銀牌，另外在年大阪和年安塔利亞則是皆收穫銅牌，今年阿布達比大滿貫成功奪得生涯首金，也刷新大滿貫賽個人最佳成績楊勇緯今年在國際賽表現搶眼，在卡達大師賽摘銀安塔利亞大滿貫賽奪銅亞洲及太平洋錦標賽也拿下銀牌，東奧再進帳一面銀牌，以積分登上世界第一，成為台灣柔道史上第一人，這次在阿布達比大滿貫摘金，世界第一位置更穩固?太強啦奧運一定再金牌吧
5,例如中央社，至少要有來源或如法新社中央社龍柏安台北日電>楊勇緯登上世界第一柔道男神夢想達陣完整新聞內文社論特稿都不能貼，貼喔根據國際柔道總會最新世界積分排名，台灣柔道好手楊勇緯在男子公斤量級成為世界第一中央社檔案照片中央社龍柏安台北日電世界第一與奧運金牌，是「柔道男神」楊勇緯生涯大目標，如今他已完成其中之一，依照國際柔道總會公布最新世界排名，楊勇緯在男子公斤量級成為世界第一楊勇緯是今年東京奧運柔道銀牌得主，也是台灣柔道史上在奧運奪牌第一人，他每一步都在替台灣寫歷史，如今他也成為第一個登上世界第一台灣柔道選手國際柔道總會世界排名積分系統，是以過去年參賽積分加總，而最新公布世界積分排名，楊勇緯以分竄上排頭，也領先今年世錦賽金牌得主俄羅斯名將亞布拉德分今年在全國大專校院運動會奪金楊勇緯，當時就喊出目標之一，就是登上世界第寶座，而他在奧運結束後，就曾公開宣誓下屆巴黎奧運要奪金企圖心，問他項目標比較想要哪個，當時他想都沒想就說「我個都要」如今楊勇緯已提前完成登上世界第一夢想，接下來將朝著奧運金牌之路持續邁進，而他月底將前進阿布達比參加大獎賽，這也是今年賽季最後一戰，他若能再次登上頒獎台，將可望以世界第一之姿結束意義非凡一年張芷瑄楊勇緯在柔道男子公斤量級成為世界第一圖取自國際柔道總會網頁完整新聞或短網址當，需提供短網址方便網友點擊備註一個人三天只能張貼一則新聞，，，備註這個版需要更高竿酸民
6,大家豪寶傑豪這次奧運得牌破紀錄啦所以以前那些選手上節目影片都有紀錄像是小戴有上過我猜楊勇緯綜藝大集合也上了兩次最一開始是國中就上去表演了瓜哥接下來我們就對打了眾來賓好!瓜哥來!董哥就位董哥以前在大集合是苦力擔當嗎還是被這一摔難怪後面沒看到董哥了張文綺以前那什麼奇怪顏色頭髮阿翔跟謝以前就當瓜哥快樂夥伴?#有卦咪
7,你會這樣問代表你心裡覺得女生看男生只看外表實際上這兩個市場都很大他們都有強大厚實力撐腰如果今天條件撇出運動國手身分兩個都是公務員那兩個都市場都很小楊勇緯很帥但如果只是基層公務員帥度降成被熟女同事調戲而已至於李洋也不到高結論奧運奪金奪銀才是帥如果不是學生整天怪身高怪長相有點多餘了
8,如題啦楊勇緯身高公分很帥李洋身高公分長相相對來說比較普通但是身高算是高如果可以選話大家比較喜歡哪一種
9,在奧運柔道激戰後拿到銀牌楊勇緯，凱旋歸來隔離完後，馬上獲得台中市政府表揚並拿到萬獎勵金，楊勇緯表示感謝市府支持和照顧，讓選手可以無後顧之憂地投入訓練只能說反觀
10,如題啦八卦板有一句話是這樣男生身高沒有是半殘那楊勇緯這種身高不到小隻馬帥哥腫麼辦楊勇緯現在變成名人了，自然不需要鄉民擔心但是一般這種小隻馬男孩，臉帥真可以彌補身高不足嗎有卦
11,新聞網廖凡漪攝影江俊彥報導台中人同名楊勇緯五星免費吃到飽搶搭奧運熱潮，台中知名飯店業者推出優惠，只要跟台中出身名選手，名字有一個字相同，又設籍台中，來五星級自助餐廳用餐，就享有半價優惠，如果和楊勇緯同名同姓，更直接免費，業者說顧客改名也能接受東京奧運落幕，台灣奪牌創下佳績，台中知名飯店業者，跟上奧運熱潮，為了致敬選手，推出活動，只要跟台中出身選手，名字同字，五星級自助餐廳，用餐有優惠飯店公關副理朱書霈「所以這次會有位優秀選手，參加東奧跟帕運部分，所以我們會由這位選手名字，來做活動發想」其他台中有位奧運位帕運選手，包括自由車馮俊凱，舉重謝昀庭，田徑陳傑，帕運柔道李凱琳等，只要你是台中人，姓氏不算，名字同字，到，五六日用餐打五折另外柔道選手楊勇緯，勇奪銀牌，待遇更不一樣，同名同姓，名字要完全一樣，用餐直接免費飯店公關副理朱書霈「其實我們這邊很樂見其成，但是我們只想跟大家說，就是想要說這個活動原意就是，想要致敬東奧選手，所以他有人要去改名話，我們也會很樂意接受」但飯店不怕像之前，掀起鮭魚改名潮，歡迎各位楊勇緯來用餐另外台北也有知名飯店集團，推出住房優惠，入住前出示運動競賽獎盃或獎牌者，依照名次，折價金額也不同而近防疫三級警戒，近日好不容易降級，飯店業者跟上東奧潮流，看準商機，紛紛推出活動，除了致敬選手，也想提高業績備註臺中鮭魚抱歉了，你們不能改了
12,自由李依純台北報導楊勇緯帥氣林真豪可愛許維恩想簽演藝經紀約完整新聞內文許維恩上月推出香氛酒精噴霧竟被帶到東京奧運會場，讓她超驚喜原來是她助理姊姊友人剛好是柔道國手楊勇緯林真豪等人教練之一，助理姊姊得知他們要出國比賽就買來送給教練朋友，沒想到教練覺得好用又多買幾瓶讓選手帶去東奧，許維恩事後得知直呼很榮幸，也謝謝助理牽上這條線但許維恩也說覺得有點可惜，若是能早點知道教練喜歡，一定會多送他們幾瓶，力挺台灣好手而她身為經紀公司老闆，笑說很想簽下楊勇緯林真豪演藝經紀約，大讚楊勇緯不只外型帥氣，笑起來又讓人感覺很暖心，未來可能性很大，「無論朝戲劇圈或時尚圈發展都可以」，至於林真豪許維恩也說她笑起來超可愛，「我超喜歡」完整新聞或短網址備註看來姐姐們都要出手了楊勇瑋還有辦法保有處子之身嗎
13,羅嘉翎真太高了啦楊勇緯站在旁邊真超小隻差了有沒有這兩位是最萌身高差八卦?羅嘉翎真只有嗎?
14,例如聯合，至少要有來源或如法新社陳秋雲>柔道中市宣布提高奧運獎金楊勇緯摘銀萬變萬完整新聞內文社論特稿都不能貼，貼喔台中市長盧秀燕今宣布，台中市政府提高奧運金牌激勵金至萬元銀牌獎金至萬元銅牌獎金至萬元奪下奧運柔道銀牌楊勇緯，激勵金由原本萬元一口氣跳升至萬元，前八名最低萬元其餘參加者未得名也有萬元激勵金盧秀燕表示，台中市府極重視運動發展，並積極推動運動獎勵措施革新，例如在原有一次性體育獎金外，在她上任後年特增訂「台中市績優運動選手培訓獎助金」，從年全國運動會年全國中等學校運動會開始施行，獲金銀銅牌選手每月都可領培訓獎助金盧秀燕強調「每一個家庭培育運動選手都不容易，而參加四年一次奧運更是無上光榮」，本屆東京奧運，我國好手表現精彩，不只激勵國人，也讓運動價值被彰顯，在重新檢視激勵金額度後，決議針對過去設定激勵金「再加碼」今宣布提升奧運激勵金額度比如原來獲得金牌者，獎金是萬元，現將一口氣提升至萬元銀牌萬元銅牌萬元第四名萬元第五名萬元第六名萬元第七名萬元第八名萬元，八名以外參賽選手都可領取萬元激勵金以拿下奧運柔道銀牌楊勇緯及柔道獲得第七名林真豪為例，分別可獲萬元及萬元，最大漲幅達倍，本屆東奧馬上實施同時，盧秀燕也表示，身障者運動最高競技殿堂帕拉林匹克運動會於月日也將在東京登場，台灣出賽帕運位選手中，有位就是台中子弟，包含柔道李凱琳桌球林姿妤以及健力林亞璇，盧秀燕宣布同步提高帕運激勵金，金牌萬元銀牌萬元，銅牌萬元，第四名萬元第五名萬元第六名萬元未獲得前六名參賽選手則可領取萬元激勵金，展現市府照顧優秀運動選手具體作為盧秀燕於奧運期間，也分別探訪選手爸爸媽媽，與家人親友一同為選手加油鼓勵，月日當天拜訪了楊勇緯及林真豪父母，感謝家庭及教練栽培，勇緯拿到台灣柔道第一面奧運獎牌，而真豪也獲得女子柔道第七名此外盧秀燕日前也到王星皓張筑涵及陳傑等選手家中，肯定選手登上奧運殿堂表現，並感謝選手父母辛勤栽培，每位都是臺中驕傲!台中市運動局長李昱叡指出，奧運是競技運動最高殿堂，集結了世界運動菁英，奧運參賽意味著選手達到了頂尖運動選手門檻，盧市長逐步穩健推動運動獎勵措施革新已經展現成效，包括年度全國運動會臺中進步排全國第三全國身心障礙運動會台中全國第二全民運動會台中市全國第一創三連霸年全國中等學校運動會臺中市全國總冠軍加上東京奧運這次有七位選手參加，其中楊勇緯勇奪銀牌，是有史以來最佳成績，皆顯示台中運動成績進步，未來將積極推動運動發展，創造佳績台中市運動局表示，奧運是所有運動員嚮往最高競技殿堂，因此，運動局官網也有選手精彩新聞與照片集錦，並增設「東京奧運台中選手加油專區」，匯集每位台中優秀好手精彩表現與相關資訊，歡迎市民朋友關注賽事，並為台中健兒們加油打氣完整新聞或短網址當，需提供短網址方便網友點擊備註一個人三天只能張貼一則新聞，，，備註各縣市甚至中央都有討論要增加運動選手得獎獎金台中倒是先做了，以對運動選手鼓勵算是好事畢竟多少人是把這輩子就賭在運動上面，總要有點保障
15,中時盧金足東奧盧秀燕東奧獎金加碼楊勇緯奪銀牌萬變萬完整新聞內文台中市運動健將在東京奧運奪牌創佳績，市長盧秀燕日在市政會議會宣布，針對台中選手，加碼奧運帕運激勵金，加碼幅度「六都最多本島最佳」，奧運金牌萬變萬銀牌萬變萬銅牌萬變萬，拿下銀牌柔道好手楊勇緯除了可以拿到國光獎金萬元，台中市頒發銀牌獎金萬變萬盧秀燕上午在市政會議做出重大宣布，為激勵台中市籍運動好手在奧運及帕運殿堂為國爭光，台中市長盧秀燕今日宣布，台中市政府提高奧運金牌激勵金至萬元銀牌獎金至萬元銅牌獎金至萬元同時，提高身心障礙運動選手參加帕拉林匹克運動會激勵金額度，不只是倍增，更是「數倍增」，且只要參與奧運及帕運台中好手，都確保有參賽獎金，藉此激勵優秀選手，為台中爭光盧秀燕表示，台中市府極重視運動發展，並積極推動運動獎勵措施革新，例如在原有一次性體育獎金外，在她上任後年特增訂「台中市績優運動選手培訓獎助金」，從年全國運動會年全國中等學校運動會開始施行，獲金銀銅牌選手每月都可領培訓獎助金她強調「每一個家庭培育運動選手都不容易，而參加四年一次奧運更是無上光榮」，本屆東京奧運，我國好手表現精彩，不只激勵國人，也讓運動價值被彰顯，在重新檢視激勵金額度後，決議針對過去設定激勵金「再加碼」，宣布提升奧運激勵金額度比如原來獲得金牌者，獎金是萬元，一口氣提升至萬元銀牌萬元銅牌萬元第四名萬元第五名萬元第六名萬元第七名萬元第八名萬元，八名以外參賽選手都可領取萬元激勵金以拿下奧運柔道銀牌楊勇緯及柔道獲得第七名林真豪為例，分別可獲萬元及萬元，最大漲幅達倍，本屆東奧馬上實施盧秀燕強調，身障者運動最高競技殿堂帕拉林匹克運動會於月日將在東京登場，台灣出賽帕運位選手中，有位就是台中子弟，包含柔道李凱琳桌球林姿妤以及健力林亞璇，盧秀燕宣布同步提高帕運激勵金，金牌萬元銀牌萬元，銅牌萬元，第四名萬元第五名萬元第六名萬元未獲得前六名參賽選手則可領取萬元激勵金，展現市府照顧優秀運動選手具體作為盧秀燕奧運期間分別探訪選手爸爸媽媽，與家人親友一同為選手加油鼓勵，月日當天拜訪楊勇緯及林真豪父母，感謝家庭及教練栽培，勇緯拿到台灣柔道第一面奧運獎牌，而真豪也獲得女子柔道第七名此外盧秀燕日前也到王星皓張筑涵及陳傑等選手家中，肯定選手登上奧運殿堂表現，並感謝選手父母辛勤栽培，每位都是台中驕傲運動局長李昱叡指出，奧運是競技運動最高殿堂，集結了世界運動菁英，奧運參賽意味著選手達到了頂尖運動選手門檻，盧市長逐步穩健推動運動獎勵措施革新已經展現成效，包括年度全國運動會臺中進步排全國第三全國身心障礙運動會台中全國第二全民運動會台中市全國第一創三連霸年全國中等學校運動會臺中市全國總冠軍加上東京奧運這次有七位選手參加，其中楊勇緯勇奪銀牌，是有史以來最佳成績，皆顯示台中運動成績進步，未來將積極推動運動發展，創造佳績完整新聞或短網址備註台中真佛心反觀
16,這裏就可以看出男女不同點了男每天說結衣我老婆真結婚了大家也只是哀嚎，感嘆自己不如人祝福人家幸福美滿女看到人家有女友或老婆直接上去臭幹人家，還說別人高攀不起恐怖哦，恐怖到了極點哦
17,我猜是特殊交友圈內朋友做啦整天說自己性向正常想把別人掰彎人家女性友人合照曝光也被肉搜一起合照都不行了膩噁心++
18,女生慕強很正常楊勇緯本身就強得了奧運銀牌後，名氣財富都有了前途更是不可限量加上顏值也不差不選楊勇緯難道選那些肥宅嗎
19,欸，這時侯女權應該出來說兩句了吧來點個名好惹民進黨婦女部，雞排妹鄭佳純，周芷萱，范雲，財經網美胡采蘋，林靜儀，賴品妤，女人迷這些好像都是平常嗆很大聲女權是不是應該來建立一個噁女噁甲名單了
20,靠北阿就不懂得尊重人家生活啊馬人家私生活如何到底關你們屁事照照鏡子啦真以為自己有機會喔如果真有心要追求就每一場比賽都到現場給予鼓勵支持我想運動員一定會記住你啦啊如果是去出征運動員親友運動員也會記住你喔小妹就算哈帥哥最多就是把帥哥設成手機桌布因為勇緯出現我忍痛把桌布換掉了昨天體操英國王子菜市場凱開也好帥為什麼桌布一次只能放一張
21,王翊綺楊勇緯疑女友遭肉搜「高攀不起」心碎發文都給你們吧完整新聞內文台灣「柔道天菜」楊勇緯征戰東京奧運勇奪銀牌，堅毅應戰和帥氣外型圈粉無數，追蹤數如今更達到萬人，不少人自稱「楊太太」，日本粉絲甚至為他創了「八卦維基百科」狂問他結婚了沒，感情世界令人好奇豈料人紅是非多，楊勇緯身邊親朋好友也狂遭粉絲肉搜，甚至搜出疑似與女友合照，女子遭湧入謾罵「高攀」，無辜受殃楊勇緯帥氣外型引發女性暴動，就連上月日晚間搭機返抵國門，背包上面掛「柔道小熊吊飾」也爆發搶購潮，在網路論壇「」卻有瘋狂粉絲肉搜出疑似楊勇緯與女友合照，該篇貼文寫著「親愛老大」「謝謝你一直都在」等等，因此遭到數以萬計「楊太太們」湧入，更有人狂問「你們是什麼關係」甚至私訊謾罵，行徑相當沒禮貌此外也有網友指出，他認識楊勇緯也認識該名女子，女子支持了楊勇緯年，對楊來說也是很重要人，不管與楊關係是什麼，腦粉行為已經造成困擾，目前已將合照刪除，也發了限時動態「都給你們吧我高攀不起，一堆私訊我肉搜我，甚至講得很難聽，這些花癡，可以不要再打擾我了嗎」處境令人心疼文章曝光後，許多網友紛紛為楊勇緯和女子抱不平，表示「這種行為真超沒素質超花癡，有這種粉絲楊應該也不會高興」「比賽壓力就夠大了，比完壓力更大」「太多人連尊重人基本常識都沒有，瞎粉行為看到真會氣死」「先不管到底有沒有女友，去肉搜不相干人，超莫名其妙」「運動員真最需要就是支持，不是喪心病狂私生」根據鏡週刊報導，楊勇緯哥哥楊俊霆在受訪時表示「楊勇緯單身」，「因為他從小對柔道這一塊很執著，每次都很想拿第一名，全心投入練習，一路走來，他其實沒有什麼心思交女朋友」，而教練也說過他被很多女生喜歡，但為專注練習對他下了「禁愛令」，可見目前對他最為重要，應是積極備戰年奧運，一圓奪金夢想完整新聞或短網址備註無
22,引述之銘言郭婞淳教練事件女權主義無不憤慨大多都發文開噴教練不尊重他人意願但麟洋配奪金後一堆意淫他們是情侶，還要他們就地結婚說好尊重呢李洋是有女朋友有尊重過他女朋友嗎楊勇緯奪銀後冒出一堆楊太太，留言還有一堆秒排卵言詞請問有尊重過楊勇緯本人嗎有沒有某些女權主義標準在哪八卦標準就是雙標啊同樣一段話，角色套用男女身上，結果大不同男生他好美喔，美得讓我快高潮了女生他好帥喔，帥得讓我快高潮了你看看哪一個會被噴噁心又一段話，看看誰會被噴爆男生大家不要吵了，某正妹是我老婆女生大家不要吵了，某帥哥是我老公這個社會本來就是不斷雙標雙標就算了，不要雙標還不給人家講真有夠好笑，小學生膩
23,引述之銘言但麟洋配奪金後一堆意淫他們是情侶，還要他們就地結婚說好尊重呢以尊重來說，關鍵之一是當事人怎麼看雖然不確定就地結婚這個說法有沒有對麟洋造成什麼困擾不過王齊麟自己有轉發類似說法應該至少沒有很反感吧
24,引述之銘言郭婞淳教練事件女權主義無不憤慨大多都發文開噴教練不尊重他人意願但麟洋配奪金後一堆意淫他們是情侶，還要他們就地結婚說好尊重呢李洋是有女朋友有尊重過他女朋友嗎楊勇緯奪銀後冒出一堆楊太太，留言還有一堆秒排卵言詞請問有尊重過楊勇緯本人嗎有沒有某些女權主義標準在哪八卦我相信還是存在沒有雙標女權主義者存在但目前看到標準好像都滿浮動差異就是男女行動力高低男說想幹或是勃起了還真有可能會去實施有些噁男落網時候不是有被人肉出一些過去噁男言論所以男生留言是有可能讓當事人害怕但如果以後有女強暴犯出現排卵言論可能也會讓男人不自在
25,郭婞淳教練事件女權主義無不憤慨大多都發文開噴教練不尊重他人意願但麟洋配奪金後一堆意淫他們是情侶，還要他們就地結婚說好尊重呢李洋是有女朋友有尊重過他女朋友嗎楊勇緯奪銀後冒出一堆楊太太，留言還有一堆秒排卵言詞請問有尊重過楊勇緯本人嗎有沒有某些女權主義標準在哪八卦我相信還是存在沒有雙標女權主義者存在但目前看到標準好像都滿浮動
26,運動員到該項運動最成熟國家移地訓練是常有事像楊勇緯就去過日本訓練楊說這對他心理素質幫助很大，技術也更加精進最後為台灣贏得一面奧運銀牌最近八卦很多人帶風向說小林是中國培訓為何沒人帶風向小楊是日本培訓?是因為培訓地點是中國，所以被某些人特意帶起風向嗎?
27,李依純台北報導楊勇緯國中就上大集合靠爆發力「飛躍」主持群完整新聞內文楊勇緯國中模樣民視提供綜藝大集合本週將播出「奧運特輯」向台灣好手們致敬，新生代「柔道男神」楊勇緯在新民高中上節目模樣，日前被網友挖出後，又有人發現他就讀后里國中時就曾上過大集合，當時他代表學校「飛躍」主持群，只見阿翔壓在最下面，胡瓜壓在最上面，一共人堆疊高度，楊勇緯卻能輕鬆「飛越過去」，讓現場所有人超級驚艷楊勇緯國中模樣民視提供另外，楊勇緯還挑戰「飛龍在天球好運」關卡，只見他飛跑後再一躍一飛踢，身手超級敏捷，輕鬆輕鬆達到公分，展現驚人體力與爆發力主持人胡瓜當時特別抓出楊勇緯訪問，還找了一位可愛小女孩出來一起受訪，小女孩被問到覺得楊勇緯帥不帥，大方表示「很帥」，胡瓜接著追問小女孩有沒有喜歡他，沒想到小女孩回答「還好」，讓楊勇緯當場笑容失守完整新聞或短網址備註原來楊勇緯國中就被瓜哥送過幸福下次就拿金牌啦
28,東奧國手回來了楊勇緯與羅嘉翎成焦點黃義書陳嘉寧聯合東奧我國柔道跆拳道等代表隊日傍晚搭乘中華航空公司班機從日本東京載譽凱歸，獲得柔道銀牌楊勇緯，與拿下跆拳道銅牌羅嘉翎成為焦點日凱歸成員包括柔道跆拳道輕艇舉重等個項目教練及選手等共人，除了柔道位後勤支援人員蔡明諺搭乘經濟艙之外，其他名教練及選手全部搭乘商務艙座位，達成蔡英文總統教練選手全部搭乘商務艙承諾為符合防疫規範，中華奧會與教育部體育署特別協調衛福部疾管署及桃園機場公司等各相關通關檢疫單位，執行奧運代表團歸國檢疫專案，名代表團成員與一般旅客間隔下機，由專人引導通過專屬檢疫通關作業櫃台，達到分流禮遇防疫要求，代表團成員完成核酸檢測後，坐上防疫專車前往檢疫旅館執行檢疫程序日返國成員包括柔道代表隊教練劉文等選手楊勇緯選手林真豪陪練員蔡明諺，歲台灣「柔道女王」世界排名第連珍羚留在東京跆拳道代表團成員包括教練劉祖蔭廖家興李泰相吳明傑劉聰達，選手羅嘉翎黃鈺仁劉威廷蘇柏亞輕艇代表隊教練蕭韻茹，選手張筑涵舉重代表隊教練吳銘通，選手芳莞靈高展宏羅嘉翎好高喔永偉小它一顆頭
29,各位直男紳士朋友們假如某天像楊勇緯這類型體育帥哥跟你告白各位被掰彎機率有多高有沒有卦
30,柯振中楊勇緯熱情揮手「下秒撞紅龍」鬆口吐最大遺憾下次再拼完整新聞內文東奧開賽第五天，台灣選手屢傳佳績，部分賽程落幕，柔道國手楊勇緯跆拳道國手羅嘉翎以及舉重國手方莞靈等名選手日傍晚抵台，教練們同機隨行其中奪得銀牌楊勇緯銅牌羅嘉翎接受媒體採訪在人到場前，就已有許多人在場守候，樓也站滿了期待粉絲們選手們回到機場，立刻受到許多歡迎，而「國民丈夫」楊勇緯也開心揮手，回應熱情粉絲們，結果一不留神撞上管制用紅龍，所幸沒有因此受傷楊勇緯受訪時表示，雖然最後是比輸，會有一點遺憾，因為目標是金牌，但也因為這個遺憾，會在下次奧運時更加努力，希望能拿到更好成績羅嘉翎則說，非常謝謝大家關注柔道賽事，通關流程相當快速，整個過程非常順利完整新聞或短網址?備註
31,中時新聞網吳品瑤楊勇緯抖音嫩片被挖出超醜鬼臉網照買單嗨喊國民老公完整新聞內文東京奧運歷經新冠肺炎衝擊與考驗，延期年終於舉行，而不只比賽本身精彩，選手群本身，也帶來滿滿亮點，其中，來自台灣歲柔道選手楊勇緯，不僅奪銀牌刷新台灣柔道歷史紀錄，甚至可說在日本「一戰成名」，讓眾多櫻花妹大暈船，有網友挖出他歲時拍抖音短片，楊勇緯在影片中扮超醜鬼臉，粉絲卻完全不介意，仍激喊「國民老公」中華隊不但參加東京奧運奪牌，還被發掘出男神，柔道選手楊勇緯為台灣奪下柔道第一面銀牌，在領獎台上拿著獎牌往臉蹭，讓日本網友為之驚艷，瞬間「台湾選手」衝上日本推特趨勢關鍵字，他更從賽前萬追蹤數，飆升到現在突破萬楊勇緯被日本網友盛讚有偶像般外型，兼具帥氣清爽可愛於一身，讓人瞬間戀愛，對楊勇緯生平私下模樣都超好奇，在網路上掀起起底潮，如今有網友找到他以前拍段抖音影片，當時楊勇緯只有歲，模樣稚嫩但一樣陽光，其中一段，他跟個好朋友一起入鏡，有時閉眼，有時吐舌微笑，三人一起整齊搖頭晃腦，青澀可愛模樣電翻人另一段影片，則是他跟另一名男子組隊，跟著圖片做出各種鬼臉，吐舌皺鼻子嘟嘴樣樣來，甚至不計形象挖鼻孔，有鬼臉真極醜，但在粉絲眼裡一切都是粉紅色，看了心神蕩漾直呼「太可愛惹我要不行了」「可以不要一直發我男友嗎，已經造成我們困擾了」「天菜國民老公」「我嘴角控制不住」完整新聞或短網址備註抖音真拍很可愛
32,感覺這次台灣選手都走帥氣可愛路線八卦版各位夾起來小妹這三個要選誰比較專業是蹭金牌勇緯還是建中怪物冠閎還是都在耍憨昀儒有沒有八卦哇
33,一位是皮膚黝黑五官深邃流著排灣族血液陽光男孩另一位則是皮膚白皙單眼皮長相比較偏日韓系小鮮肉兩位都有著運動員勻稱身材與超強體能若純論外表誰會勝出呢?
34,楊勇緯無懸念成新一代國民男神男網友喊心已被吳佳穎射穿李鴻典台北報導疫情下東奧依然話題超夯有業者進行票選，柔道天菜楊勇緯暖男呆萌形象讓台女表示都戀愛了，無懸念成新一代國民男神新國民女神則是射擊甜心吳佳穎，也讓男性紛喊「心已被射穿」另外，東奧也成為熱門交友聊天話題，更引出許多「運動控」，其中成台女更直接表示想找運動系男友，成台男也持相同意見，表示愛運動陽光女孩就是讓人超有好感度楊勇緯無懸念成新一代國民男神男網友喊心已被吳佳穎射穿瘋東奧交友進行國民男神女神票選，為柔道隊奪下史上首面奧運獎牌楊勇緯，被台女票選為新一代國民男神奮戰時帥氣表現和受訪時靦腆模樣，讓一票女性紛紛表示想當「楊太太」另外人氣爆棚還有年僅歲游泳選手王冠閎，韓系歐巴外表也讓喜歡「年下男」台女直呼完全天菜在台男心中第一新國民女神則是射擊選手吳佳穎，超甜美系搭上專注神情，讓男性紛喊看「心都被射穿了」而有著公分逆天長腿跆拳道選手羅嘉翎，清秀模樣也讓不少男性表示不畏身高差「想追求」東奧疫情下開打依然火熱調查從近期用戶使用數據中分析發現，東奧主題是大熱門聊天話題，尤其是剛打完退休之戰台灣球王盧彥勳，以及羽球球后戴資穎完勝輾壓對手精彩表現對此，竟意外引出「運動控」，有超過成台女就表示想找運動系男友，認為開朗愛運動形象超有好感度，充滿活力又擁有良好體態也讓人小鹿亂撞成台男也認為運動系陽光女孩相處起來無負擔，能一起享受共同興趣和有聊不完體育話題三立欸欸欸啊球后小戴勒
35,柔道銀牌楊勇緯沒有交過女朋又甲甲是不是有機會了把他掰歪可以每天跟他練柔道流口水有沒有把卦
36,奧運游隊一定可以遇到柔道隊吧那麼真好想要看王教楊游泳畫面很消暑但越看越熱也沒差啦兩位男生身材都小小隻印象有老外當比例尺><在盛夏泳池中互相跨領域交流認識彼此可以吧其實楊勇緯也能教王柔道只是王會被楊一直壓制><在掙扎時會發出嬌瞋嗎想看王冠閎教楊勇緯游泳推個文吧希望未來奧運也規劃成人版向古代全裸奧運致敬裸泳裸柔道
37,引述薇薇之銘言林緯平至於被問到楊勇緯「喜歡怎樣女生」，哥哥笑說「弟弟從來沒有跟我討論過」，並認為「勇緯本來就長得好看，所以很多人喜歡他」，因此很習慣大家都喜歡他最後談起這位台灣之光未來動向，楊俊霆表示弟弟接下來要前進，而且他是一個非常自律人，「對於接下來比賽，我對他非常有信心」完整新聞或短網址備註楊太太報到阿財好奇一問如果把這篇文章翻譯成日文貼到推特，或上櫻花妹會不會轉而輕蔑楊勇緯啊楊他好像是或歲，單身中沒交過女友，沒交過女友那單然是處男囉根本是鬼塚英吉設定嘛十幾年前鬼塚英吉人設就讓當時日本年青人取笑拿到現在哼哼紅不過兩天，金身要破裂了
38,林緯平楊勇緯「沒有女朋友」哥親證實單身原因曝光被問徵友條件笑了完整新聞內文「柔道型男」楊勇緯日在東奧柔道公斤級奪下銀牌，寫下台灣運動史新猷，然而他帥氣外表加上謙虛態度，讓他一夕之間吸粉無數，許多粉絲搶當「楊太太」對此，楊勇緯哥哥楊俊霆日接受訪問，談到「勇緯從小對柔道這塊很執著，每次都想拿第一，全心投入，沒有心思放在交女友那塊」楊勇緯東京奧運一戰成名，奪下銀牌，創下台灣柔道奧運史上最佳成績，出賽時帥氣英姿與高顏值外型，瞬間圈了大批粉絲，追蹤人數暴漲對此，哥哥楊俊霆在接受媒體人周玉蔻廣播節目電訪談到，「楊勇緯目前沒有女朋友」楊俊霆解釋，「勇緯從小對柔道這塊很執著，每次都想拿第一，全心投入，應付練習還有課業，一路上沒有什麼心思放在交女友那塊很多女生都喜歡他，但像新聞中有提到，高中教練不讓他交女朋友」至於被問到楊勇緯「喜歡怎樣女生」，哥哥笑說「弟弟從來沒有跟我討論過」，並認為「勇緯本來就長得好看，所以很多人喜歡他」，因此很習慣大家都喜歡他最後談起這位台灣之光未來動向，楊俊霆表示弟弟接下來要前進，而且他是一個非常自律人，「對於接下來比賽，我對他非常有信心」完整新聞或短網址備註楊太太報到
39,楊勇緯贏得台灣在奧運柔道賽史上第一面奧運銀牌羅嘉翎贏得跆拳道奧運銅牌楊勇緯與羅嘉翎速配嗎楊勇緯近歲，羅嘉翎近歲，兩人差歲，年齡很速配楊勇緯是帥哥，羅嘉翎身材好很可愛楊勇緯身高公分，羅嘉翎身高公分女生比男生高公分，可能是與一般情侶比較不同之處兩人分別是柔道與跆拳道選手，有相類似經歷相同話題，應該滿有話聊大家認為楊勇緯與羅嘉翎速配嗎我是男人個子不高，與楊勇緯身高相近以我自私立場，我很期待楊勇緯與羅嘉翎能在一起若兩人在一起，對我們這些個子不高男人是一大股舞
40,最新出爐東奧男子級柔道銀牌得主楊勇緯聽說他最拿手就是寢技只要被他弄倒在地，絕對爬不起來看小魯也想來練練寢技不知道該如何入門有鍵盤教練能線上指導一下嗎發廢文像是去了另一個世界好像甚麼煩惱都沒了，就像是一場夢我一直在戒可是我戒不了，他發廢文時後我一直逼他戒，他說不可能戒掉我想證實給他看可以戒，我才文，原來真戒不掉
41,東奧奪銀楊勇緯高中參賽綜藝大集合帥樣曝光胡瓜當年就發現他臂力驚人上報吳維書年月日楊勇緯大圖在東奧勇奪銀牌，他高中錄綜藝大集合帥氣模樣曝光小圖引發討論大圖取自楊勇緯臉書，小圖民視提供歲台灣柔道選手楊勇緯一戰成名，在東奧帥氣奪銀，為台灣柔道寫下最佳記錄，在領獎光榮時刻，忍不住用臉頰磨蹭奧運獎牌，超萌模樣逗笑許多觀眾他高中時參加民視節目綜藝大集合青澀模樣也曝光，招牌濃眉大眼在當年就展現英姿，而他絕佳體力，也獲節目主持人胡瓜認證，直誇他「臂力驚人」楊勇緯年月錄綜藝大集合挑戰遊戲單元「繞著地球跑」，他要在巨型圓形旋轉攀岩體，用最短速度抓著攀岩體繞一圈，當時還在就讀新民高中他跑到台中西屯現場報名，一上場直接靠手臂力量，秒就輕鬆完成，胡瓜現場忍不住大叫「攀岩上石洞根本沒有踩幾個就完成了臂力驚人」最後楊勇緯順利拿到幸福獎金楊勇緯首排右三年月錄綜藝大集合，接受主持人胡瓜首排右二採訪時透露自己是柔道選手民視提供胡瓜與節目製作團隊得知楊勇緯曾錄過綜藝大集合都覺得超開心胡瓜表示「綜藝大集合到處送獎金，邀請各路國手與運動選手來參加，全台灣跑透透，給很多默默耕耘運動選手鼓勵，看到大家能在奧運舞台發光發熱，我與製作團隊都覺得超光榮，我們也為他們喝采」楊勇緯領獎時用臉頰磨蹭奧運獎牌可愛舉動，圈粉不少日本觀眾，他事後也在臉書粉絲專頁還原當時心情，「站上去時候很感動，有點不敢置信，覺得一切都太神奇，就想要好好感受一下什麼是奧運獎牌」?影片?下面一位
42,所以如果沒有國民黨來台，今天台灣人就是用台灣名義參賽在當年社會主義蔚為風潮覺青入共就是潮氛圍下，如果國民黨沒來，台灣人主動投入中共懷抱可能機率還大一點，今天台灣人就是舉五星旗參賽了
43,我們大導演鈕承澤如果要把這次柔道元年拍成電影一定要拍楊勇緯阿還是豆導會自己下去瘋狂用寢技幹對手豆導兼詮釋楊主角拍自己一生奮鬥銀牌過程大家來討論看看吧
44,剛剛看到奧運板有人三指導原因來源自官網正規時間有二個指導指導避免對手抓握指導無戰意黃金得分時間有一個指導指導防禦姿態原來是這樣輸掉
45,引述之銘言柯振中謝長廷點出楊勇緯「落敗原因」裁判很專業網一聽都懂了完整新聞內文柔道國手楊勇緯出征東奧，率先替台灣拿下銀牌，也是台灣柔道史上首面銀牌對此，駐日代表謝長廷點出金牌戰落敗原因，因為日本選手高藤直壽沒有摔倒成功壓制楊勇緯，而是裁判以比賽規則上「指導」扣點，判決勝出，但這位裁判是義大利籍，規則相當專業，服從裁判也是重要運動精神楊勇緯出征東奧，第一次出賽，就挺進金牌戰，與日本「柔道天才」高藤直壽纏鬥，最後得到銀牌佳績對此，謝長廷表示，楊勇緯拿到台灣柔道史上第一面銀牌，相當不簡單，這次決戰當中，高藤直壽沒有摔倒成功壓制楊勇緯，而是由裁判以比賽規則上「指導」扣點，被判決勝出，因此引起許多議論謝長廷進一步補充，雖然有許多不同看法，但比賽勝負是技術策略與經驗總決戰，裁判是義大利籍，規則相當專業，而服從裁判，也是重要運動精神，從最後人拉手鏡頭，可以看見運動風度謝長廷指出，楊勇緯首次參加奧運，就奪得佳績，前途不可限量，也豎立了奧運精神風範，「讓我們為這位排灣族勇士喝釆，也感謝他為台灣爭光傑出表現」有了謝長廷補充，許多網友也終於明白，為何最後楊勇緯是拿下銀牌，「心技體對抗，真很不容易恭喜排灣勇士楊勇緯獲得銀牌」「感謝大使正面解釋，外行人真看不懂是如何輸贏」「表現得很棒，日本選手也不是省油燈」「勇緯在場上真超神勇他每一個拼命動作都代表著他很認真在實現他體育夢想」完整新聞或短網址備註「助日代表」有講跟沒講一樣謝大屎出來講評一下這一場裁判專不專業連珍羚領了個指導輸了比賽喔對了對手不是日本了是斯洛維尼亞拼命一直在攻人一直領指導莫名其妙怎不判對方過度防衛
46,如題楊勇緯奧運柔道銀牌館長飆悍綜合格鬥好像蠻強兩個單挑誰贏有卦嗎
47,就是那個我國柔道好手楊勇緯前天拿下銀牌那個粉絲人數從萬變幾萬樣子一堆迷妹跟地方媽媽搶著認當楊太太好像今天有錄影感謝國人支持然後教練有接受媒體採訪還爆料說楊勇緯高中沒有交過女朋友因為教練下達禁愛令同樣高中沒交過女朋友這件事慟讓肥宅我感到欣慰間接也鼓勵各位肥宅不用失志有沒有八卦
48,游振昇台中即時報導奧運柔道銀牌楊勇緯感言我很幸運也很幸福完整新聞內文「柔道男神」楊勇緯首度進軍奧運，在男子組公斤級為中華隊摘下首面銀牌，成為台灣在奧運柔道項目第一面獎牌，他今晚在東京奧運選手村，在寫下自己得獎感言「這一切都不容易，我很幸運也很幸福」楊勇緯今晚寫下感言說，一路走來要感謝人很多，心中是滿滿感激，他今天能創造歷史性一刻，是大家一起共同努力來，他要一起分享這份感動與榮耀，他很開心為台灣柔道拿下第一面奧運銀牌，正因為有些遺憾，才有了更遠大追求他謝謝大家在電視機和轉播中為他集氣加油，也謝謝大家祝福，「心之所在，就是方向」，感言中，他表明要為下屆奧運金牌努力他感言，幾分鐘內引起近萬人按讚，更多粉絲網友留言，為他感動，替他加油，還有日本粉絲也留言，謝謝他在奧運場上，留下奮戰，令人感動一幕完整新聞或短網址當，需提供短網址方便網友點擊新聞網址?備註一個人三天只能張貼一則新聞，，，備註
49,我剛才看新聞才發現雖然兩方不積極攻擊，可是日本選手靠小動作腳有在划空障眼法讓裁判認為，日方選手比較沒有楊這麼不積極判日本選手個指導，台灣選手個指導比起楊勇緯，日本選手少一個指導所以就如大家說，傷害是，比較得來日本選手高藤賽後，良心過意不去，才心虛地承認未豪快勝出但這就是我柔道金牌國光獎金是萬，銀牌是萬這次，因為落敗於比賽規則技術運用，所付掉代價可不小，一次學費要價萬日本選手因為技術經驗豐富，贏了所以這次比賽學費留給楊勇緯了可惜引述之銘言柯振中謝長廷點出楊勇緯「落敗原因」裁判很專業網一聽都懂了完整新聞內文柔道國手楊勇緯出征東奧，率先替台灣拿下銀牌，也是台灣柔道史上首面銀牌對此，駐日代表謝長廷點出金牌戰落敗原因，因為日本選手高藤直壽沒有摔倒成功壓制楊勇緯，而是裁判以比賽規則上「指導」扣點，判決勝出，但這位裁判是義大利籍，規則相當專業，服從裁判也是重要運動精神楊勇緯出征東奧，第一次出賽，就挺進金牌戰，與日本「柔道天才」高藤直壽纏鬥，最後得到銀牌佳績對此，謝長廷表示，楊勇緯拿到台灣柔道史上第一面銀牌，相當不簡單，這次決戰當中，高藤直壽沒有摔倒成功壓制楊勇緯，而是由裁判以比賽規則上「指導」扣點，被判決勝出，因此引起許多議論謝長廷進一步補充，雖然有許多不同看法，但比賽勝負是技術策略與經驗總決戰，裁判是義大利籍，規則相當專業，而服從裁判，也是重要運動精神，從最後人拉手鏡頭，可以看見運動風度謝長廷指出，楊勇緯首次參加奧運，就奪得佳績，前途不可限量，也豎立了奧運精神風範，「讓我們為這位排灣族勇士喝釆，也感謝他為台灣爭光傑出表現」有了謝長廷補充，許多網友也終於明白，為何最後楊勇緯是拿下銀牌，「心技體對抗，真很不容易恭喜排灣勇士楊勇緯獲得銀牌」「感謝大使正面解釋，外行人真看不懂是如何輸贏」「表現得很棒，日本選手也不是省油燈」「勇緯在場上真超神勇他每一個拼命動作都代表著他很認真在實現他體育夢想」完整新聞或短網址備註「助日代表」有講跟沒講一樣
50,柯振中謝長廷點出楊勇緯「落敗原因」裁判很專業網一聽都懂了完整新聞內文柔道國手楊勇緯出征東奧，率先替台灣拿下銀牌，也是台灣柔道史上首面銀牌對此，駐日代表謝長廷點出金牌戰落敗原因，因為日本選手高藤直壽沒有摔倒成功壓制楊勇緯，而是裁判以比賽規則上「指導」扣點，判決勝出，但這位裁判是義大利籍，規則相當專業，服從裁判也是重要運動精神楊勇緯出征東奧，第一次出賽，就挺進金牌戰，與日本「柔道天才」高藤直壽纏鬥，最後得到銀牌佳績對此，謝長廷表示，楊勇緯拿到台灣柔道史上第一面銀牌，相當不簡單，這次決戰當中，高藤直壽沒有摔倒成功壓制楊勇緯，而是由裁判以比賽規則上「指導」扣點，被判決勝出，因此引起許多議論謝長廷進一步補充，雖然有許多不同看法，但比賽勝負是技術策略與經驗總決戰，裁判是義大利籍，規則相當專業，而服從裁判，也是重要運動精神，從最後人拉手鏡頭，可以看見運動風度謝長廷指出，楊勇緯首次參加奧運，就奪得佳績，前途不可限量，也豎立了奧運精神風範，「讓我們為這位排灣族勇士喝釆，也感謝他為台灣爭光傑出表現」有了謝長廷補充，許多網友也終於明白，為何最後楊勇緯是拿下銀牌，「心技體對抗，真很不容易恭喜排灣勇士楊勇緯獲得銀牌」「感謝大使正面解釋，外行人真看不懂是如何輸贏」「表現得很棒，日本選手也不是省油燈」「勇緯在場上真超神勇他每一個拼命動作都代表著他很認真在實現他體育夢想」完整新聞或短網址備註「助日代表」有講跟沒講一樣
51,楊勇緯奪得台灣第一面柔道獎牌回程在飛機上遇到第一輪淘汰詹家姊妹詹資源比他多備份也比他高遇到要說什麼勒
52,全國狂賀蘇貞昌感謝「柔道男神」楊勇緯東奧奪銀創歷史新聞雲蘇晏男台北報導已經創造台灣柔道歷史，楊勇緯在本屆東京奧運闖進金牌戰，面對日本高藤直壽，楊勇緯延長賽被判次指導落敗，獲得銀牌對此，行政院長蘇貞昌在臉書盛讚，這面男子公斤級柔道銀牌，同時也是台灣柔道史上首面奧運獎牌感謝楊勇緯選手前三場都是以壓制取勝楊勇緯，決賽面對高藤直壽，雙方一開始許多試探，楊勇緯先嘗試勾腿並嘗試過肩摔，雙方側身試探都沒收到效果，雙方在常規分鐘內都沒能得分，進入延長賽，但楊勇緯有次指導處於劣勢延長賽雙方仍僵持，楊勇緯抓到機會採取壓制，但沒有效果，楊勇緯最終被判指導次落敗即便未獲得金牌，楊勇緯也獲得全國民眾掌聲與鼓勵蘇貞昌在臉書盛讚，「來自台中后里有柔道男神稱號楊勇緯選手，獲得我國在本屆奧運首面獎牌這面男子公斤級柔道銀牌，同時也是台灣柔道史上首面奧運獎牌感謝楊勇緯選手，與所有代表隊隊職員打拚讓我們繼續為台灣選手加油」備註台灣選手加油
53,富邦集團祭助威金「柔道男神」楊勇緯萬美元入袋萬千華台北報導東京奧運於今日正式開幕，富邦集團為鼓舞士氣，宣布將設置金牌萬美元銀牌萬美元銅牌萬美元富邦助威金而富邦金控及台灣大哥大贊助柔道選手楊勇緯拿下台灣第一銀牌，也代表有萬美元獎金入袋富邦集團暨台灣大哥大董事長蔡明忠表示，時值富邦週年，今年提出富邦金控四大願景，期盼能發揮企業影響力帶領社會往永續邁進，支持菁英選手挑戰世界運動員挑戰自我極限，在國際舞台上展現台灣能量富邦金控自年起贊助潘政琮及郭婞淳，台灣大哥大也贊助支持郭婞淳徐薇淩李旻詹詠然詹皓晴楊勇緯等選手，此次同步征戰奧運，富邦及台灣大感到與有榮焉，也分別設置富邦助威金，祝福他們此次出征東京奧運旗開得勝，再創榮耀台灣大哥大贊助「柔道男神」楊勇緯也於奧運開幕第一天拿下台灣第一面銀牌，同時也是台灣史上首面柔道獎牌除了榮耀之外，也代表將有萬美元獎金入袋接下來還可以關注「舉重女神」郭婞淳高球好手潘政琮高球女將徐薇淩李旻表現三度問鼎奧運郭婞淳表示，自備戰以來，努力讓自己身心狀態調整到最好，現在迫不及待想站上奧運舉重舞台，展現自己訓練成果，希望能再次締造佳績
54,大家好本屆奧運勇奪首面獎牌楊仔楊勇緯不管身材顏值都是一等一尤其是柔道服被扯開那片胸吖斯突然想到號稱甲甲天堂台灣每天都有大量甲甲出櫃像楊這種選手是新一代甲甲天菜嗎有沒有卦
55,甲板最新一篇花癡文，一堆甲甲已經集體盯上了楊勇緯!還表示不管他本人性向正常還是甲甲，下面一堆甲在叫老公!而且不只想禍害楊勇緯，連楊勇緯爸爸和哥哥，都變成甲甲集體意淫對象甲甲夠了喔，因為你們管不住屌和屁眼，導致疫情擴散全台陪甲甲坐牢，甚至最近連一個三歲小蘿莉都被甲甲禍害了!現在又開始集體意淫我們台灣之光!如果楊勇緯在網路上收到美女照片要跟他交友真要很小心!因為就有甲甲會假裝是美女來騙性向正常男生屌照嘔嘔嘔
56,引述公鯊小之銘言東奧楊勇緯奪銀他家窄巷有福了台中市府將另闢維生道路市長盧秀燕立委楊瓊瓔與市議員陳本添第一時間就到楊家恭賀后里區三豐路巷約有戶左右居民，不少住戶是軍眷第二代，巷弄兩側房屋老舊，路幅狹小，消防車難以進入據了解，楊家兄弟學習柔道多年，鄰居都知道兄弟常比賽得牌，有次楊勇緯要前往黎巴嫩首都貝魯特參賽，但家中難以負擔萬元旅費，郭明洲得知後自己贊助萬元，邀集豐興鋼鐵正隆紙廠跟友達電子贊助萬元，楊父負擔萬元，讓楊勇緯順利成行，昨日楊勇緯創下佳績，鄰居同感喜悅，也替改善社區環境帶來曙光，算是他對鄉親最好回報郭明洲說，巷開設維生系統道路歷任三任市長都無法動工，盧秀燕上任後，規劃從另一側以前五分車鐵道，開設一條維生系統道路這就是為什麼台灣是體育沙漠台灣政府只會錦上添花從來不會雪中送炭除非自己逆天，有辦法拿牌那各種福利，獎勵都會跟上自己拿不了牌運氣好一點去國中小當個約聘教練運氣不好，工地粗工鬼才要玩體育一堆協會都是家族企業整匹都自己人家族產業鏈正常人去參與體育頭撞到是不是
57,閔文昱柔道型男楊勇緯奧運奪銀「台湾選手」登日本推特熱議楊勇緯日出賽東京奧運柔道公斤勇闖金牌戰，面對日本高藤直壽，楊勇緯延長賽被判次指導落敗，獲得銀牌而楊勇緯精湛技巧及帥氣外表，馬上吸引不少人關注，除了台灣民眾外，就連日本觀眾也為之瘋狂，「台湾選手」一詞更登上日本推特熱門趨勢除了「台湾選手」登上日本推特熱門趨勢外，在推特打上楊勇緯還會出現「帥」日文，顯示楊勇緯在日本累積超高人氣楊勇緯首戰面對保加利亞傑什夫，雙方一路鏖戰到延長賽，楊勇緯成功壓制住傑什夫秒，最終以比落勝強遭遇難纏茨亞卡杜阿，楊勇緯開局進攻猛烈，最終以壓制取勝強面對法國姆凱德澤，進入延長賽中楊勇緯差點遭對手翻摔成功，之後法國選手領到第次指導，楊勇緯持續施加壓力，壓制秒獲勝，進軍金牌戰楊勇緯決賽面對日本高藤直壽，雙方一開始許多試探，楊勇緯先嘗試勾腿並嘗試過肩摔，雙方側身試探都沒收到效果，雙方在常規分鐘內都沒能得分，進入延長賽，但楊勇緯有次指導處於劣勢延長賽雙方仍僵持，楊勇緯抓到機會採取壓制，但沒有效果，楊勇緯最終被判指導次落敗
58,東奧楊勇緯奪銀他家窄巷有福了台中市府將另闢維生道路張軒哲台中報導張軒哲台中報導出身台中市台灣選手楊勇緯昨日在東奧柔道金牌戰不敵地主日本名將高藤直壽，仍創下我國奧運首面銀牌佳績，窄巷鄰居放鞭炮慶祝同賀由於楊家經濟不寬裕，前幾年楊勇緯要遠赴黎巴嫩參賽盤纏不足，廣福里長郭明洲邀集在地企業相助，讓他能順利成行由於三豐路巷是老舊社區，連消防車都無法進入，市長盧秀燕昨夜也指出，已規劃從另外一側開設維生道路楊勇緯以成績回報鄉親，傳為地方佳話楊勇緯是屏東獅子鄉排灣族人，但從小在后里成長，受到具有柔道專長媽媽楊秀鳳和哥哥楊俊霆影響，就讀后里國小三年級時接觸柔道及投入訓練，屢次代表台中參賽奪佳績，市長盧秀燕立委楊瓊瓔與市議員陳本添第一時間就到楊家恭賀后里區三豐路巷約有戶左右居民，不少住戶是軍眷第二代，巷弄兩側房屋老舊，路幅狹小，消防車難以進入據了解，楊家兄弟學習柔道多年，鄰居都知道兄弟常比賽得牌，有次楊勇緯要前往黎巴嫩首都貝魯特參賽，但家中難以負擔萬元旅費，郭明洲得知後自己贊助萬元，邀集豐興鋼鐵正隆紙廠跟友達電子贊助萬元，楊父負擔萬元，讓楊勇緯順利成行，昨日楊勇緯創下佳績，鄰居同感喜悅，也替改善社區環境帶來曙光，算是他對鄉親最好回報郭明洲說，巷開設維生系統道路歷任三任市長都無法動工，盧秀燕上任後，規劃從另一側以前五分車鐵道，開設一條維生系統道路
59,地方中心王煌忠賴文忠台中報導東奧銀牌楊勇緯自拍謝國人型男高中未交女友原因曝光母校公開青澀照完整新聞內文東京奧運開戰第首日，台灣「柔道男神」楊勇緯在男子公斤級賽事中，過關斬將挺進冠軍戰，雖敗給日本好手高藤直壽，仍締造台灣柔道史首面奧運獎牌，楊勇緯上午透過自拍影片對支持者表達感謝之意而楊勇緯高中時期教練也加碼爆料，他長相帥氣深受女學生喜愛，「是我禁止他交女友」台灣好手楊勇緯順利在奧運柔道拿下銀牌體育署提供楊勇緯委由父親轉交自拍影片表示，感謝大家昨透過電視為他加油，很開心能為台灣拿下第一面奧運銀牌，其實自己目標是金牌，心裡雖然有一點遺憾，但這也會是他前進巴黎奧運動力之一謝謝大家，請大家多關心柔道，為台灣柔道選手加油楊勇緯昔日教練新民高中柔道教練林世玄表示，楊勇緯就學受訓期間，只要教練說甚麼他就做甚麼，還會追根究底，自我加強，聽從教練老師指引，並且一一去完成林世玄也爆料，楊勇緯並沒有叛逆期，在校期間很乖，卻因為長相帥氣，屬於形男類型，深受校內女同學喜愛，「我唯一只有禁止他不能談戀愛，因為他要踏上國際舞台，絕對要專注在柔道訓練上，不可以分心，所以他在高中時期沒有交過女友」新民高中柔道總教練林士玄表示，楊勇緯非常認真正規訓練結束後會自己留下來加強體能或技術訓練賴文忠攝林世玄表示，勇緯高一入學時就接受公斤級訓練，接連二屆在全中運公斤級獲得金牌，「升高三時我堅決要求他跨級參加全國柔道錦標賽公斤級，體驗不同力量動作，當時他體重不到公斤，礙於體型力量與該級距不同，我鼓勵他要去挑戰去突破，為將來鋪路，所以他每一場都贏得很驚險，也拿下冠軍」林世玄表示，所有運動員在訓練過程中都會遭遇坎坷，同樣勇緯也有遇到瓶頸，但他們都會透過登場比賽獲得成果，來化解訓練階段遭受瓶頸坎坷，外人常說「運動員都是頭腦簡單四肢發達」，但我覺得這是錯誤觀念，運動孩子都非常精明，勇緯高中三年學科成績，在班上都保持前三名楊勇緯在母校新民高中練習新民高中提供其實楊勇緯哥哥楊俊霆也是柔道選手，大楊勇緯二屆，也曾奪得全中運金牌，兩兄弟從來不曾遲到，除了既定訓練課程外，也會自主訓練，林世玄直言不諱表示，兩兄弟感情非常好，而且楊俊霆柔道技術比楊勇緯還棒，但是楊俊霆意志力不夠，在體型上勇緯比較佔優勢，最後由哥哥擔任陪練員，達到互補效果新民高中董事長劉昭惠表示，台灣柔道隊組成是相當辛酸，每個學校都要去國中找選手，教練也要去了解每個選手家庭背景以及所需，大部分柔道學生家境都不寬裕，因此選手學費吃住都由學校免費提供，楊勇緯能夠勇奪奧運銀牌，對學校是極大榮耀楊勇緯年代表新民高中拿下全中運團體第三名賴文忠攝楊勇緯參加年高雄全運會獲獎新民高中提供楊勇緯參加全中運柔道冠軍與父母合影新民高中提供「十年磨一劍」，新民高中校長薛光豐表示，昨天校友在電視機前看到楊勇緯奪得奧運銀牌，大家對於他拚戰精神不禁感動哭了，記得當時他畢業時曾說過，今天我以新民為榮，未來我要讓新民以為為榮，薛光豐與有榮焉表示，今天勇緯做到了薛光豐表示，勇緯過去在新民高中就學時，每天清晨就由教練帶領進行體能訓練，樓上樓下到處去跑，養成他對意志力搏鬥，所以我們邀請他返校對學弟學妹進行指導，勇緯也義不容辭，希望能栽培更多柔道選手地方中心王煌忠賴文忠台中報導發稿時間完整新聞或短網址備註早就說過不近女色才能獲得好成績肥宅以後也能成大事
60,台灣柔道第一楊勇緯地表最強男人力王都幾你覺得對決誰會贏
61,乳蹄剛剛聽到鄰居伯伯說楊勇緯生對時代才能參加奧運他們那代最青春年齡都要奉獻給國軍如果是以前每個人都是兩年兵有人還三年歲還在營區還軍旅債當兵前後哪有時間給你練習你體力好早就在連集合場操你棉被操了因為這代兵役縮得跟夏令營一樣他才有機會比賽老人說楊勇緯生對時代才能參加奧運才能拿牌怎麼反駁
62,中央廣播電台張緒華楊勇緯東奧奪銀母親讓世界看到台灣柔道成績台中「柔道男神」楊勇緯首次出征東奧，今天日即為台灣奪下銀牌，他母親在比賽後出面接受採訪時表示，楊勇緯努力，有拚到想要路及目標，更讓全世界看到台灣柔道成績楊勇緯與「台中女力」林真豪兩人都取得東京奧運參賽門票，分別參加男子組公斤級及女子組公斤級競賽，林真豪在復活賽中失利未能奪牌，而楊勇緯則一路過關斬將奪下銀牌，是台灣在歷屆奧運柔道賽中最佳成績楊勇緯父母很低調，今天都在台中家中觀看兒子比賽，直到楊勇緯確定奪牌後，他父親許鴻明與母親楊秀鳳才步出家門接受媒體採訪楊秀鳳掩不住興奮表示，看到楊勇緯奪牌真很高興，楊勇緯能奪牌要感謝他自己，有拚到自己想要路，達到自己目標雖然楊勇緯在冠亞軍賽中沒能拿下金牌，楊秀鳳認為，奧運不是只有這一次，以後還有機會，這次也讓全世界看到台灣柔道成績楊勇緯在新民高中時柔道教練林士玄今天也一直關注楊勇緯比賽，他說，一直對楊勇緯深具信心，這個孩子很聽話，叫他做什麼都會做到，還會自己加強，靠自己不斷努力，在過去國內外比賽中，已經展露出成績來
63,一群刁民這不過在洗白而已不用緊張得牌後會進總統府現在不努力洗白恭喜安撫比完進總統府不就尷尬我敢保證戴到時候進總統府表揚時乖跟總統養貓一樣吭都不敢吭只能在靠靠杯而已
64,奪牌這種開心事，身為國家元首發文慶賀也是理所應當，被說蹭還不是因為波這波疫情搞到民心背離但是除了蹭之外，希望小英總統記得提醒現在日本迷妹很多，千萬不要讓那些迷妹太靠近，不然選手們如果因為這樣確診，他們回國妳一定跟黑到底奧委會一起黑引述之銘言蔡英文挺台灣隊大家辛苦了釣楊勇緯「現身」全場暴動三立體育中心藍詩孟報導東京奧運日正式開打排灣族柔道國手楊勇緯替中華隊奪下第一面獎牌，在男子柔道公斤級獲得亞軍，為台灣爭光，人氣也跟著直線飆升，粉絲一路漲到萬昨日總統蔡英文也在臉書發文，替中華隊選手們加油，意外釣出「楊勇緯」在底下留言，網友看了也暴動瘋喊「台灣之光」總統蔡英文昨晚點發文，在臉書上寫道「東京奧運開幕後隔天，就有許多台灣好手上陣今天大家精采表現，讓我們目不暇給，感謝所有選手努力」蔡英文表示，從早一路拚搏到晚柔道賽事，緊湊而扣人心弦她也恭喜奪下銀牌選手楊勇緯，更替首度出戰柔道女將林真豪打氣除此之外，蔡英文還紛紛標記國手們，給予支持和鼓勵，「沒晉級選手也請別氣餒，在奧運賽場上，每一場競技，都已經是力與美最頂尖展現了無論勝負如何，謝謝所有代表台灣登上奧運殿堂選手們，大家都辛苦了」網友看了也紛紛留言，「希望有一天，會場上可以升起真正屬於台灣國旗加油」「期待不久將來台灣也可以舉辦奧運」「台灣隊每一位加油」「哇好多台灣之光台灣隊繼續努力為台灣拿獎牌，加油」「台灣隊氣勢如虹先奪銀牌，帶給全台灣隊信心大振，在日本東奧發光發亮，讓國際各國刮目相看大家為台灣隊加油」另外，楊勇緯粉絲專頁小編也在底下幫楊勇緯留言，「謝謝總統應援和鼓勵邀請大家一起繼續為其他台灣選手加油」，該則留言也吸引千百多名網友按讚，激動喊道「排灣族勇士台灣之光」?
65,引述之銘言昨天代表台灣去參加柔道奧運運動選手楊勇緯，恭喜他獲得銀牌超級帥，實力又強楊勇緯有什麼霸氣綽號看新聞標題是有寫排灣族勇士還有其他綽號嘛有沒有卦呢大家快點給他封號!!因為一定會採用給封號新聞楊勇緯奧運銀牌網友封他為!!!大家快再推文留下自己想要號稱他封號快來看
66,昨天代表台灣去參加柔道奧運運動選手楊勇緯，恭喜他獲得銀牌超級帥，實力又強楊勇緯有什麼霸氣綽號看新聞標題是有寫排灣族勇士還有其他綽號嘛有沒有卦呢
67,欸欸奧運國手得銀牌為台灣爭光好形象跟好外表國外媒體跟網友都說帥哥勇緯是不是超勇超會柔道????有八卦嗎?
68,笑死八卦白藍粉中國小粉紅水準根本被台灣台北運動員打臉打爆然後還一堆在喊臉書治國連總統職權都不懂還在下限總統職權主管外交國防奧運就是外交最好場合蔡總統英文發文祝賀正好是行使總統職權好嗎還在亂酸亂罵可憐呀這幾天台灣週邊颱風影響風向不好中共應該也不太繞發發臉書沒太大問題吧其他內政當蘇光頭是看板喔有院長蘇貞昌大家好安心引述之銘言蔡英文挺台灣隊大家辛苦了釣楊勇緯「現身」全場暴動三立體育中心藍詩孟報導東京奧運日正式開打排灣族柔道國手楊勇緯替中華隊奪下第一面獎牌，在男子柔道公斤級獲得亞軍，為台灣爭光，人氣也跟著直線飆升，粉絲一路漲到萬昨日總統蔡英文也在臉書發文，替中華隊選手們加油，意外釣出「楊勇緯」在底下留言，網友看了也暴動瘋喊「台灣之光」總統蔡英文昨晚點發文，在臉書上寫道「東京奧運開幕後隔天，就有許多台灣好手上陣今天大家精采表現，讓我們目不暇給，感謝所有選手努力」蔡英文表示，從早一路拚搏到晚柔道賽事，緊湊而扣人心弦她也恭喜奪下銀牌選手楊勇緯，更替首度出戰柔道女將林真豪打氣除此之外，蔡英文還紛紛標記國手們，給予支持和鼓勵，「沒晉級選手也請別氣餒，在奧運賽場上，每一場競技，都已經是力與美最頂尖展現了無論勝負如何，謝謝所有代表台灣登上奧運殿堂選手們，大家都辛苦了」網友看了也紛紛留言，「希望有一天，會場上可以升起真正屬於台灣國旗加油」「期待不久將來台灣也可以舉辦奧運」「台灣隊每一位加油」「哇好多台灣之光台灣隊繼續努力為台灣拿獎牌，加油」「台灣隊氣勢如虹先奪銀牌，帶給全台灣隊信心大振，在日本東奧發光發亮，讓國際各國刮目相看大家為台灣隊加油」另外，楊勇緯粉絲專頁小編也在底下幫楊勇緯留言，「謝謝總統應援和鼓勵邀請大家一起繼續為其他台灣選手加油」，該則留言也吸引千百多名網友按讚，激動喊道「排灣族勇士台灣之光」?天才小釣手專用箋
69,新聞在那邊炒半天結果我看照片很普通啊加分仔不是都長這樣還超矮健身房一堆更高更帥更壯吧日女是沒看過男人
70,引述之銘言將楊勇緯狹路相逢一言不合打起來話誰會勝出我看心得對這種柔到出身一般都會拉開距離儘量不要被帶入地板因此楊宗緯如果能拉開距離一個回合分鐘把他拖掉至少平手吧
71,楊宗緯過去星光幫實力唱將之一第二眼帥哥山頂洞人如果跟我國奧運銀牌小將楊勇緯狹路相逢一言不合打起來話誰會勝出
72,三立體育中心藍詩孟報導蔡英文挺台灣隊大家辛苦了釣楊勇緯「現身」全場暴動完整新聞內文東京奧運日正式開打排灣族柔道國手楊勇緯替中華隊奪下第一面獎牌，在男子柔道公斤級獲得亞軍，為台灣爭光，人氣也跟著直線飆升，粉絲一路漲到萬昨日總統蔡英文也在臉書發文，替中華隊選手們加油，意外釣出「楊勇緯」在底下留言，網友看了也暴動瘋喊「台灣之光」總統蔡英文昨晚點發文，在臉書上寫道「東京奧運開幕後隔天，就有許多台灣好手上陣今天大家精采表現，讓我們目不暇給，感謝所有選手努力」蔡英文表示，從早一路拚搏到晚柔道賽事，緊湊而扣人心弦她也恭喜奪下銀牌選手楊勇緯，更替首度出戰柔道女將林真豪打氣除此之外，蔡英文還紛紛標記國手們，給予支持和鼓勵，「沒晉級選手也請別氣餒，在奧運賽場上，每一場競技，都已經是力與美最頂尖展現了無論勝負如何，謝謝所有代表台灣登上奧運殿堂選手們，大家都辛苦了」網友看了也紛紛留言，「希望有一天，會場上可以升起真正屬於台灣國旗加油」「期待不久將來台灣也可以舉辦奧運」「台灣隊每一位加油」「哇好多台灣之光台灣隊繼續努力為台灣拿獎牌，加油」「台灣隊氣勢如虹先奪銀牌，帶給全台灣隊信心大振，在日本東奧發光發亮，讓國際各國刮目相看大家為台灣隊加油」另外，楊勇緯粉絲專頁小編也在底下幫楊勇緯留言，「謝謝總統應援和鼓勵邀請大家一起繼續為其他台灣選手加油」，該則留言也吸引千百多名網友按讚，激動喊道「排灣族勇士台灣之光」完整新聞或短網址備註中國台灣隊加油!!!!!
73,館長身材佔優勢楊勇緯年輕力壯如果館長跟楊勇緯打一場話誰會獲勝呢楊勇緯可以把館長過肩摔嗎館長年連續獲得「臺灣搏擊散打中正盃」冠軍「新竹市長盃」搏擊散打冠軍「武狀元盃」無限量級冠軍楊勇緯年亞洲青年柔道錦標賽公斤級銅牌年青島柔道大獎賽公斤級銅牌年亞洲青年柔道錦標賽公斤級金牌年亞洲台北柔道公開賽公斤級金牌年亞洲運動會公斤級銅牌年烏茲別克塔什干大獎賽公斤級銅牌年亞洲香港柔道公開賽公斤級金牌年亞太柔道錦標賽公斤級銀牌年呼和浩特柔道大獎賽公斤級銀牌年布達佩斯柔道大獎賽公斤級銅牌年亞洲台北柔道公開賽公斤級銅牌年烏茲別克塔什干柔道大獎賽公斤級銅牌年大阪柔道大滿貫公斤級銅牌年德國杜賽道夫柔道大滿貫公斤級銀牌年卡達杜哈柔道大師賽公斤級銀牌年安塔利亞柔道大滿貫公斤級銅牌年亞洲大洋洲柔道錦標賽公斤級銀牌年夏季奧林匹克運動會柔道比賽公斤級銀牌
74,中國億人口，為什麼中國培養不出楊勇緯等級男子柔道選手，昨天柔道公斤級金銀銅牌都沒有中國選手有沒有八卦
75,身高根本不是問題看柔道日本美眉最好是在看身高又不是在看籃球賽會去看柔道肯定就是在等待男男互相糾纏在那一瞬間忽然被扯開柔道服露出誘人各種肌一方面滿足腐女愛一方面滿足肉食女渴望看看那腹肌那線條分明若有似無彌漫在空氣中男性荷爾蒙什麼老攻有我們緯緯老攻這麼勇嗎而且某部動漫不是說柔道選手可以練到兼具持久力跟爆發力粉紅肌一個男人滿足你多種願望引述之銘言新聞雲楊舒帆柔道男神楊勇緯吸睛日本女網友暴動帥得讓人喘不過氣完整新聞內文楊勇緯圖體育署提供楊勇緯排灣族型男楊勇緯長太帥，四強賽浴血奮戰闖關金牌賽最後收銀牌，連日本社群網站都瘋狂，推特打上楊勇緯搜尋後就會跟上「帥」日文楊勇緯帥氣外型受到日本網友注意，尤其跟金牌戰交手日本里約奧運銅牌好手高藤直壽，再度引起熱議其實楊勇緯帥，早在日本柔道界傳開，他過往到日本訓練時，就很多粉絲搶著跟他拍照柔道男神楊勇緯圖截自楊勇緯柔道男神楊勇緯圖截自楊勇緯日本網友發文「台灣楊勇緯選手太帥了，我會愛上他」「柔道少年楊君，是很清爽帥哥，在腐女間人氣會爆發當偶像也可以吧冠軍賽對日本代表高藤桑，台灣柔道史上第一面獎牌確定拿到了」還有網友追蹤楊勇緯，轉貼照片說，「帥得讓人喘不過氣」也有網友指出，「楊勇緯跟日本跳遠好手橋岡優輝一樣帥」「我想支持台灣，但我也希望高藤可以拿金牌」柔道男神楊勇緯圖截自楊勇緯完整新聞或短網址備註一個人三天只能張貼一則新聞，，，備註
76,楊勇緯得到奧運銀牌好像應此上了日本熱搜欸那麼日本女孩初音會喜歡他嗎應為我看初音上次還偷偷躲在他後面欸
77,之前大谷表現很好時候肥宅都說他是處男才這麼厲害那我國台男楊勇緯身處淫亂體育系能守住童貞機率有多高個人認為他一定破色戒了不然今天早就奧運金牌了為了三年後金牌他回國後肥宅們該監督他身旁台女
78,恭喜我們楊勇緯拿到第一面銀牌雖然不是金牌很可惜但是他像貓咪一樣這樣蹭獎牌根本就是傑出一手吧現在粉絲已經萬了看起來不分男女內褲都濕一片了有沒有蹭獎牌這個動作八卦啊
79,贏楊勇緯高藤未豪快勝出但這就是我柔道中央社楊明珠東京日專電台灣柔道選手楊勇緯在公斤級金牌戰延長賽收下第張指導，輸給日本高藤直壽高藤受訪時坦言，沒能豪快勝出，但「這就是我柔道，今後以金牌得主身份持續磨練」東京奧運今天在柔道項目中，男子公斤級比賽，楊勇緯在決賽時對上高藤，兩人在延長賽時楊勇緯收下第張指導後，高藤奪金，是日本在這次東奧第一面金牌這也是日本在奧運男子柔道公斤級賽事中，自年雅典奧運以來，時隔年金牌雅典奧運在此項目中奪金牌是達成奧運連霸野村忠宏高藤今天在勝出後，接受媒體採訪時表示「真很感謝，這是我獲得各界支持結果真添了教練古根川實監督井上康生很多麻煩，現在能有成果，實在太好了這也是托此次奧運舉辦之福雖然我沒能豪快勝出，但這就是我柔道感謝至今支持我人，今後我會以金牌得主身份持續磨練柔道」現年歲高藤直壽，身高公分，生於日本櫪木縣，就讀東海大學相模高中東海大學年在里約奧運奪銅牌在年世界柔道錦標賽中奪冠中央社
80,上一個帥到一堆櫻花妹應該就是江宏傑了我想櫻花妹迷戀台男之類福原愛身為過來人一定很懂她會對同胞們迷戀楊勇緯行為翻白眼還是也覺得勇緯很帥沒毛病
81,現在楊勇緯在日女界名氣已經是大飆升了不過之前就有個台男娶日女但以悲劇收場案例如果又有日女說想嫁給楊勇緯大家會支持嗎還是珍惜生命遠離日女跟台女結婚比較保險
82,現在台灣體壇第一女寵兒不用說就是戴資穎，那楊勇緯經過這次奧運柔道金牌之戰，在台日兩國人氣急速飆升，現在追蹤已經破萬，他會成為台灣體壇新一代男寵兒，廣告代言接不停嗎?
83,陳容琛與哥哥通話忍不住落淚楊勇緯有遺憾但很開心楊勇緯特約攝影侯禕縉現場拍攝「雖然有些遺憾，但還是很開心」楊勇緯賽後表示今日他在奧運場上，寫下不少台灣新紀錄，包含首面奧運柔道獎牌，也是本屆台灣代表團首面獎牌，更刷新台灣最速奪牌紀錄，他笑說第一時間跟哥哥楊俊霆報告好消息楊勇緯笑說，有夢到過站上奧運頒獎台，如今真化成現實，「有點意想不到，尤其看到自己國家會旗在台上，心裡很感動」他更用獎牌抹臉，感受一下奧運獎牌溫度，「一路走來很不容易」一路闖進金牌戰他，最後因為吞下第張指導，不敵地主好手高藤直壽，但銀牌已經是台灣首面奧運柔道獎牌「其實跟他對戰過很多次，之前在日本移地訓練，都有交手過，對彼此很熟悉，這很可能這他們日本隊戰術，不讓我做寢技，所以比較難進攻到他」楊勇緯認為，吞下第次指導，這是日本隊策略在前往訪問路上，楊勇緯講電話落淚，心情有些激動，他透露剛剛跟哥哥楊俊霆通電話，自己有點忍不住，「很開心，他也承認我是最強，爸爸媽媽感覺也很開心，應該有落淚」他補充，「很感謝家人教練，還有陪伴我隊友朋友，給我很多鼓勵，在網路上為我加油」「我可以感受到那股力量，包含指導過我日本教練乙黑教練，每場他都會跟我說，這場選手型態怎麼樣，該怎麼去應對，讓我有現場指導感覺」楊勇緯說?&剛看影片楊勇緯賽後哭爆欸下次再加油很棒了
84,柔道選手轉戰綜合格鬥人大有人在，從早期奧運金牌吉田秀彥，這次日本奧運柔道隊總監督到後來或是現在，都曾經在界上引起不小話題，楊勇緯如果要轉戰，奧運銀牌是個非常好噱頭，當然，打擊技跟英文要好好練，磅雛量級未來等著他基爆這個影帝引述海瑟戈之銘言八卦板務請到檢舉板實名詢問張貼問卦，充實文章內容是否有專板，本板並非萬能問板一天只能張貼兩則問卦，自刪及被刪也算兩篇之內，將被，!本看板嚴格禁止政治問卦，發文問卦前請先仔細閱讀相關板規未滿繁體中文字，嚴重者以鬧板論，看完提醒請刪除+終極格鬥冠軍賽，規則非常簡單，除了不能用頭撞人挖眼吐痰把腳或手伸進對方口內攻擊用手指戳對手傷口攻擊脊椎或後腦，剩下判定勝負方式降服，如果沒有或降服才輪到裁判判定，用有效攻擊對手次數去判定勝負，裁判主觀判定範圍很小不會出現今天這種莫名其妙被判「消極不攻擊」情況發生在參賽者武術流派裡面，許多人多少都學習過日本柔術或巴西柔術，也有學太極或詠春武術家去參賽，然後被慘虐以前也有奧林匹克柔道金牌選手參加，但戰績普通因為是真槍實彈在打，不用搞一堆無聊得分技巧，那種靠技術性得分選手打很快就被打回原形也是目前世界上觀眾最多主流運動賽事之一，曝光度跟獎金都遠超過奧林匹克，那麼楊勇緯是不是可以考慮來參加台灣現在打格鬥員還是太少了有沒有卦?
85,羅惠齡擊敗楊勇緯高藤直壽竟已是爸爸級奪金背後故事有洋蔥完整新聞內文柔道男子公斤級金牌戰形成台日大戰，最後由日本高藤直壽奪金，台灣在為楊勇緯奮勇奪銀而開心時候，日本也為高藤直壽金牌而歡呼，因為這是地主日本在本屆奧運首金，而高藤直壽一直想在孩子面前證明自己是世界最強爸爸，這個目標，他終於在今天實現了是，歲高藤直壽已是育有女子爸爸，年里約奧運是他首次奧運體驗，不過，那時他僅奪得銅牌，沒能讓當時歲大兒子登喜壽看到金牌，他相當懊惱，對著訪問他媒體說「做為一個父親很抱歉，對不起」採訪結束後，他獨自到廁所大哭「絕不會忘記那一天」高藤直壽這麼想著，他在家中放了塊獎牌，塊是里約奧運銅牌，另塊是去年月，他教練吉田秀彥送手工製作金牌隨著新冠肺炎疫情擴大，這屆奧運到底會不會辦，沒有人打包票，但為了保持對參加奧運強烈心情，高藤直壽每天都看著這塊獎牌，去年兒子展示著自己在運動會拿到獎牌時對他說「爸爸為什麼不是金牌呢我拿是金牌哦」小孩無心一問，也激起了他勝負心現在高藤直壽除了大兒子，還有歲女兒，東奧之前，孩子們祝福他，也希望他成為世界第一強爸爸，還用紙摺了金牌祝福高藤直壽努力地迎向這一天，在這次比賽，他出賽場有場進入延長，共進行了分鐘秒激戰，才奪得這塊得來不易金牌，他憑著意志力成為了奧運冠軍，他說「我很高興在日本武道館贏得金牌」確定奪金那一刻，他臉上展現不是笑容，而是流著淚水跟教練緊緊抱在一起，也證明了自己是世界上最強爸爸完整新聞或短網址兒子講話好討厭
86,引述等於零之銘言如題一堆台女說沒直接不考慮我們台灣之光勇緯身高公分但為國爭光又有顏值是不是還是入不了台女眼有沒有八卦奧運金牌楊勇緯跟一個身高二軍夜店咖你信不信有一半以上台女會選老子在台灣生活這麼久早就看透了
87,聽說這次臺灣出席奧運會選手都是坐經濟艙而已還是住星級破爛旅館好比說這次拿銀牌楊勇緯雖然成績是非常耀眼但終究還是不比籤運好詹家姊妹花可以拿東京奧運雙打冠軍那這樣楊勇緯回來臺灣是可以升級到商務艙還是只能龜經濟艙備註為了看籤運好詹家姊妹花拿到東京奧運網球雙打金牌今天已經訂閱元運動套餐了之後要請假在家幫詹家姊妹花加油大家也一起幫忙集氣吧
88,新頭殼陳湘芸蔡英文致電賀楊勇緯東奧奪銀創歷史「等你回國接受表揚」完整新聞內文柔道國手楊勇緯替台灣奪下第一面東京奧運銀牌，晚間總統蔡英文晚間透過臉書恭喜楊勇緯，並親自致電給楊勇緯，「謝謝他努力，期待他回國接受表揚」蔡英文恭喜並稱讚楊勇緯締造了台灣歷史新紀錄，蔡英文表示，楊勇緯參加柔道男子公斤級項目，今天從早上拚戰到傍晚，一路闖關，最後勇奪銀牌這是本屆東京奧運台灣第一面獎牌，更是台灣柔道首度在奧運獲得獎牌另外，蔡英文也恭喜金牌得主日本高藤直壽選手，在奧運殿堂上，台日選手精采過招，世界頂尖競技，實在讓人感動完整新聞或短網址拿完銀牌沒事就趕快回來接受小英總統表揚吧
89,八卦板務請到檢舉板實名詢問張貼問卦，充實文章內容是否有專板，本板並非萬能問板一天只能張貼兩則問卦，自刪及被刪也算兩篇之內，將被，!本看板嚴格禁止政治問卦，發文問卦前請先仔細閱讀相關板規未滿繁體中文字，嚴重者以鬧板論，看完提醒請刪除+終極格鬥冠軍賽，規則非常簡單，除了不能用頭撞人挖眼吐痰把腳或手伸進對方口內攻擊用手指戳對手傷口攻擊脊椎或後腦，剩下判定勝負方式降服，如果沒有或降服才輪到裁判判定，用有效攻擊對手次數去判定勝負，裁判主觀判定範圍很小不會出現今天這種莫名其妙被判「消極不攻擊」情況發生在參賽者武術流派裡面，許多人多少都學習過日本柔術或巴西柔術，也有學太極或詠春武術家去參賽，然後被慘虐以前也有奧林匹克柔道金牌選手參加，但戰績普通因為是真槍實彈在打，不用搞一堆無聊得分技巧，那種靠技術性得分選手打很快就被打回原形也是目前世界上觀眾最多主流運動賽事之一，曝光度跟獎金都遠超過奧林匹克，那麼楊勇緯是不是可以考慮來參加台灣現在打格鬥員還是太少了有沒有卦?
90,哈囉想問大家如果楊勇緯搭商務倉會不會得金牌呢還是得銀牌還是不會得牌
91,奧運柔道比賽爆紅楊勇緯如果上綜藝大哥瓜哥節目綜藝大集合會發生什麼事呢裡面遊戲對奧運選手應該小菜一碟吧有沒有八卦
92,楊勇緯勇奪柔道銀牌讓台灣在東京奧運第一天就旗開得勝，也開啟了台灣柔道新里程碑剛剛看他突然暴增到七萬多追蹤，還被一堆日本人洗版，真是寒窗十年無人問，一舉成名天下知真是可喜可賀，以後大家講到新民高中，就會想到楊勇緯了嗎
93,引述之銘言新聞雲楊舒帆柔道男神楊勇緯吸睛日本女網友暴動帥得讓人喘不過氣完整新聞內文楊勇緯圖體育署提供楊勇緯排灣族型男楊勇緯長太帥，四強賽浴血奮戰闖關金牌賽最後收銀牌，連日本社群網站都瘋狂，推特打上楊勇緯搜尋後就會跟上「帥」日文楊勇緯帥氣外型受到日本網友注意，尤其跟金牌戰交手日本里約奧運銅牌好手高藤直壽，再度引起熱議其實楊勇緯帥，早在日本柔道界傳開，他過往到日本訓練時，就很多粉絲搶著跟他拍照柔道男神楊勇緯圖截自楊勇緯柔道男神楊勇緯圖截自楊勇緯日本網友發文「台灣楊勇緯選手太帥了，我會愛上他」「柔道少年楊君，是很清爽帥哥，在腐女間人氣會爆發當偶像也可以吧冠軍賽對日本代表高藤桑，台灣柔道史上第一面獎牌確定拿到了」還有網友追蹤楊勇緯，轉貼照片說，「帥得讓人喘不過氣」也有網友指出，「楊勇緯跟日本跳遠好手橋岡優輝一樣帥」「我想支持台灣，但我也希望高藤可以拿金牌」柔道男神楊勇緯圖截自楊勇緯完整新聞或短網址備註一個人三天只能張貼一則新聞，，，備註直接上日本推特熱搜啦這個點進去幾乎都是楊勇緯有人下午追蹤還三萬人，晚上已經五萬了有人說帥到想被摔不過他真是日本人喜歡型啦，帥帥陽光，又像貓咪會蹭獎牌有人說上面這張像旗下國民姐夫+日本近期爆紅男演員町田啓太
94,楊勇緯被裁判黑哨奪走他金牌但是有眼睛人都知道楊勇緯實力屌打日本大叔日本大叔靠規則保護才能不死，要是打真話日本大叔早就被打趴了我建議蘇貞昌要喚回民意話就主動升級楊勇緯銀牌為金牌，回國搬國光獎章獎金時候用金牌規格來搬楊勇緯本來就是金牌引述億載金城武之銘言蘇晏男台北報導全國狂賀蘇貞昌感謝「柔道男神」楊勇緯東奧奪銀創歷史完整新聞內文已經創造台灣柔道歷史，楊勇緯在本屆東京奧運闖進金牌戰，面對日本高藤直壽，楊勇緯延長賽被判次指導落敗，獲得銀牌對此，行政院長蘇貞昌在臉書盛讚，這面男子公斤級柔道銀牌，同時也是台灣柔道史上首面奧運獎牌感謝楊勇緯選手前三場都是以壓制取勝楊勇緯，決賽面對高藤直壽，雙方一開始許多試探，楊勇緯先嘗試勾腿並嘗試過肩摔，雙方側身試探都沒收到效果，雙方在常規分鐘內都沒能得分，進入延長賽，但楊勇緯有次指導處於劣勢延長賽雙方仍僵持，楊勇緯抓到機會採取壓制，但沒有效果，楊勇緯最終被判指導次落敗即便未獲得金牌，楊勇緯也獲得全國民眾掌聲與鼓勵蘇貞昌在臉書盛讚，「來自台中后里有柔道男神稱號楊勇緯選手，獲得我國在本屆奧運首面獎牌這面男子公斤級柔道銀牌，同時也是台灣柔道史上首面奧運獎牌感謝楊勇緯選手，與所有代表隊隊職員打拚讓我們繼續為台灣選手加油」完整新聞或短網址備註一個人三天只能張貼一則新聞，，，備註
95,如題一堆台女說沒直接不考慮我們台灣之光勇緯身高公分但為國爭光又有顏值是不是還是入不了台女眼有沒有八卦
96,台中柔道館有殺人戰經驗，世界柔道二把手楊勇緯有能力踢館嗎?還是被慘摔次，醫院見?
97,王怡翔三立新聞東京奧運日柔道項目傳出捷報，台灣好手楊勇緯闖進金牌戰，雖然不敵日本好手高藤直壽，但楊勇緯拿下銀牌寫下台灣柔道史上新頁，也是東京奧運台灣第一面獎牌，總統蔡英文特別發文恭賀，直呼「實在讓人感動」楊勇緯今天一路過關斬將殺進金牌戰，刷新台灣柔道史上最佳成績，雖然在金牌戰不敵日本對手高藤直壽，但楊勇緯拿下銀牌仍是光榮紀錄總統蔡英文特別發文說「恭喜楊勇緯選手，締造了台灣歷史新紀錄參加柔道男子公斤級項目楊勇緯選手，今天從早上拚戰到傍晚，一路闖關，最後勇奪銀牌這是本屆東京奧運台灣第一面獎牌，更是台灣柔道首度在奧運獲得獎牌」蔡英文同時恭喜日本金牌得主，蔡總統說「我也要恭喜金牌得主日本高藤直壽選手在奧運殿堂上，台日選手精采過招，世界頂尖競技，實在讓人感動」?香蔡英文真香喔有錢有勢法律為你服務鴿子替你開路國庫任你擺佈人人搶著脫褲宅宅好生羨慕沒錢沒勢法律就是死路鴿子開單快速繳稅好生淚目天天朝九晚五望豪宅而哭哭有錢有勢小孩常常不學無術跟隨老爸腳步高中女人無數嘿咻不亦樂乎幹完送個禮物結婚眾人祝福沒錢沒勢小孩從小用功唸書體貼爸媽辛苦畢業庸庸碌碌薪水寥寥可數縱有好歸宿沒錢為人父母
98,大家都有看比賽吧所以我就不提供圖片了比賽最後結束時候日本選手高藤直壽帶領著小鮮肉楊勇緯把他手手舉起來阿謝謝世界觀眾看我們表演這個舉動怎感覺超假就好像日本人客套假掰感覺
99,新聞雲王真魚日本東京報導「讓世界看見台灣柔道」楊勇緯我要是金牌完整新聞內文楊勇緯圖體育署提供排灣族勇士楊勇緯日在本屆東京奧運闖進金牌戰，面對日本高藤直壽，延長賽被判次指導落敗，獲得銀牌，拿下台灣柔道隊史首面獎牌，開幕儀式隔天就拿牌，也刷新台灣最速紀錄賽後與教練劉文等擁抱，楊勇緯說「我們真做到了，讓全世界看到台灣柔道」他也霸氣表示，不會因為拿了銀牌就停下腳步，「我要是金牌」楊勇緯先是在強以壓制獲勝，金牌戰以技術性敗陣，他坦言，雖然有些遺憾，但還是很開心，「而且開心成分居多」有想過登上奧運獎台嗎楊勇緯笑說，做夢有夢過，真是意想不到，「看到自己國家會旗在台上，心裡很感動」他也興奮拿著獎牌抹臉，「感受一下，這一路走來很不容易」爸媽都在家裡看著他比賽，楊勇緯說，想感謝家人跟教練，「還有陪伴我隊友朋友，給我很多鼓勵，在網路上為我加油，我可以感受到那股力量」另外，他也提及指導過日本教練乙黑教練，「每場他都會跟我說，這場選手型態怎麼樣，該怎麼去應對，讓我有現場指導感覺」讓世界看到台灣柔道，楊勇緯認為，想法不能封閉，要保持開放學習心，「要多方面去嘗試不同領域，試著到陌生環境想辦法熟悉，讓它給你一些領悟或是啟發，想法就會反映在技術上面」他說「台灣柔道要有想法很重要，現在大家往國際在走，要把眼光放遠」未來他也希望跟連珍羚一樣，有機會能夠到日本進修完整新聞或短網址備註無
