﻿,Title,Anger,Anticipation,Disgust,Fear,Joy,Sadness,Surprise,Trust
0,李智凱秀妻子送他歲生日豪禮要當爸三立李鴻典台北報導恭喜李智凱秀妻子送他歲生日豪禮要當爸爸了完整新聞內文恭喜再恭喜歲體操國手鞍馬王子李智凱今日晚間在臉書曬出照片表示自己即將升格為人父照片中是他跟和妻子一起拿著超音波圖向粉絲分享這個天大好消,0.7251,5.4967,0.447,0.4347,6.0957,1.3124,5.8269,5.2276
1,台灣首位世界第鞍馬王子李智凱林岳甫台灣首位世界第鞍馬王子李智凱我會繼續努力完整新聞內文在東京奧運勇奪鞍馬銀牌為台灣寫下歷史新頁鞍馬王子李智凱如今再度締造生涯里程碑榮登國際體操總會鞍馬項目排名世界第他說我會繼續努力保持,0.499,7.0486,0.5004,0.3577,7.2615,0.8641,6.1154,6.7392
2,李智凱登鞍馬世界第恩師林育信報喜游郁香李智凱登鞍馬世界第恩師林育信報喜希望鼓勵小選手追夢完整新聞內文鞍馬王子李智凱以招牌動作湯瑪士迴旋奪下東奧銀牌完美落地讓國人一起見證他與恩師林育信年辛苦累積成果師徒兩人擁抱畫面感動人心林育信今日,0.8893,7.668,1.0379,0.7563,7.2815,1.3384,7.0499,6.5321
3,台灣李智凱奧運體操為什麼能贏歐美中國歐美中國算是體操大國歐美中國也投資很多資源在體操為什麼在台灣培訓被台灣教練訓練李智凱能夠在奧運體操鞍馬項目勝過歐美中國,0.0,0.0,0.0,0.0,0.0,0.0,0.0,0.0
4,李智凱敢挑戰街健嗎街健肌肉應用最高形式完美控制身體藝術相比之下體操簡直是平淡創意卻企圖以華麗表演來掩飾李智凱雖然拿到奧運銀牌了但是不是還是不敢挑戰街健有沒有卦,0.0,0.0,0.0,0.0,0.0,0.0,0.0,0.0
5,李智凱沒拍過武打片李智凱好像是上屆奧運就很有名選手他顏值和身手尤其是掃堂腿應該很適合拍武打功夫片吧怎麼沒成為男主,5.2093,0.0977,5.5036,5.718,0.7348,5.8055,0.1838,0.7988
6,中國體操鞍馬培養不出台灣李智凱等級選手最近覺青真蠻好笑中國拿銀作圖嘲笑中國拿銀牌洗版整天中國拿金金牌數第一關我屁事他國事務這種鴕鳥式愛台看到都覺得羞愧,7.613,0.4363,8.1667,7.9398,0.7051,7.5377,1.3637,1.9442
7,中國體操鞍馬培養不出台灣李智凱等級選手引述綠營重新執政之銘言中國不是算體操大國嗎為什麼李智凱能大勝中國鞍馬參賽者李智凱拿鞍馬銀牌中國選手連銅牌都沒有為什麼中國體操鞍馬培養不出台灣李智凱等級選手雖然知道是反串但無聊還是來嗆一下年後老人阿公阿嬤,0.0,0.0,0.0,0.0,0.0,0.0,0.0,0.0
8,中國體操鞍馬培養不出台灣李智凱等級選手中國不是算體操大國嗎為什麼李智凱能大勝中國鞍馬參賽者李智凱拿鞍馬銀牌中國選手連銅牌都沒有為什麼中國體操鞍馬培養不出台灣李智凱等級選手,0.0,0.0,0.0,0.0,0.0,0.0,0.0,0.0
9,李智凱完美落地摘銀謝長廷謝謝他實現他不是第一次提到奧運是他夢想這件事了而是三不五時遇到選手就會把這件事情拿出來說一下對奧運真很執著最早從年爭取舉辦奧運開始就有提到謝長廷台灣應爭取主辦年奧運年遇到日本奧運選手也提過新聞也有報導謝長廷會見日本冰,0.7458,7.033,0.9264,0.2766,7.1949,1.4924,6.958,6.2177
10,李智凱完美落地摘銀彭于晏第一時間引述楓糖蛋糕之銘言李智凱完美落地摘銀彭于晏第一時間傳訊字祝賀娛樂中心詹鎰睿報導我國台灣體操好手李智凱今日成功在東京奧運鞍馬項目奪下銀牌讓台灣全體人民紛紛祝賀慶祝對此曾在電影翻滾吧阿信飾演李智凱教練,0.8353,6.877,0.207,0.184,7.1551,0.9358,7.7031,5.6855
11,李智凱完美落地摘銀彭于晏第一時間李智凱完美落地摘銀彭于晏第一時間傳訊字祝賀娛樂中心詹鎰睿報導我國台灣體操好手李智凱今日成功在東京奧運鞍馬項目奪下銀牌讓台灣全體人民紛紛祝賀慶祝對此曾在電影翻滾吧阿信飾演李智凱教練林育信男星彭于晏,0.8353,6.877,0.207,0.184,7.1551,0.9358,7.7031,5.6855
12,李智凱完美落地摘銀謝長廷謝謝他實現這篇噓人真不知道是噓什麼小朋友謝長廷真在中學時期是練體操身為體操選手謝有參加過中上運動會全中運前身及省運會全運會前身前者拿下金牌後者銅牌吊環水準在當時有全國前三實力這些資料上都查到作為一個傑出體操選,0.0,0.0,0.0,0.0,0.0,0.0,0.0,0.0
13,李智凱國中都有交功課各位八卦版廢宅午安事情是這樣啦本帥帥剛剛看新聞看到新聞在訪問鞍馬王子李智凱國中老師他老師說他國中很乖事情都很肯做也不會因為自己練體操就不交作業這時我想到我當年國中時一堆廢物同學放學後都去打咖也都沒有寫作業人家李智凱體育班還,5.9026,0.0671,6.0153,5.8818,0.36,5.7502,0.3641,0.0974
14,李智凱完美落地摘銀謝長廷謝謝他實現東森新聞雲杜冠霖李智凱完美落地摘銀謝長廷謝謝他實現了我夢完整新聞內文在東京奧運體操鞍馬項目決賽中鞍馬王子李智凱使出高難度湯瑪士迴旋最後完美落地以總分分奪得銀牌也成為台灣史上首位拿下體操獎牌人對,0.5355,7.0361,0.7986,0.2141,7.4222,1.1834,6.9438,6.6686
15,李智凱苦練體操年你苦練了什麼引述火箭少女之銘言從翻滾吧男孩歲開始李智凱苦練體操年專精鞍馬項目幾乎年來天天跟鞍馬生活在一起到現在成為翻滾吧男人歲終於奧運奪銀你為了什麼也能夠苦練年呢有些事情不用為了出人頭地或是得獎才有動力一直苦練我認為最重要是心,0.5588,6.3977,0.2864,0.438,6.7001,1.3001,6.7978,5.9342
16,李智凱苦練體操年你苦練了什麼從翻滾吧男孩歲開始李智凱苦練體操年專精鞍馬項目幾乎年來天天跟鞍馬生活在一起到現在成為翻滾吧男人歲終於奧運奪銀你為了什麼也能夠苦練年呢,1.4759,7.0195,0.0958,1.2037,6.9031,1.6258,6.8162,5.86
17,小戴李智凱對羽球鞍馬貢獻都是開創性吧如題覺得今天兩個奧運銀牌某方面處境有點類似戴資穎和李智凱對羽球和鞍馬分別貢獻從整個運動發展角度來看應該都是開創性歷史性同樣都大大增加了運動觀賞性有趣性開創出新玩法和領域但是也同樣要面臨在爭取,0.6867,5.918,0.9786,0.7943,7.4232,1.2547,7.5892,5.3925
18,智智老公指的是李智凱嗎引述張阿月紅茶冰之銘言智智老公醬汁量普通大約有是濃稠米黃色像美乃滋一樣甜度很高有河流楓糖鳶尾草味道非常濃甜吃起來卻一點都不膩就像完美配合精心製作煉乳就像智智老公一樣聰明溫柔總是能給人暖暖驚喜這邊說智智老公指是,0.0,0.0,0.0,0.0,0.0,0.0,0.0,0.0
19,李智凱鞍馬摘銀蔡英文賴清德讚完美落丘采薇李智凱鞍馬摘銀蔡英文賴清德讚完美落地完整新聞內文我國鞍馬王子李智凱今晚在東京奧運鞍馬決賽獲得銀牌為中華隊拿下史上第一面奧運體操獎牌蔡英文總統及副總統賴清德都在臉書上祝賀賴清德表示李智凱湯瑪士迴旋,0.5316,6.7992,0.4983,0.1075,7.0964,1.1364,7.3045,6.0991
20,中華隊蔡英文李智凱翻滾那秒全台例如中央社至少要有來源或如法新社葉素萍中華隊蔡英文李智凱翻滾那秒全台灣都屏住呼吸完整新聞內文社論特稿都不能貼貼喔中央社葉素萍陳俊華台北日電鞍馬王子李智凱今天在東京奧運體操鞍馬項目摘下銀牌總統蔡英文說,0.2885,0.0446,0.1569,0.2184,0.1782,0.5334,0.2017,0.2189
21,李智凱奪銀感動落淚用小小力量讓世界看見台灣我已無遺憾李智凱奪銀感動落淚用小小力量讓世界看見台灣我已無遺憾運動雲王真魚日本東京報導鞍馬王子李智凱在年里約奧運不慎落馬儘管仍有心魔但化悲憤為力量年台北世大運奪金年雅加達亞運再奪隊史首,2.8273,6.547,2.6724,2.1547,7.5132,3.916,8.2184,6.6583
22,李智凱戰勝心魔奪銀成功拿出壓箱寶李智凱戰勝心魔奪銀成功拿出壓箱寶完美落地激動落淚年月日王真魚日本東京報導鞍馬王子李智凱在年里約奧運不慎落馬儘管仍有心魔但化悲憤為力量年台北世大運奪金年雅加達亞運再奪隊史首金今年二度闖奧運資格賽鞍馬,0.738,6.1692,0.5119,0.1783,6.7215,0.8548,6.5225,5.8487
23,李智凱銀牌今天真是太爽了每推發到爆翻滾吧台灣男孩希望今天晚上羽球有再一面金牌引述蜂蜜優格之銘言就在剛剛李智凱確定拿下銀牌啦李智凱鞍馬個人勇奪銀牌分突破預賽分數可惜輸給英國下一屆繼續加油這個社會一直在談家庭教育以及工作間平衡我辭職之後回,0.119,0.2676,0.1271,0.125,0.2475,0.1407,0.2175,0.2424
24,完美落地李智凱鞍馬奪銀牌台灣體操史上第人完美落地李智凱鞍馬奪銀牌台灣體操史上第人三立新聞王怡翔東京奧運體操鞍馬項目日進行決賽台灣好手李智凱出賽使出高難度湯瑪士迴旋李智凱完美落地總分分雖然無緣金牌但排名第二拿下銀牌是台灣首面體,0.4693,6.2755,0.6278,0.0965,7.2844,1.4092,7.3793,5.5589
25,李智凱是用胸做鞍馬動作嗎對體操知識全部都來自奧運高手當年分滿分現在也早就不是這規則了雖然印象最深還是主角托卡傑夫前空翻,0.7058,1.733,1.2527,0.4955,1.2774,0.834,1.8216,2.2013
26,艾迪彭會發文祝賀李智凱嗎不知道他會不會祝賀台灣第一面體操類奧運銀牌尤其是某國吊車尾項目有這方面消息嗎恭喜李智凱拿銀牌,0.0,0.0,0.0,0.0,0.0,0.0,0.0,0.0
27,李智凱鞍馬勇奪銀牌李智凱鞍馬個人勇奪銀牌分突破預賽分數可惜英國太鬼了不然金牌穩穩下一屆繼續加油,0.3075,0.2208,0.2345,0.3135,0.2856,0.3922,0.345,0.2164
28,李智凱銀牌就在剛剛李智凱確定拿下銀牌啦李智凱鞍馬個人勇奪銀牌分突破預賽分數可惜輸給英國下一屆繼續加油,0.2324,0.426,0.1994,0.2693,0.4578,0.3245,0.4664,0.4044
29,鞍馬決賽李智凱分鞍馬決賽李智凱獲得分目前暫列第二後面還有三名選手沒人比他高分話就銀牌了,0.0,0.0,0.0,0.0,0.0,0.0,0.0,0.0
30,聽說李智凱等等有一招秘密武器剛剛在看女子體操頒獎典禮等一下鞍馬王子就要登場了東森主播一直說李智凱有一招秘密武器動作從來沒有使用過而且難度超高大絕招保證驚天動地有人知道這個神秘大絕招是什麼嗎主角我本來不想用這招加油加油加油,0.0,0.0,0.0,0.0,0.0,0.0,0.0,0.0
31,不愧是奪金希望李智凱以鞍馬資格賽第不愧是奪金希望李智凱以鞍馬資格賽第名晉級決賽李智凱以資格賽最高分晉級鞍馬決賽資照圖片來源新聞網背負奪金希望台灣鞍馬王子李智凱今天在東京奧運體操男子資格賽出賽他在最被看好奪金鞍馬項目再度展現個人最拿手,0.0,0.0,0.0,0.0,0.0,0.0,0.0,0.0
32,中華隊東奧授旗戴資穎李智凱代表蔡英例如至少要有來源或如法新社謝孟儒中華隊東奧授旗戴資穎李智凱代表蔡英文勉勵贈萬加菜金完整新聞內文社論特稿都不能貼貼喔年月日羽球年終賽冠軍戴資穎圖提供謝孟儒第屆東京奧運將於月日至月日舉行我國代表隊備戰已進,0.0372,0.3207,0.0288,0.0151,0.3142,0.0461,0.3003,0.2855
