﻿,Title,Anger,Anticipation,Disgust,Fear,Joy,Sadness,Surprise,Trust
0,戴資穎復仇成功泰國公開賽金牌一點都不意外吧小戴從來最大敵人都是自己奧運對決時失誤一大堆偏偏陳手長腳長不好攻失誤太多就輸掉奧運啦今天看起來失誤較少就贏啦,0.2981,0.1436,0.306,0.3252,0.215,0.3976,0.2504,0.2103
1,戴資穎復仇成功泰國公開賽金牌引述瓜瓜瓜之銘言各位八卦版大大午安大家好戴資穎在泰國公開賽冠軍賽擊敗陳雨菲復仇成功啦第三局金牌啦爽世界羽球女單前十名實力本就在伯仲之間巡迴賽勝敗是兵家常事無所謂喜或憂為此傷和氣更不應該忽然有種看小戴贏一場就少看一場,0.8008,4.6547,0.5213,0.3385,5.4483,1.035,5.2931,4.7633
2,戴資穎拿下泰國公開賽冠軍引述之銘言戴資穎今天在泰國公開賽決賽面對中國好手陳雨菲大戰了三局最終以拿下冠軍野雞比賽冠軍含金量有奧運來多嗎笑死灣灣拿個野雞冠軍也可以自嗨真有那個實力當初奧運怎麼沒贏下來不過反正戴姿穎也是中國人冠軍戰也只是中國內,0.0,0.0,0.0,0.0,0.0,0.0,0.0,0.0
3,戴資穎復仇成功泰國公開賽金牌各位八卦版大大午安大家好戴資穎在泰國公開賽冠軍賽擊敗陳雨菲復仇成功啦第三局金牌啦爽,0.7889,4.7211,0.5136,0.3334,5.526,1.0196,5.3686,4.8312
4,戴資穎戴資穎在剛剛超級系列泰國公開賽冠軍戰以激戰三盤擊敗中國一姊陳雨菲奪冠報了奧運落敗之仇,0.6923,5.6341,0.7913,0.0618,5.6691,0.2447,5.8147,5.8472
5,戴資穎冠軍女單決賽復仇中國陳雨菲順利復仇省隊又打贏國家隊啦今晚來點世界冠軍,0.6017,6.6548,0.1687,0.4888,7.4633,1.3636,6.7677,5.7585
6,戴資穎拿下泰國公開賽冠軍戴資穎今天在泰國公開賽決賽面對中國好手陳雨菲大戰了三局最終以拿下冠軍,0.4586,0.6997,0.4477,0.374,0.7582,0.4504,0.7877,0.7684
7,泰國公開賽金牌戰戴資穎陳雨菲中華電信頻道就是現在羽球泰國公開賽金牌戰戴資穎在東京奧運後再次對上中國陳雨菲揪竟小戴這次能不能復仇呢小戴率先拿下第一局陳雨菲第二局勝進入第三局決勝負恭喜戴資穎勝利泰國公開賽冠軍,0.0,0.0,0.0,0.0,0.0,0.0,0.0,0.0
8,戴資穎再勝好友伊瑟儂明決賽找東奧金牌廖柏璋泰國羽球賽大逆轉戴資穎再勝好友伊瑟儂明決賽找東奧金牌陳雨菲復仇完整新聞內文去年東京奧運羽球女單賽事戴資穎在強賽和好友伊瑟儂激戰局險勝賽後雙方都累到躺在地上畫面成為經典而時隔後這組好友今天在泰國,0.3007,0.276,0.2923,0.2995,0.3749,0.3677,0.3515,0.3602
9,戴資穎搭經濟艙賴清德道歉代表國家引述優遊山林之銘言世界第一又怎樣花你我納稅錢獎金她拿走真拿牌國家養一輩子都是你我出錢拿牌有這麼容易今天是因為繳一筆稅出去明細你不知無感假如叫你每年拿一些錢出來養運動員大部分人一定不願意運動員本來就是,1.0111,5.0513,1.3415,1.7215,5.993,1.4193,5.4929,4.6895
10,今晚碰戴資穎領軍中華隊中國臥槽姐先新聞雲謝孟儒今晚碰戴資穎領軍中華隊中國臥槽姐先拿下小組第一完整新聞內文優霸盃女團賽小組賽今天將進行最後一場賽事中華女團要迎戰座冠軍中國女團我國一姐戴資穎有望交手中國一姐陳雨菲或是何冰嬌對此中國東奧銀牌,0.1195,7.2743,0.6589,0.4645,8.3515,1.2321,7.3344,7.425
11,戴資穎不洗積分了如題看到新聞說戴資穎快被山口茜超越讓出球后寶座了但小妹覺得奇怪大家都知道戴資穎沒拿什麼冠軍是拼命去小比賽洗積分才拿到球后怎麼最近突然不洗積分要讓出球后了呢掛推大支懶真奇妙就看你有沒有住陰道潮是怎麼吹尿為什麼飄推苞為什麼開推乳是,0.0,0.0,0.0,0.0,0.0,0.0,0.0,0.0
12,戴資穎是最爽銀牌嗎戰績不是最頂奧運被打假整天拍廣告這曝光率我還以為是金牌勒他是不是太爽了沒看過銀牌這麼多代言,0.0,0.0,0.0,0.0,0.0,0.0,0.0,0.0
13,戴資穎還有另項第一碩士論文年例如等非直接官方新聞不被允許中央廣播電台至少要有來源或如法新社陳國維戴資穎還有另項第一碩士論文年被下載次數最多完整新聞內文社論特稿都不能貼貼喔戴資穎還有另項第一碩士論文年被下載次數最多時間新聞引據採訪撰稿陳國,0.0,0.0,0.0,0.0,0.0,0.0,0.0,0.0
14,戴資穎和曾雅妮誰的球后含金量比較高如題誠心發問戴資穎曾雅妮這兩位都是台灣製造球后一個迅捷輕靈一個勢大力沉風格不同但都是球后這兩人誰含金量更高呢誰球后地位更穩固一點捏誠心發問勿鬧,0.293,0.7033,0.3607,0.3396,0.8369,0.439,0.6822,1.0014
15,全英羽賽遭天才少女安洗瑩擊退戴資穎引述騎山豬撞教官之銘言又是這咖喔老實說我不太想討論她所有關於她討論我認為在奧運就應該結束了講明白點她時代結束了她本來資質算是不錯也足夠努力可惜後來和幫陳漢典合作拍廣告沾染了演藝圈習氣功力就大幅退步了其實這種例,6.2287,0.5318,6.4639,6.9424,0.0939,6.7563,1.2941,1.3921
16,欸別酸戴資穎多久沒拿冠軍了如題身為現任世界球后戴資穎應該偶爾要拿個冠軍吧但最近看到都是惜敗新聞所以想知道戴資穎上次拿冠軍是什麼時候吧噢打大學生比賽先不算謝謝別酸噢謝謝推大支懶真奇妙就看你有沒有住陰道潮是怎麼吹尿為什麼飄推苞為什麼開推乳是怎麼搖,0.0,0.0,0.0,0.0,0.0,0.0,0.0,0.0
17,戴資穎當初放棄世錦賽打世大運虐菜算錯引述之銘言戴資穎羽球積分球后目前尚未拿到奧運冠軍世錦賽冠軍球后純度不夠戴資穎當初放棄世錦賽打世大運虐菜是不是打錯算盤雖然打世大運可以台灣價值滿分廣告接很多這有什麼好問柿子挑軟吃打世大運輕鬆奪冠媒體造神民,0.0,0.0,0.0,0.0,0.0,0.0,0.0,0.0
18,戴資穎當初放棄世錦賽打世大運虐菜失算戴資穎羽球積分球后目前尚未拿到奧運冠軍世錦賽冠軍球后純度不夠戴資穎當初放棄世錦賽打世大運虐菜是不是打錯算盤雖然打世大運可以台灣價值滿分廣告接很多,0.0,0.0,0.0,0.0,0.0,0.0,0.0,0.0
19,全英羽賽遭天才少女安洗瑩擊退戴資穎又是這咖喔老實說我不太想討論她所有關於她討論我認為在奧運就應該結束了講明白點她時代結束了她本來資質算是不錯也足夠努力可惜後來和幫陳漢典合作拍廣告沾染了演藝圈習氣功力就大幅退步了其實這種例子屢見不鮮鄒市明劉翔李,6.2287,0.5318,6.4639,6.9424,0.0939,6.7563,1.2941,1.3921
20,全英羽賽遭天才少女安洗瑩擊退戴資穎聯合劉肇育全英羽賽遭天才少女安洗瑩擊退戴資穎無緣第冠完整新聞內文我國世界球后戴資穎今天在全英公開賽女單強遭遇南韓天才少女安洗瑩在兩局賽事中安洗瑩都展現十足防守韌性讓戴資穎難以突破最終安洗瑩就以勝出,0.7907,0.0207,0.8624,0.8931,0.2625,0.99,0.3885,0.0963
21,戴資穎全英公開賽止步四強戴資穎今天在全英公開賽四強面對歲韓國選手安洗瑩最終以直落二不敵對手無緣冠軍戰,0.5409,5.3518,0.582,0.2831,5.7589,0.3123,5.9149,5.3598
22,戴資穎惜遭日本直落二無緣德國賽強接德國羽球公開賽總獎金萬美元英國羽球公開賽總獎金萬美元難怪一堆名將德國賽趕快輸一輸原來是保存實力拼英國賽引述之銘言謝孟儒戴資穎惜遭日本直落二無緣德國賽強接著拼下週全英公開賽完整新聞內文戴資穎圖提供世界球后戴資,0.0,0.0,0.0,0.0,0.0,0.0,0.0,0.0
23,有像戴資穎這種沒什麼大賽金牌的選手嗎我想到一個張德培張德培生涯其實大滿貫沒拿幾個不不是沒幾個是只有法網一個但他生涯最高世界第二長期都在前以生涯只拿一次大滿貫這種成績很了不起了吧,0.0,0.0,0.0,0.0,0.0,0.0,0.0,0.0
24,有像戴資穎這種沒什麼大賽金牌的選手嗎戴資穎很強阿世界第一名女單羽球選手可是卻沒有奧運金牌沒有世錦賽金牌像這樣子運動選手除了戴資穎還有誰嗎,0.0,0.0,0.0,0.0,0.0,0.0,0.0,0.0
25,快訊戴資穎直落二擊敗上屆冠軍奧原希望謝孟儒快訊戴資穎直落二擊敗上屆冠軍奧原希望闖進全英賽強完整新聞內文戴資穎圖提供世界羽聯超級賽全英公開賽今天進入各單項強賽事世界球后戴資穎對上要力拼衛冕冠軍日本名將奧原希望最終戴資穎以比比直落二擊敗對手,0.3691,7.1341,0.4728,0.219,6.8003,0.52,6.3517,6.2579
26,戴資穎是惹到誰為何要酸她奧運雖然沒奪金只拿銀牌明明也很猛了卻好像對不起鄉民一樣要被酸是積分天后剛剛在德國比賽輸了又被酸一次銀牌積分天后下週英國站才是重要大賽德國站小比賽輸了也不會怎樣吧為什麼只要小戴輸了就有人要出酸難道奧運沒拿金牌對不起台灣人,0.0,0.0,0.0,0.0,0.0,0.0,0.0,0.0
27,戴資穎惜遭日本直落二無緣德國賽強接謝孟儒戴資穎惜遭日本直落二無緣德國賽強接著拼下週全英公開賽完整新聞內文戴資穎圖提供世界球后戴資穎今天在世界羽聯超級賽德國公開賽強賽最終可惜遭到世界排名日本女將高橋沙也加以比比直落二無緣前進強接著備戰下週,0.0,0.0,0.0,0.0,0.0,0.0,0.0,0.0
28,外媒讚戴資穎是全英賽最偉大女單冠軍例如等非直接官方新聞不被允許至少要有來源或如法新社謝孟儒外媒讚戴資穎是全英賽最偉大女單冠軍已締造真實存在傳奇完整新聞內文社論特稿都不能貼貼喔外媒讚戴資穎是全英賽最偉大女單冠軍已締造真實存在傳奇年月日謝孟,2.6377,1.5672,3.5669,1.8061,1.7795,3.7601,1.7413,1.5647
29,惡搞無人機台灣燈會戴資穎跳殺崩壞這跟中國沒有甚麼關係吧現在市面上就有在販賣無人機干擾器惹譬如說就是發射高功率偽裝訊號或是高功率干擾訊號反正很多種啦要抓這種其實也不太容易,2.0821,1.6202,1.8353,3.489,1.7783,1.9892,1.7205,1.7041
30,惡搞無人機台灣燈會戴資穎跳殺崩壞引述之銘言吳慧芬惡搞無人機台灣燈會戴資穎跳殺崩壞陳其邁相當抱歉完整新聞內文台灣燈會在高雄首創以空中主燈無人機表演昨日晚間在愛河灣演出時卻發生後半段圖形無法完整展示演出高市府與無人機國際團隊連夜進行測,1.856,1.0024,1.4758,1.0172,0.8807,2.1414,0.8918,0.8004
31,惡搞無人機台灣燈會戴資穎跳殺崩壞吳慧芬惡搞無人機台灣燈會戴資穎跳殺崩壞陳其邁相當抱歉完整新聞內文台灣燈會在高雄首創以空中主燈無人機表演昨日晚間在愛河灣演出時卻發生後半段圖形無法完整展示演出高市府與無人機國際團隊連夜進行測試證實是,2.3261,0.9801,1.5353,1.0732,0.8384,1.6214,0.8928,0.8719
32,全英賽戴資穎榮膺女單頭號種子首輪對林岳甫全英賽戴資穎榮膺女單頭號種子首輪對手出爐強有望遇奧原希望完整新聞內文戴資穎穩居世界球后長達週今年首站從月日開打超級系列德國公開賽緊接著將再度參加超級系列全英公開賽小戴將追逐生涯第座冠軍首輪對手將,0.4014,7.3696,0.3471,0.2779,7.0786,0.6392,6.4857,6.2643
33,戴資穎跟陳雨菲吃飯之後會處分嗎現在定調不準穿中國隊衣那同桌吃飯應該也不行吧誰知道會不會泄露什麼機密損害國家形象之後是不是都不能跟對岸運動員合照了也不能握手,0.0,0.0,0.0,0.0,0.0,0.0,0.0,0.0
34,戴資穎是羽球界的費德勒嗎剛剛看到新聞說國外有個知名羽球作家寫了一篇文他說小戴球后週成就幾乎等於網球界費德勒跟小威廉斯原文在此真有這麼猛嗎台灣出了一位羽球球后小戴就像是美國小威廉斯瑞士費德勒這樣看來小戴是不是蠻屌有沒有羽球達人解釋一下有,5.3274,0.0987,5.9014,6.1207,1.6687,7.0811,1.3896,1.1717
35,幹無人機燈會排出戴資穎的圖像媽看到瞬間超感動不愧是高雄世界球后戴資穎台灣之光謝謝妳讓全世界看到台灣謝謝妳讓全世界知道妳來自高雄,0.1941,0.2342,0.2151,0.2162,0.2252,0.2529,0.2344,0.2683
36,台灣人就要支持戴資穎的卦今天看到戴資穎積分女子羽球第一破周紀錄下面留言有人支持有人不支持但是我覺得有一點很奇怪為什麼支持方要說不支持不是台灣人是五毛云云哇靠我台灣人不支持戴資穎都不行也支持戴資穎才有台灣價值卦,0.0,0.0,0.0,0.0,0.0,0.0,0.0,0.0
37,羽球台灣的驕傲戴資穎世界球后週例如三立新聞網運動至少要有來源或如法新社體育中心林奇樺報導羽球台灣驕傲戴資穎世界球后週女單第一人完整新聞內文社論特稿都不能貼貼喔戴資穎創下小戴障礙已經周無人打破圖體育署提供世界羽聯預計將在今日公布最新排,0.0,0.0,0.0,0.0,0.0,0.0,0.0,0.0
38,快訊小戴就是狂戴資穎球后達到週例如至少要有來源或如法新社謝孟儒快訊小戴就是狂戴資穎球后達到週創女單史上第一人完整新聞內文社論特稿都不能貼貼喔快訊小戴就是狂戴資穎球后達到週創女單史上第一人年月日謝孟儒世界球后戴資穎本週累積球后週數安抵週,0.357,6.9572,0.6349,0.1314,7.6405,0.9973,6.6291,6.5027
39,戴資穎世錦賽奪銀蔡總統讚讓世界看見台灣戴資穎世錦賽奪銀蔡總統讚讓世界看見台灣更新中央社溫貴香台北日電總統蔡英文副總統賴清德今天分別在臉書恭賀戴資穎獲得羽球世錦賽銀牌讓世界看見台灣總統並恭喜戴資穎突破個人世錦賽最佳成績也是台灣睽違年後羽球世,0.7158,6.8603,0.7935,0.5278,7.061,1.577,7.3024,6.4425
40,恭喜戴資穎蔡英文睽違年後的世錦賽中時崔慈悌恭喜戴資穎蔡英文睽違年後世錦賽羽球銀牌完整新聞內文我國球后戴資穎今天在世界羽球錦標賽女單金牌戰不敵日本名將山口茜取得銀牌追平台灣在世錦賽最佳成績蔡英文總統今晚恭喜小戴突破個人世錦賽最佳成績,0.0799,0.166,0.0667,0.0638,0.1798,0.1028,0.1899,0.1743
41,羽球世錦賽戴資穎苦戰兩局不敵山口茜小戴靠者耐戰力拼到積分第一名時間破記錄之前是中國球后張寧張寧奧運冠,4.7371,0.1463,5.3122,4.4132,0.0974,4.4732,0.6915,0.4387
42,戴資穎世錦賽奪銀陳其邁等你回家林巧璉高雄即時報導戴資穎世錦賽奪銀陳其邁等你回家完整新聞內文台灣世界球后戴資穎稍早在羽球世錦賽女單決賽奪下銀牌創下自己個人在世錦賽最佳成績高雄市長陳其邁發臉書恭喜小戴他說今天特別和戴爸一起魏小戴加油小戴突,0.5776,6.6944,0.4395,0.4161,7.4597,1.2954,7.5715,6.1061
43,戴資穎是不是訓練量不足才會輸紅了之後就開始拍很多廣告有健身鏡子還有中華電信最近還在跟阿嬤賣罐頭為什麼不把這些時間拿出來多一點訓練多做五個伏地挺身多睡兩小時也對身體有幫助啊會輸是不是因為訓練量不足關係如果真一心一意想獲勝早就把心思全放在增加球技,0.0,0.0,0.0,0.0,0.0,0.0,0.0,0.0
44,羽球世錦賽戴資穎苦戰兩局不敵山口又拿銀牌啦小戴沒關係回家吧回來最溫暖台灣大家會疼你金牌什麼都是虛名回台灣拍廣告才是王道,0.1582,0.087,0.1009,0.174,0.1842,0.2607,0.197,0.1045
45,羽球世錦賽戴資穎苦戰兩局不敵山口茜例如自由至少要有來源或如法新社粘藐云羽球世錦賽戴資穎苦戰兩局不敵山口茜收下銀牌仍平台灣最佳完整新聞內文社論特稿都不能貼貼喔羽球世錦賽戴資穎苦戰兩局不敵山口茜收下銀牌仍平台灣最佳粘藐云台灣世界球后戴資穎今,0.0,0.0,0.0,0.0,0.0,0.0,0.0,0.0
46,戴資穎只有亞軍的命吧萬年亞軍引述刀劍亂舞之銘言戴資穎積分排名世界第一又如何呢早說過筆者認為是靠打一些小型比賽撐起來這些小型比賽可能沒高手參賽所以積分刷起來刷到世界第一但是打大型比賽就打回原形了不過如此刻意寫論文鑽研敵人球路變化但是還是打輸可,5.7545,0.0546,5.3466,6.0302,0.415,5.6802,0.6205,0.9375
47,戴資穎世界羽球錦標賽金牌戰戴資穎世界羽球錦標賽金牌戰對上日本山口茜網路轉播愛爾達三台即時文字比分戴資穎戴資穎第一名,0.7236,0.7117,0.7255,0.725,1.0155,0.9302,0.9212,0.7391
48,戴資穎穩了吧戴資穎長年佔據球后寶座但始終沒有在奧運或世錦賽奪牌所以被戲稱積分后今年奧運總算突破魔咒奪銀接著世錦賽又打入決賽即將對上奧運八強止步山口茜還好陳雨菲沒打應該穩了吧,0.6247,4.4378,0.2083,0.745,5.0774,1.1803,4.9,4.0764
49,戴資穎晉級決賽世錦賽四強戰小戴跟中國何冰嬌鏖戰三局最終以報了年仇挺進冠軍戰,0.0,0.0,0.0,0.0,0.0,0.0,0.0,0.0
50,戴資穎的廣告越來越多戴資穎廣告越來越多連都有了郭雪芙比較好吧但有些廣告找她真很不搭行銷公司都沒在鎖定客群嗎有沒有戴資穎廣告越來越多卦,0.0,0.0,0.0,0.0,0.0,0.0,0.0,0.0
51,戴資穎奪最佳女運動員搶贏陳雨菲小例如至少要有來源或如法新社張詠玲戴資穎奪最佳女運動員搶贏陳雨菲小粉紅心碎喊不公完整新聞內文社論特稿都不能貼貼喔穩居世界球后寶座長達週戴資穎日前榮獲世界羽聯年度最佳女運動員獎成為台灣史上第一,7.7581,0.0951,7.0951,7.5958,1.1179,8.9947,1.9921,0.7382
52,羽球我國史上首位戴資穎獲最佳例如聯合至少要有來源或如法新社劉肇育羽球我國史上首位戴資穎獲最佳女運動員完整新聞內文社論特稿都不能貼貼喔羽球我國史上首位戴資穎獲最佳女運動員劉肇育即時報導國際羽聯在今天舉行年度頒獎典禮其中我國世界球后戴資穎,0.3672,6.5486,0.537,0.2446,7.335,0.9714,6.9673,5.9951
53,當今台灣第一女藝人是戴資穎古摸你空八哇啊捏哈死呦最近看電視跟發現過了奧運我們羽球之光依然代言不斷最新推出好像是簌龜紫肉跟玩勃液本肥金魚腦記憶今年就有吾勃液喬三賣擋牢種花電姓書跑愛汁胃這種代言量屌打台灣所有女星跟藝人另外她代言費應該也不便宜吧,6.2763,0.0969,6.485,6.895,0.936,7.2727,1.0846,1.1848
54,戴資穎穿圍裙下廚首秀變出菜湯最愛吃新聞雲謝孟儒戴資穎穿圍裙下廚首秀變出菜湯最愛吃阿嬤家常菜完整新聞內文世界球后戴資穎在今天公布最新世界排名依舊穩坐第球后週數累積來到週持續備戰月底西班牙世錦賽力拼該賽事生涯首牌同時也在最新廣告中獻出下廚,0.1472,7.1672,0.0917,0.1563,8.1073,0.935,7.1108,7.3634
55,暌違個月再出戰戴資穎力拚世錦賽破強新唐人亞太台陳輝模趙庭譽暌違再出戰戴資穎力拚世錦賽破強完整新聞內文更新時間網址內含新聞影片新唐人亞太台年月日訊接著帶您看到世界球后戴資穎即將啟程前往月在西班牙舉行世界錦標賽小戴表示她過去世錦賽最佳成績為強,0.1704,6.2711,0.4143,0.2693,7.1741,0.9855,6.7607,5.8519
56,戴資穎代言照片剛剛看到羽球天后小戴有篇廣告造型還以為是某個大老闆有掛大家覺呢,0.0,0.0,0.0,0.0,0.0,0.0,0.0,0.0
57,羽球心中最強前三女單陳雨菲秒答戴資穎民視新聞網年月日體育中心李明融報導優霸盃世界羽球女子團體錦標賽決賽由中國對上日本最終中國上演逆轉勝儘管在第點陳雨菲不敵山口茜處於落後不過中國隊隨後在第點女雙和第點女單連拿點最終以總點數比擊敗日本,0.2063,6.0824,0.8213,0.4241,6.5663,0.6243,6.1556,6.1336
58,戴資穎揮拍點燃萬發國慶煙火戴資穎揮拍點燃萬發國慶煙火網狂刷我高雄人我驕傲賴文萱今晚點國慶煙火在高雄施放近萬發其中吋及吋大口徑高空煙火彈達百發以上為歷年最多預計施放時間長達分鐘除了總統蔡英文親臨現場外許多位防疫英雄以及代表台灣征戰東,0.2564,0.0417,0.2176,0.2176,0.0765,0.2522,0.0919,0.0647
59,羽球青春揚溢少女風戴資穎時尚美照大羽球青春揚溢少女風戴資穎時尚美照大受好評戴資穎時尚美照大受好評高市觀光局提供取自戴資穎本報合成梁偉銘青春揚溢少女風羽球女單世界球后戴資穎分享日前代言高雄券工作照時尚造型大受好評更展現有別於賽場上殺氣,0.4698,5.6913,0.7114,0.1594,6.2003,0.979,5.9814,4.8494
60,魷魚遊戲的卡司是不是有戴資穎這是號脫北女姜曉這是戴資穎我們世界球后平常不練球時候都在幹麻啊該不會偷偷加入演藝圈了吧卦,0.0,0.0,0.0,0.0,0.0,0.0,0.0,0.0
61,戴資穎為高雄券拍廣告代言劇照搶先曝光戴資穎為高雄券拍廣告代言劇照搶先曝光更新中央社蔡孟妤高雄日電高市府配合中央振興五倍券加碼推高雄券找來羽球球后戴資穎代言戴資穎近日在高雄拍攝高雄券廣告市府今天搶先公布劇照曝光戴資穎時尚多元裝扮令人眼睛,0.4307,0.2492,0.4262,0.3948,0.3271,0.5096,0.4793,0.1782
62,為啥戴資穎不直接點鍋燒冬粉就好戴資穎點鍋燒意麵換冬粉加沙茶那他怎不直接點鍋燒冬粉就好還要意麵換冬粉也太高剛有沒有掛我很好奇,0.0,0.0,0.0,0.0,0.0,0.0,0.0,0.0
63,再談奧運銀牌其實滿美的戴資穎見陳例如中時至少要有來源或如法新社柯宗緯再談奧運銀牌其實滿美戴資穎見陳其邁曝未來下一步完整新聞內文社論特稿都不能貼貼喔再談奧運銀牌其實滿美戴資穎見陳其邁曝未來下一步中時柯宗緯高雄市長陳其邁今日下午,0.0,0.0,0.0,0.0,0.0,0.0,0.0,0.0
64,戴資穎為台灣放棄世界第一大支感動難怪自由吳孟倫戴資穎為台灣放棄世界第一大支感動難怪贏得熱愛完整新聞內文饒舌歌手大支關注時事也在東京奧運時為台灣健兒加油昨他發表新歌獻給球后戴資穎及其他努力拚搏選手大支受訪時表示疫情期間大家都很負能量,1.1317,6.5744,1.324,0.6794,7.1012,1.504,6.532,6.3131
65,戴資穎終於看了銀牌好幾眼其實不錯看游郁香戴資穎終於看了銀牌好幾眼其實不錯看回顧年變化依舊少女完整新聞內文世界球后戴資穎在東奧銀恨她曾直言本來連牌都不想看一眼想到受到許多人幫助才轉念她返國也沒像其他奪牌選手戴上獎牌如今事隔周她終於仔,0.7514,5.4221,0.2796,0.5482,5.8282,1.0037,5.1808,5.4171
66,郭婞淳戴資穎選一個沒有對運動員不敬意思舉重選手首重下盤與核心發力她下面不是一般男人可以駕馭大概進去兩三下就出來了性愛不美滿婚姻維持會比較辛苦,0.0508,0.0389,0.0582,0.0482,0.0644,0.07,0.0571,0.0636
67,郭婞淳戴資穎選一個一位是舉重屢屢創新紀錄世界金牌一位是不屈不撓悍將羽球世界球后兩位體壇女神身上很有氣息且身材都很是精實下了戰場都是很有女人味跟溫柔一面啊這兩位如果要選一位當女朋友鄉民會怎麼選啊請附理由謝謝,0.4457,0.6443,0.4509,0.4527,0.7355,0.6151,0.7803,0.7233
68,超狂神技戴資穎球打滅燭火超狂神技東奧銀牌戴資穎球打滅燭火自由梁偉銘羽球女單世界球后戴資穎在東京奧運奪下銀牌後返國進行檢疫隔離她今於臉書粉專放上一段精彩影片挑戰用顆羽球快狠準滅掉根蠟燭燭火超狂神技讓廣大粉絲們驚呼留言強大厲害太,0.2188,0.1401,0.2155,0.2007,0.1711,0.1971,0.1653,0.1824
69,我想到戴資穎拿金牌的辦法了等對面球打過來不要打然後用頭去頂把球頂到外面就算出界這樣自己就得一分只有我想到嗎,0.0,0.0,0.0,0.0,0.0,0.0,0.0,0.0
70,戴資穎隔離期間會看全明星運動會嗎現在正在打羽球團體賽奧運後應該比較多人關注運動現在小戴還在隔離期間那她會看全明星運動會嗎有看話會在想什麼,0.0,0.0,0.0,0.0,0.0,0.0,0.0,0.0
71,殘念看不到戴資穎麟洋配在自家例如至少要有來源或如法新社羅惠齡殘念看不到戴資穎麟洋配在自家獻技台北羽球公開賽宣布停辦完整新聞內文社論特稿都不能貼貼喔殘念看不到戴資穎麟洋配在自家獻技台北羽球公開賽宣布停辦分鐘前睽違年台北羽球公開,0.5658,6.1718,0.4323,0.1314,6.776,0.6975,6.5056,6.3607
72,戴資穎今年煞氣是不是特別重我韓粉歷史奧運得牌數破紀錄體育署長因為戴資穎下台知名女星因為戴資穎丟掉三千多萬代言今年戴資穎是不是煞氣很重,0.0,0.0,0.0,0.0,0.0,0.0,0.0,0.0
73,男雙金牌麟洋配打不過女單銀牌戴資穎影片是麟洋配和小戴對打練習片段可以看出小戴屌打男雙金牌組合所以小戴照正常實力發揮是可以打贏男雙金牌這次女單真是大意失荊州,6.3083,0.0998,6.5867,6.7942,1.264,7.3655,1.1547,1.1086
74,網謠傳曾資助戴資穎打桌球韓國瑜引述之銘言蘇晏男台北報導網謠傳曾資助戴資穎打桌球韓國瑜譴責行為令人相當不齒完整新聞內文世界羽球球后戴資穎在東京奧運奪銀創紀錄不料網路上卻捏造故事指前高雄市長韓國瑜在任期間知道有位女孩非常喜歡打桌球,0.0,0.0,0.0,0.0,0.0,0.0,0.0,0.0
75,網謠傳曾資助戴資穎打桌球韓國瑜蘇晏男台北報導網謠傳曾資助戴資穎打桌球韓國瑜譴責行為令人相當不齒完整新聞內文世界羽球球后戴資穎在東京奧運奪銀創紀錄不料網路上卻捏造故事指前高雄市長韓國瑜在任期間知道有位女孩非常喜歡打桌球但由於家境,0.0,0.0,0.0,0.0,0.0,0.0,0.0,0.0
76,商標早註冊戴資穎高雄開個人品牌概念自由財經林菁樺台北報導台灣羽球球后戴資穎長年在海外征戰海內外都享有高知名度即將在高雄開設戴萌個人品牌概念店戴資穎相當注意商標重要性二一七年底已向經濟部智慧局申請及版人像圖商標註冊領域涵蓋首飾馬克杯,0.3881,5.6657,1.0136,0.0744,5.963,0.4088,5.3052,5.8619
77,戴資穎決賽後臉書貼文萬個讚全球運動員之最戴資穎決賽後臉書貼文萬個讚全球運動員之最中央社吳家豪台北日電東京奧運落幕臉書今天公布過去週賽事期間全球運動員社群排行榜羽球世界球后戴資穎在女單決賽後貼文共獲得超過萬個讚高居榜首奪下全球第名臉書貼文,0.4953,6.732,0.6862,0.1215,7.0546,0.9963,7.0018,6.2227
78,郭婞淳和戴資穎要選誰一個是舉重女神一個是羽球世界球后兩個都是台灣女性運動員代表也都在東京奧運有佳績假如鄉民有機會認識其中一位想問各位會選誰,0.6618,1.4215,1.124,0.7514,1.1971,1.1729,1.2586,2.2536
79,戴資穎如果轉籍會創造巔峰嗎外媒整理戴資穎擁有獨特技巧球打法戴資穎資質與天份如果轉籍在重視栽培國度會不會成為極進化羽球天后又會享有什麼樣待遇呢現在是世界第一等可是待遇卻沒有一等一還請鍵盤國策顧問解惑,0.0,0.0,0.0,0.0,0.0,0.0,0.0,0.0
80,戴資穎的是不是略輸小馮網路上噁心文章和言論沒少過戴卻嗆人站在場上不是你兩位情商一比起來是不是略輸台大五姬之首呢,0.0,0.0,0.0,0.0,0.0,0.0,0.0,0.0
81,戴資穎的運動員高度是不是不太夠啊就是大家只能鼓勵她都不能批評嗎有網友在評論她金牌戰比賽本人知道後在限動貼出那篇貼文然後說站在場上不是你覺得我失誤太多可以不要看我打球謝謝結果發文網友馬上被大家攻擊後來好像還把關閉了原來公眾人物影響力這,0.0,0.0,0.0,0.0,0.0,0.0,0.0,0.0
82,戴資穎拿銀牌是實至名歸吧引述之銘言戴資穎本次奧運擊敗伊瑟農辛度兩大強敵殺到金牌戰只是最後輸給真球后陳雨菲這銀牌來得實至名歸應該沒什麼好批評吧說失誤多也是因為對手防守太強殺不進被迫打險球造成所以就只是對方實力較強但結果也證明了自己世界第二地位也,6.492,0.8831,6.9919,6.6236,0.2503,6.4026,1.0741,1.8661
83,鄉民女神滴妹戴資穎買飲料終身免費飲料店老闆娘鄉民女神滴妹剛剛承諾了戴資穎來買她飲料店飲料能終身免費暢飲滴妹是不是人美心善有八卦嗎,0.0,0.0,0.0,0.0,0.0,0.0,0.0,0.0
84,戴資穎是不是有點玻璃啊前幾天有人發文說金牌戰戴失誤太多戴馬上回文開嗆不爽不要看我打球還有政論節目幫戴護航本狼不懂羽毛球也無意評論戴資穎到底打好不好不過我就問如果今天是比棒球某投手對韓國隊一局失分賽後被網友他投不好該名投手馬上發文開嗆酸民不爽不,0.0,0.0,0.0,0.0,0.0,0.0,0.0,0.0
85,轉播戴資穎金牌戰被譙太吵丁元凱隔天東森轉播戴資穎金牌戰被譙太吵丁元凱隔天鬆口道歉了太過真情流露潘慧中東森主播丁元凱在東奧期間擔任播報員日轉播戴資穎金牌戰時卻引起部分網友不滿被批過於吵鬧態度不專業臉書一度被灌爆他第一時間解釋自己是熱,8.0338,0.5345,8.0121,7.5245,0.7001,7.5139,1.4404,1.8827
86,陳雨菲戴資穎只是幸運而已吧看到阿宅在那邊陳雨菲很正我都想笑了一日羽球迷吧如果不是我婆大堀彩忙著跟我約會沒入選奧運怎麼會有他們幾個金牌戰可能呢幾隻影片讓阿宅聞香一下我大堀彩是不是羽球界顏質第一美女啊又正腿又長皮膚又,0.0,0.0,0.0,0.0,0.0,0.0,0.0,0.0
87,東奧蔡英文送餐藏玄機戴資穎感動三立新聞網東奧蔡英文送餐藏玄機戴資穎感動我最愛早餐黎冠志台北報導球后戴資穎在東京奧運羽球女單奪下銀牌日下午凱旋歸來除了分享幻象伴飛第一人稱視角她也發文感謝行政院高雄市長陳其邁等大咖贈送加油包內容物讓她,0.9695,6.6085,0.919,0.5184,7.113,1.7071,7.5322,5.7959
88,請問小戴戴資穎下次遇到陳雨霏打得贏嗎如題誠心發問在奧運最高殿堂最高決賽眾目睽睽下輸掉這重中之重可說本屆奧運最重要一場賽事讓全國鄉親父老陪她一起聽起來不願做奴隸人們我們王牌小戴會不會有心魔啊這樣她下次遇到陳雨霏還能平常心面對嗎有沒有機會復,0.0,0.0,0.0,0.0,0.0,0.0,0.0,0.0
89,戴資穎文姿云選誰當女友文姿云我剛剛搜尋文姿云對戰視頻我覺得這比賽感覺很粗暴他沒有頭套但又有踢頭動作把一個正妹弄得很猙獰樣子不優而且我在想一個問題我本身身高體重如果說文姿云半夜被我遇到我真想對她怎樣話那她有可能會被我壓倒嗎還是我會被她打趴,0.0,0.0,0.0,0.0,0.0,0.0,0.0,0.0
90,戴資穎當時羽球有多強記得當時有當過世界第一成為球后後變成廣告紅人每次上網或者去賣場都有看到廣告之後好像在金牌戰輸給誰忘了有人記得當時小戴羽球多強嗎,0.3417,0.1841,0.3321,0.3597,0.3018,0.4321,0.2854,0.2626
91,戴資穎文姿云選誰當女友戴資穎台灣國民女神捧著奧運銀牌光圈人正知名度高文姿云小清新剛拿下空手道銅牌人氣攀升中若選一個當女友該選誰沒有都要小朋友選項唷啾咪,1.1061,5.6152,1.4585,0.0969,7.5673,2.2572,7.516,4.8699
92,戴資穎站在李洋王齊麟中間在想甚麼正面思考金包銀被迪迪包圍負面思考閃屁金牌掛出來又比個心碎是在嘲諷我金牌夢碎喔,8.5654,0.4118,8.7807,7.842,1.0599,8.8548,2.3221,1.296
93,戴資穎站在李洋王齊麟中間在想甚麼銀牌戴資穎站在雙金牌中間旁邊兩個人還在放閃在想甚麼有沒有八卦感覺她心情真很不好耶小戴加油你最棒不需要證明甚麼推文前推程式隨機推每推發幣請推小戴加油你最棒,0.0,0.0,0.0,0.0,0.0,0.0,0.0,0.0
94,戴資穎拿銀牌是實至名歸吧戴資穎本次奧運擊敗伊瑟農辛度兩大強敵殺到金牌戰只是最後輸給真球后陳雨菲這銀牌來得實至名歸應該沒什麼好批評吧說失誤多也是因為對手防守太強殺不進被迫打險球造成所以就只是對方實力較強但結果也證明了自己世界第二地位也是很輝煌成,6.492,0.8831,6.9919,6.6236,0.2503,6.4026,1.0741,1.8661
95,陳其邁暖迎戴資穎讓她吃好睡好小新聞雲賴文萱陳其邁暖迎戴資穎讓她吃好睡好小戴曬照認證真收到了完整新聞內文結束東京奧運賽事世界球后戴資穎日下午返國將返回家鄉高雄進行隔離高雄市長陳其邁昨則臉書發文小戴歡迎回家強調未來幾天市府將,0.5054,5.404,0.6022,0.338,5.806,0.6789,5.2676,5.383
96,戴資穎受訪的時候要問他什麼戴真也為國家貢獻很多了只是比較年輕氣盛不合某些人口味不過我還是很想問一下回來時候你到底要坐甚麼艙不知道有沒有頭等艙,0.0,0.0,0.0,0.0,0.0,0.0,0.0,0.0
97,戴資穎深夜罕見動怒被批沒奪金失誤新聞網施旖婕戴資穎深夜罕見動怒被批沒奪金失誤說重話站在場上不是你完整新聞內文世界羽球球后戴資穎昨日下午返國但這一次回國她走低調路線在接機會上婉拒受訪不過戴資穎在深夜卻罕見動怒發文回應網友質疑她這次未能,0.06,0.0335,0.0544,0.0575,0.0349,0.0699,0.0475,0.0565
98,戴資穎返台罕見說重話回文站在場上這時候就是詹家姊妹是好超級榜樣了你看詹家不管贏或輸網路一率罵爆酸爆贏也酸輸也罵人家詹家還不是好不快樂去各式逍遙遊姓戴跟詹家多學學臉皮增厚術啦不用玻璃心要有那種就算墊底拿最後一名也沒在鳥酸民魄力啦,0.0,0.0,0.0,0.0,0.0,0.0,0.0,0.0
99,幻象伴飛戴資穎麟洋配蔡壁如發文誤新聞雲呂晏慈台北報導幻象伴飛戴資穎麟洋配蔡壁如發文誤植東奧羽球獎牌銀銅完整新聞內文東京奧運台灣代表團屢傳捷報日幻象戰機伴飛搭載台灣選手回台華航班機對此台灣民眾黨立委蔡壁如日透過臉書呼籲應鬆綁財稅法規中,0.1526,6.9466,0.0951,0.162,7.8578,0.969,6.892,7.1368
