,Title,Anger,Anticipation,Disgust,Fear,Joy,Sadness,Surprise,Trust
0,歐美中國舉重同量級無法超越台灣郭婞淳郭婞淳又再次拿到世錦賽金牌了舉重算是世界熱門項目中國跟歐美體育強國為什麼無法在同量級培養能超越台灣郭婞淳選手,0,0,0,0,0,0,0,0
1,世錦賽舉重女神郭婞淳挺舉總和例如至少要有來源或如法新社林岳甫世錦賽舉重女神郭婞淳挺舉總和金牌入袋生涯金創紀錄完整新聞內文社論特稿都不能貼貼喔郭婞淳挺舉公斤總和公斤本屆抱回金銀資料照特派林正?攝林岳甫舉重女神郭婞淳今日在年世,0.156,6.8069,0.0972,0.1656,7.6997,0.9905,6.7533,6.9932
2,郭婞淳舉重世錦賽挺舉總和金牌東京奧運舉重金牌得主郭婞淳於年世界舉重錦標賽女子公斤級以抓舉公斤挺舉公斤總和公斤抓舉銀牌挺舉總和獲得金牌個人累積世錦賽金真是太厲害啦恭喜,1.2655,6.3532,1.1763,1.375,6.6025,1.9436,6.9546,6.46
3,郭婞淳國語也太不標準了吧如題現在體育選手廣告很多郭婞淳有個廣告講比較多話國語超不標準耶一聽就南部上來拍廣告至少把國語練好吧人夠壯了國語再不標準令人擔心以後感情路有八卦嗎,0,0,0,0,0,0,0,0
4,如果郭婞淳的故事拍電影讓瑤瑤演可以嗎郭婞淳在台灣歷史地位無庸置疑再加上她人生也很戲劇性根本就可以拍成電影如果郭婞淳電影卡司是這樣郭書瑤飾演郭婞淳成年吳以涵飾演郭婞淳童年王彩樺飾演媽媽莊凱勛飾演啟蒙教練雷洪飾演國家隊教練郭昱晴飾演總統阿飾演總統,0,0,0,0,0,0,0,0
5,議員建議為舉重女神郭婞淳設婞淳路例如聯合新聞網至少要有來源或如法新社尤聰光台東即時報導議員建議為舉重女神郭婞淳設婞淳路饒慶鈴不難完整新聞內文社論特稿都不能貼貼喔台東之光舉重女神郭婞淳奪得東京奧運舉重金牌後縣府加碼獎金萬元,0.4513,7.3191,0.5125,0.3045,6.9797,0.3927,6.508,6.5936
6,郭婞淳可以舉起幾的機車安安一台幾十公斤光抬個屁股稍微移一下都很吃力了那台灣之光郭郭可以把硬舉抬起來嗎有沒有八卦,0,0,0,0,0,0,0,0
7,多次模仿郭婞淳男星錄影收存證信函新聞網陳郁文報導多次模仿郭婞淳男星錄影收存證信函下場曝光完整新聞內文舉重女神郭婞淳在本屆奧運公斤級項目勇奪金牌還打破抓舉挺舉總和項奧運紀錄讓她成為討論度最高國手之一而男星無尊經常在節目上模仿她,0.3109,0.187,0.342,0.295,0.2272,0.329,0.2366,0.2175
8,跟郭婞淳上教練課一堂多少才合理引述之銘言最近八卦版在討論堂教練課元有人覺得很盤子上網看自學就好有人覺得很值得正確動作不受傷安全第一那今天是郭婞淳女子公斤級舉重世界冠軍一堂課小時大概要收多少鄉民才會滿意我上過陳葦綾一堂小時一對一不包含場地費一對,0.7189,5.1387,0.5762,0.284,5.9121,0.995,5.1631,5.2068
9,跟郭婞淳上教練課一堂多少才合理初學者給郭婞淳帶也沒啥用郭婞淳能幫至少也要是全運會水準不然連槓都不會拿一個小時花了三十分鐘教你拿槓這種東西其實就要像是游泳班一樣分級連游泳都不會先去學水母漂因循漸進不同層級由不同等級教練教才能達到最大效益就算你花,1.388,1.1982,2.1054,1.9816,1.3206,1.9897,0.9372,1.0283
10,跟郭婞淳上教練課一堂多少才合理最近八卦版在討論堂教練課元有人覺得很盤子上網看自學就好有人覺得很值得正確動作不受傷安全第一那今天是郭婞淳女子公斤級舉重世界冠軍一堂課小時大概要收多少鄉民才會滿意,0.7138,5.1726,0.5721,0.282,5.951,0.9879,5.1971,5.2411
11,郭婞淳全運會金牌可能有人好奇為什麼讓這麼多這也不是什麼卦一般縣市政府對於全運會都有設立破紀錄獎金一萬到四萬不等如果女神多出一點力直接把原紀錄推高十幾公斤那別人不用拿直接黑掉就算沒對手好了自己以後也拿不到所以為什麼常常看到這種破紀錄通常只,0,0,0,0,0,0,0,0
12,郭婞淳全運會金牌郭婞淳全運會女子舉重公斤級抓舉公斤挺舉公斤總和公斤三項都破大會紀錄勇奪金牌蒿吐鷺鷥,0,0,0,0,0,0,0,0
13,郭婞淳回輔大笑稱不習慣被稱老師東森新聞年月日郭婞淳回輔大笑稱不習慣被稱老師盼未來帶出更多奧運奪牌選手謝孟儒新北報導東奧金牌舉重女神郭婞淳今天日榮耀返回母校輔仁大學年就獲聘為輔大體育系專任副教授他笑說自己還不習慣被稱作老師但是未來會,0,0,0,0,0,0,0,0
14,郭婞淳是不是很興奮緊張如題郭婞淳剛才在總統府內致詞語氣跟肢體看來很緊張興奮耶這場面是不是比東京奧運賽場帶給她更大緊張感,0,0,0,0,0,0,0,0
15,如果館長跟郭婞淳開課該選誰快要大學開課了選課排表即將開始如果館長跟郭婞淳開課該選誰一邊是國軍社會歷練高重訓格鬥雙棲一邊是奧運金牌得主創新各大紀錄這兩位館長跟郭婞淳開課很吸引人吧該選誰好呢,1.3502,1.124,1.6671,1.661,1.2383,1.4314,1.1339,1.0165
16,想追郭婞淳需要什麼條件覺得郭婞淳很正欸身材又很猛最喜歡這種很壯女生請問需要什麼條件嗎但我本身不是什麼猛男請問有機會嗎有大大分享這種健身女生怎麼追嗎,0,0,0,0,0,0,0,0
17,郭婞淳今日中職新莊賽前開球有影片來源麥卡貝運動頻道中職聯盟提供轉播訊號中職奧運國手開球週開始了今天是金牌郭婞淳先開球大家覺得這開球給幾分呢有沒有八卦,0,0,0,0,0,0,0,0
18,郭婞淳戴資穎選一個沒有對運動員不敬意思舉重選手首重下盤與核心發力她下面不是一般男人可以駕馭大概進去兩三下就出來了性愛不美滿婚姻維持會比較辛苦,0.0508,0.0389,0.0582,0.0482,0.0644,0.07,0.0571,0.0636
19,郭婞淳戴資穎選一個一位是舉重屢屢創新紀錄世界金牌一位是不屈不撓悍將羽球世界球后兩位體壇女神身上很有氣息且身材都很是精實下了戰場都是很有女人味跟溫柔一面啊這兩位如果要選一位當女朋友鄉民會怎麼選啊請附理由謝謝,0.4457,0.6443,0.4509,0.4527,0.7355,0.6151,0.7803,0.7233
20,郭婞淳無緣連霸金牌外媒爆舉重拳擊我是覺得不用踢拉就改成只分男女不分量級兩面金牌就好然後四年一次給全世界比一次誰是最強壯男生女生就是了也可以看出到底歷年來誰力氣最大就像跑百米一樣可以知道誰跑最快就好讓想挑戰舉更重人還要因為要比賽就得控制體重不長,4.8481,0.2395,5.1185,4.3611,0.1331,4.3904,1.538,0.2799
21,郭婞淳募款加碼善舉超暖心獎金拿來做郭婞淳募款加碼善舉超暖心獎金拿來做善事自曝該學理財年月日路皓惟東京奧運中華代表隊累計金銀銅創下史上最佳成績今日晚間富邦集團為旗下選手郭婞淳楊勇緯潘政琮徐薇淩和李旻舉辦線上慶功會郭婞淳透露會將獎金拿來做善,0.0951,5.936,0.628,0.1773,7.208,1.3806,7.3405,5.4674
22,一樣都是金牌為何沒有郭婞淳悠遊卡很簡單因為這張圖乳滑了郭婞淳再怎麼舉也沒有辦法乳滑因為舉重決賽中國沒有人上場麟洋卡片不但贏了中國人乳滑線條再加上綠底白字根本是台獨分裂中國領土完整陰謀辦一張卡可以分裂中國領土你大家還不辦嗎引述之銘,0.0,0.0,0.0,0.0,0.0,0.0,0.0,0.0
23,一樣都是金牌為何沒有郭婞淳悠遊卡麟洋卡做那麼醜一定是找不到好看照片舉重金牌照片大家都那麼喜歡為何不做成卡片五樓你說說看,1.425,5.4934,3.4964,3.4988,7.4202,2.5098,6.7186,6.3916
24,郭婞淳會不會不小心玩壞健身環大冒險我們舉重女神郭婞淳第一次尻奧運公斤舉重就冠軍如果給她玩健身環大冒險會不會玩沒幾次就弄壞了任天堂是不是要為這種運動員特別設計例如改成重量公斤或是擠壓力量變成公斤才能壓一下,6.8064,0.0988,6.8136,6.5169,1.6121,7.4224,1.9875,1.383
25,郭婞淳和戴資穎要選誰一個是舉重女神一個是羽球世界球后兩個都是台灣女性運動員代表也都在東京奧運有佳績假如鄉民有機會認識其中一位想問各位會選誰,0.6618,1.4215,1.124,0.7514,1.1971,1.1729,1.2586,2.2536
26,郭婞淳無緣連霸金牌外媒爆舉重拳擊雖目前尚未完全確定兩項目是否完全取消但是會刪減或合併量級舉重將原先男女各個量級縮減為男女各個量級拳擊將原本個男子級別跟個女子級別減成個男子級別跟個女子級別,0.0,0.0,0.0,0.0,0.0,0.0,0.0,0.0
27,郭婞淳無緣連霸金牌外媒爆舉重拳擊引述幸福之銘言三立王怡翔郭婞淳無緣連霸金牌外媒爆舉重拳擊恐被踢出巴黎奧運完整新聞內文其中長期選手陷入禁藥疑雲國際協會頻傳貪汙舉重項目以及採取評分制又屢傳收買裁判拳擊項目被點名是最有可能被開刀對象這兩項運動,0.0,0.0,0.0,0.0,0.0,0.0,0.0,0.0
28,郭婞淳無緣連霸金牌外媒爆舉重拳擊以前我也覺得舉重難看又傷身這次奧運其實讓我改觀惹講白了奧運哪個項目不傷身力量舉如果不是因為禁藥爭議其實是個不錯項目加上現在健身風氣正盛選手身材真有天神美感我建議是取消重量級女子還有有禁藥爭議國家全部禁賽大家說好,5.8745,0.628,6.0347,5.2967,0.201,5.3648,1.0617,0.8283
29,郭婞淳無緣連霸金牌外媒爆舉重拳擊三立王怡翔郭婞淳無緣連霸金牌外媒爆舉重拳擊恐被踢出巴黎奧運完整新聞內文東京奧運剛剛落幕等同下屆巴黎奧運備戰起跑台灣在這次奧運獲得金銀銅史上最佳成績其中舉重項目郭婞淳拿下金牌並宣布要繼續挑戰巴黎奧運不過,0.0369,0.0621,0.0308,0.0355,0.0618,0.0417,0.0594,0.0541
30,郭婞淳長得像鷲見玲奈主播嗎這是鷲見玲奈主播東京電視台前女播現為自由主播代表作是東京電視台節目跟拍到你家已畢業這是郭婞淳台灣奧運舉重金牌選手鷲見玲奈主播像不像甜美版郭婞淳有卦否,0.0,0.0,0.0,0.0,0.0,0.0,0.0,0.0
31,郭婞淳拿銀牌也會被嘴這麼慘嗎引述之銘言這幾天小戴明顯不開心不給採訪不說話一堆酸民在那邊嘴一直洗練球好嗎如果今天是舉重郭婞淳拿銀牌也會被嘴這麼慘嗎這情況其實也很正常畢竟人紅是非多再舉個例子好了這次銅牌辛度印度巨人之前也一直因為拿不金牌被鄉民靠北,4.0074,0.0757,3.6495,4.8075,1.5885,5.5145,1.0476,0.0975
32,郭婞淳拿銀牌也會被嘴這麼慘嗎引述之銘言這幾天小戴明顯不開心不給採訪不說話一堆酸民在那邊嘴一直洗練球好嗎如果今天是舉重郭婞淳拿銀牌也會被嘴這麼慘嗎戴今天在網路上被酸民嘴是綜合很多點羽球女單頒獎時大家都開心笑嘻嘻包括銅牌辛度也是很開心就你一個臭臉,4.5043,2.0127,2.8607,5.0656,2.6236,8.6276,2.6948,1.9453
33,郭婞淳拿銀牌也會被嘴這麼慘嗎引述之銘言這幾天小戴明顯不開心不給採訪不說話一堆酸民在那邊嘴一直洗練球好嗎如果今天是舉重郭婞淳拿銀牌也會被嘴這麼慘嗎戴有心魔了啦其實就是大賽沒有代表性金牌才看那麼重如果世界前前就算了偏偏積分又是世界第一怎麼不放在心,0.0,0.0,0.0,0.0,0.0,0.0,0.0,0.0
34,郭婞淳拿銀牌也會被嘴這麼慘嗎這幾天小戴明顯不開心不給採訪不說話一堆酸民在那邊嘴一直洗練球好嗎如果今天是舉重郭婞淳拿銀牌也會被嘴這麼慘嗎,0.0,0.0,0.0,0.0,0.0,0.0,0.0,0.0
35,郭婞淳會怕練太壯嗎癸琖引述路克天醒者之銘言怕自己不小心練太壯了體型不好看應該是眾多八卦板鄉民最害怕事奧運舉重金牌郭婞淳也會怕自己不小心就練太壯嗎癸琖郭婞淳舉重公斤級奧運金牌身高參閱維基百科扣掉內臟基本重量最低體脂比率不可能練太壯到體型不好,0.0,0.0,0.0,0.0,0.0,0.0,0.0,0.0
36,郭婞淳會怕練太壯嗎癸琖怕自己不小心練太壯了體型不好看應該是眾多八卦板鄉民最害怕事奧運舉重金牌郭婞淳也會怕自己不小心就練太壯嗎癸琖,0.0,0.0,0.0,0.0,0.0,0.0,0.0,0.0
37,郭婞淳為何沒幻象伴飛空軍曝悲傷原因那天是告別式新聞雲閔文昱郭婞淳為何沒幻象伴飛空軍曝悲傷原因那天是告別式中華隊選手戴資穎周天成王子維王齊麟李洋以及教練團防護員共人將於日下午搭乘華航班機榮耀返台中央安排幻象戰機伴飛引發外界熱議有,0.0,0.0,0.0,0.0,0.0,0.0,0.0,0.0
38,郭婞淳拿金牌為什麼沒有幻象花多少錢用多大規格慶賀跟本不是問題見微知著由此可以再次看見蔡執政調性雙標且欠缺公平公正也只是其表更禍國殃民是沒有全盤且長期性規劃最慘是還貢高我慢妄自尊大死要面子絲毫不願反省檢討從而沒有修正機會哪怕前面是斷崖也要逼人民,0.0,0.0,0.0,0.0,0.0,0.0,0.0,0.0
39,和郭婞淳相比小戴才是贏面子又贏了裡子戴資穎銀牌郭婞淳金牌可是你看不管是鎂光燈曝光度還是國內代言收入口袋麥可麥可度甚至是在八卦板你打關鍵字搜尋戴資穎篇郭婞淳篇差距兩倍如果你再把小戴加進去雙方搜尋量差到倍以上打小郭沒用會出現郭泓志郭,5.2518,0.0969,5.5485,5.7646,0.7285,5.8528,0.1823,0.792
40,郭婞淳拿金牌為什麼沒有幻象郭沒有檯面上說法是當天有去年失聯飛官公祭所以不適宜戴有檯面上說法是以前有所以現在有等同於常規伴飛訓練不浪費結合兩種說法以後我們可以得到個結論如果有空軍人員公祭當天就不會有常規訓練就算以前有現在也不會有不懂不過看,0.0,0.0,0.0,0.0,0.0,0.0,0.0,0.0
41,郭婞淳拿金牌為什麼沒有幻象很簡單當然是有吵小孩有糖吃啊連戴爸都出來開砲政府當然先摸頭一點都不意外什麼你給我扯什麼告別式同一天那你是不會統一標準是不是啊不過政府雙標也不是第一天也不用很意外戰鬥機拿來這樣開這樣花花是人民納稅錢還真是無聊還不,1.5169,1.6336,1.4441,1.5762,2.2906,1.5808,2.1221,2.5997
42,郭婞淳拿金牌為什麼沒有幻象那天有蔣正志上校公祭以郭婞淳這種把銅牌獎金全捐出去買救護車還要過半年大家才知道個性她應該不喜歡太過招搖,0.0,0.0,0.0,0.0,0.0,0.0,0.0,0.0
43,郭婞淳拿金牌為什麼沒有幻象欸欸我在想郭婞淳有拿到金牌了但是沒有幻象在旁邊伴飛啊那為什麼麟洋配拿金牌就能獲得禮遇還有戴資穎僅有銀牌也能同享禮遇為什麼啊有人能說一下嗎,0.0,0.0,0.0,0.0,0.0,0.0,0.0,0.0
44,半年後真的只記得戴資穎跟郭婞淳嗎引述臺灣人之銘言現在奧運期間中華隊選手不斷穿金戴銀每個人都在社群網站分享喜悅大街小巷都在討論奧運可是風潮一過半年後真只記得最紅兩個嗎確實有可能我現在只記得戴資穎郭婞淳林昀儒莊智淵楊勇瑋羅嘉翎李智凱奧恰洛夫男雙只,0.1855,6.9487,0.4016,0.5462,6.4014,0.3475,6.7154,6.2174
45,半年後真的只記得戴資穎跟郭婞淳嗎現在奧運期間中華隊選手不斷穿金戴銀每個人都在社群網站分享喜悅大街小巷都在討論奧運可是風潮一過半年後真只記得最紅兩個嗎,0.0,0.0,0.0,0.0,0.0,0.0,0.0,0.0
46,我們的郭婞淳為什麼沒有幻象伴飛伴飛是怎麼申請我去日本旅遊很多趟回來台灣也沒有碰過軍機有伴飛過奧運選手伴飛很怪吧英國選手拿金牌沒獎金還在場邊織毛線貼補家用這被英國人知道會被笑死吧是吧引述之銘言乾同樣是奧運金牌待遇差那麼多麻煩再幫我們奪牌,0.0,0.0,0.0,0.0,0.0,0.0,0.0,0.0
47,我們的郭婞淳為什麼沒有幻象伴飛乾同樣是奧運金牌待遇差那麼多麻煩再幫我們奪牌好手伴飛一次好嗎到現在總共面獎牌看看怎麼飛喬一下好嗎,0.0,0.0,0.0,0.0,0.0,0.0,0.0,0.0
48,郭婞淳被高國慶抱首頁剛跳出郭婞淳去統一主場開球影片開完球還被當家明星抱起來阿怎麼沒有女權側翼出來靠杯還是要拿了牌夠有名氣了這些側翼才會去關注有種去燒高阿操側翼是不是都腦上熱啊,0.0,0.0,0.0,0.0,0.0,0.0,0.0,0.0
49,看好郭婞淳潘政琮富邦金控年前就贊助看好郭婞淳潘政琮富邦金控年前就贊助中央社謝方娪台北日電東京奧運如火如荼進行國內大金控近年持續挹注體育發展富邦金相中郭婞淳及潘政琮分別征戰本屆舉重及高爾夫球賽事富邦金表示贊助位選手長達年隨郭婞淳順利奪,0.3961,7.4628,0.7365,0.3889,7.554,0.8144,6.9795,6.3689
50,原住民族日舉重金牌郭婞淳號召正名引述鍵盤大將軍之銘言林宥辰原住民族日原棒協理事長林智勝舉重金牌郭婞淳號召正名完整新聞內文今天是台灣原住民日原住民選手今年東京奧運展現超凡實力中職賽場上也有更多原住民好手原棒協理事長林智勝球星陳鏞基,0.1474,7.1624,0.0918,0.1565,8.1019,0.9358,7.106,7.3584
51,原住民族日舉重金牌郭婞淳號召正名請問為何閩南語要被稱為台語原住民語不是更有資格嗎請問為何閩南人就要自稱為台灣人其它就要被叫外省人客家人原住民新住民所謂台派只是閩南族群沙文主義有沒有卦,0.0,0.0,0.0,0.0,0.0,0.0,0.0,0.0
52,想跟郭婞淳穿同款中華隊服太夯遭仿冒羅一心張子銘許祐祥攝影江俊彥報導想跟郭婞淳穿同款中華隊服太夯遭仿冒完整新聞內文想跟郭婞淳穿同款中華隊服太夯遭仿冒羅一心張子銘許祐祥攝影江俊彥報導發佈時間最後更新時間中華隊也遭到仿冒了嗎中華奧協和羽球品牌合作,0.0,0.0,0.0,0.0,0.0,0.0,0.0,0.0
53,中華隊金牌歸國郭婞淳落淚發一路走來真辛苦反對東奧正名被出征後來得牌又要被黨蹭上去昔反東奧正名遭嗆滾回中國網友力挺郭婞淳如今用實力打臉噁心台派郭婞淳年前被黑中國台北選手奪金牌後一片歌功頌德他批政治真噁心賀東奧第一面金牌被酸郭婞淳,6.353,0.0952,6.8916,6.119,0.2798,6.7922,0.8632,1.1102
54,中華隊金牌歸國郭婞淳落淚發中央社葉臻桃園機場日電中華隊金牌歸國郭婞淳落淚一路走來真非常不容易完整新聞內文中央社葉臻桃園機場日電在東京奧運奪金舉重女神郭婞淳今天載譽歸國她受訪時一度落淚哽咽表示她經歷過受傷挫折低潮和高峰其實這一路走來,1.5063,0.0927,1.6101,1.2924,1.2067,2.5054,1.2467,1.2288
55,郭婞淳奪金范瑋琪嗨爆台灣中國網羅子欣郭婞淳奪金范瑋琪嗨爆台灣中國網民怒洗恭喜中國台灣完整新聞內文東京奧運火熱進行中全台人民都相當關注陳建州黑人身為職業籃球聯盟理事長自然十分關注體育賽事老婆范瑋琪也十分投入昨台灣舉重國手郭,0.1262,5.7548,1.4379,0.1022,5.8294,0.4596,5.6704,5.2693
56,郭婞淳這種個性的女生數量多嗎大家好我肥宅啦是這樣我婆郭婞淳除了拿下金牌之外賽場之下作為也是金牌等級捐贈救護車而且還會彈鋼琴個性刻苦努力人美心也美真是女神像這樣女神大概多少肥宅我有辦法追到這種女森嗎有沒有掛,0.0,0.0,0.0,0.0,0.0,0.0,0.0,0.0
57,莊智淵郭婞淳戴資穎為何不刺青奧運國手刺龍刺鳳走在時代尖端這樣不是很潮嗎莊智淵郭婞淳戴資穎為何不刺青,0.0,0.0,0.0,0.0,0.0,0.0,0.0,0.0
58,比賽時在想什麼郭婞淳曝鈴木一朗金句比賽時在想什麼郭婞淳曝鈴木一朗金句不斷流過心裡體育中心鍾惠宇報導日前台灣舉重女神郭婞淳在東京奧運替台灣奪下本屆第一面金牌她也以抓舉公斤挺舉公斤總和公斤刷新項奧運紀錄更完成世大運亞錦賽世錦賽奧運,0.572,7.0172,0.3013,0.0968,7.2014,1.0848,6.8223,6.3835
59,當年同意東奧正名看到郭婞淳奪金在想啥說真沒什麼感覺阿台灣國力又不是體育換來台積電十萬青年十萬肝才真正偉大體育選手就只是個消耗資源職業沒什麼貢獻跟產值除非是職業球員可以帶來門票收入那當成寶還有點意思不然冷門體育競賽只是你們平淡無奇人生當中一點小,5.1936,0.0975,6.0025,5.6267,0.0411,5.5343,0.3109,0.6158
60,當年同意東奧正名看到郭婞淳奪金在想啥東奧正名就是笑話啊一堆白癡覺青被政客牽著鼻子走什麼台灣人台灣到底算個啥國家奧運拿幾個鳥牌自爽別人把你跟中國算在一起還不知道咧一流運動員早就知道中國才是老大誰跟你搞政治操作小動作這個政府搞芒果乾上台又怎樣講這,1.5351,0.7415,1.5725,2.2559,1.443,2.6301,1.2153,1.2623
61,當年同意東奧正名看到郭婞淳奪金在想啥引述美門帶種點好嗎之銘言引述之銘言新聞東奧正名沒過郭婞淳放心了底下噓聲一片中國台北一片結果人家打破世界紀錄奪金那些噓聲一片中國台北一片人也跟著蹭郭婞淳台灣之光了嘛有沒有八卦想酸東奧正名就直接說一聲不,0.0,0.0,0.0,0.0,0.0,0.0,0.0,0.0
62,當年同意東奧正名看到郭婞淳奪金在想啥引述美門帶種點好嗎之銘言回到正題身為東奧正名志工成員看到東奧正名志工就是覺得賭藍抱歉我不是說你我是說在各位當年我只是在路邊排隊旁邊有東奧正名志工在擺攤然後志工就自己跑過來盧洨了你他媽你想正名是你家,5.8081,0.0962,5.9711,6.7259,2.1932,7.7286,2.3465,0.7564
63,當年同意東奧正名看到郭婞淳奪金在想引述之銘言新聞東奧正名沒過郭婞淳放心了底下噓聲一片中國台北一片結果人家打破世界紀錄奪金那些噓聲一片中國台北一片人也跟著蹭郭婞淳台灣之光了嘛有沒有八卦想酸東奧正名就直接說一聲不用老想藉由別人來達到自己目地,0.0,0.0,0.0,0.0,0.0,0.0,0.0,0.0
64,當年同意東奧正名看到郭婞淳奪金在想啥引述之銘言台灣獨派覺青年來就一個樣蹭李安蹭張忠謀蹭台積電蹭健保都那蠢樣李安拍喜宴飲食男女推手得獎受矚目時很多鯨魚網站台大椰林風情都說他爸爸是老黨棍才能專門騙國片輔導金拍給外省人自己看爽說他拍得片毫無共鳴,0.4941,0.4497,0.5506,0.4773,0.5016,0.5297,0.546,0.499
65,當年同意東奧正名看到郭婞淳奪金在想啥新聞東奧正名沒過郭婞淳放心了底下噓聲一片中國台北一片結果人家打破世界紀錄奪金那些噓聲一片中國台北一片人也跟著蹭郭婞淳台灣之光了嘛有沒有八卦文章網址臺灣真香噓笑而不語推時空背景不同推一起失智東奧正名就笑話民進,0.0,0.0,0.0,0.0,0.0,0.0,0.0,0.0
66,郭婞淳事件現實社會的看法大家好這是一篇道歉文使用回覆文章而非重開一篇新是因為擔心容易被洗掉首先要道歉第一點是不經推特使用者同意就將其圖文截圖至一開始是擔心將使用者打上馬賽克會讓人誤以為我在自導自演沒想到也因為這個原因讓成當事人收到許多謾罵及,0.0,0.0,0.0,0.0,0.0,0.0,0.0,0.0
67,說真的現在練舉重可以追到郭婞淳嗎是這樣啦郭婞淳拿下台灣第一面金牌越看越可愛如果現在開始練舉重從最低公斤到公斤可以追到郭婞淳嗎有沒有八卦,0.0,0.0,0.0,0.0,0.0,0.0,0.0,0.0
68,郭婞淳打的贏羅禮士嗎郭婞淳新科奧運金牌得主世界上最強女人之一羅禮士傳說中那個男人許多知名事蹟像羅禮士房間有張棕熊做地毯其實那頭熊還沒死牠只是不敢動羅禮士曾經登陸過火星這就是為什麼那裡沒有生命跡象等等族繁不及備載那如果今天郭婞淳和,0.0,0.0,0.0,0.0,0.0,0.0,0.0,0.0
69,郭婞淳可以拿雙金嗎看女子公斤奧運比賽第一名重量公斤郭婞淳參加公斤拿重量公斤應該有機會報名兩組拿雙金吧有沒有八卦,0.0,0.0,0.0,0.0,0.0,0.0,0.0,0.0
70,郭婞淳曾因一句話慘遭出征她怒問正名過了還有金牌嗎郭婞淳曾因一句話慘遭出征她怒問正名過了還有金牌嗎中時新聞網王子瑄國民黨文傳會副主委台北市議員王鴻薇日指出中華台北隊舉重選手郭婞淳勇奪金牌後有網友翻出東奧正名公投時郭因在公投失敗後表示放,0.0,0.0,0.0,0.0,0.0,0.0,0.0,0.0
71,郭婞淳事件現實社會的看法不道歉還好有那種道歉還要人家教練給說明咧你們臭肥宅知足好人家女森引述大木之銘言更新一下似乎沒有要為汙衊教練不負責言論道歉以下原文我就想說我在同溫層待得太舒服了所以想說去個推特異溫層看看隨便看了幾篇截個幾張圖好像都普遍覺,0.0,0.0,0.0,0.0,0.0,0.0,0.0,0.0
72,祝賀郭婞淳出包吳思瑤不想再出糗祝賀郭婞淳出包吳思瑤不想再出糗校稿次深夜背著小編偷發文新頭殼楊清緣發布台灣選手征戰東奧表現優異政治人物紛紛祝賀打氣但藍綠都有人搞烏龍國民黨立委馬文君到桌球教父莊智淵臉書留言謝謝他扛起桌球一片天文尾竟稱莊,0.0,0.0,0.0,0.0,0.0,0.0,0.0,0.0
73,韓國瑜開心文分享郭婞淳東奧奪金照這韓小丑出來發聲幹嘛他忘記了自己是最會送頭人嗎送掉市長和總統位置這小丑不要出來選了當初就應該封殺他了,0.0,0.0,0.0,0.0,0.0,0.0,0.0,0.0
74,韓國瑜開心文分享郭婞淳東奧奪金身為一個有運動習慣前高雄市長公開出來鼓勵奧運選手本來就合情合理不懂中央社小編是在靠夭什麼幫大家回顧一下就知道大韓總跟體育淵源有多深了競賽項目競賽項目競賽項目最重要是日本人早已向大韓總學習過如何守時身為優秀運動員比,0.7788,6.5397,0.8037,0.4808,6.8895,0.9868,6.5928,6.1301
75,郭婞淳沒有被騷擾那有沒有被家暴如題我知道性騷擾依據是當事人有沒有這種感覺任何人都不可以幫別人感覺被性騷擾或沒有那家暴也是一樣道理嗎網友可以擅自覺得男生在欺負女生嗎像館長那樣說如果是認識就要打算不算擅自認定人家啊掛,0.2245,0.0574,0.3192,0.2844,0.0916,0.298,0.0498,0.1681
76,韓國瑜開心文分享郭婞淳東奧奪金照韓國瑜開心文分享郭婞淳東奧奪金照中央社請標註照片來源喔楊清緣前高雄市長韓國瑜圖韓國瑜臉書韓國瑜於總統辯論會上對中央社總一句可憐哪迅速引起討論圖翻攝網路舉重女神郭婞淳日在東京奧運女子舉重公斤量級比賽中展,0.1845,0.2654,0.1718,0.1653,0.296,0.2333,0.3096,0.2644
77,郭婞淳是不是肌肉版的高橋愛昨天一堆日本網友在推特上說郭婞淳長得像高橋愛早安少女組那位郭婞淳大家都很熟就不介紹了所以郭婞淳長得像早安少女組高橋愛郭婞淳可以跳一段還是恋愛嗎,0.0,0.0,0.0,0.0,0.0,0.0,0.0,0.0
78,郭婞淳昔憂東奧正名無法出賽遭出征中時帶這種風向真很不行網友現在是認同愛台灣這片土地選手跟沾光有什麼關係當年在錯誤認知下選手表現確實沒有今天耀眼加上當年或許選手就是因為被網友罵翻了內心當下有所反省所以改正了心態確立自己要飲水思源替台灣,5.5582,0.0952,5.7069,5.8422,0.9691,6.1785,0.8949,1.4171
79,郭婞淳事件現實社會的看法引述大木之銘言更新一下似乎沒有要為汙衊教練不負責言論道歉以下原文我就想說我在同溫層待得太舒服了所以想說去個推特異溫層看看隨便看了幾篇截個幾張圖好像都普遍覺得即使郭婞淳已經發文澄清但教練仍然是噁男也不後悔自己未審先判甚至,0.0,0.0,0.0,0.0,0.0,0.0,0.0,0.0
80,要怎麼追郭婞淳各位大大好郭婞淳為台灣拿下第一面金牌實在覺得猛笑起來也超可愛讓小弟我有戀愛感覺請問如果是你會怎麼追郭婞淳有沒有八卦,0.0,0.0,0.0,0.0,0.0,0.0,0.0,0.0
81,為何要攻擊郭婞淳的教練引述喊冤喊之銘言剛剛才發現出事了爬了一下文發現很可怕趁機操弄為何要攻擊郭婞淳教練有什麼目嗎你說是什麼意思要講清楚啊新聞民進黨收割失敗最新民調僅認為買到歸功政府不然天天在那邊罵到自己人然後被公幹那很尷尬欸蟑螂會吃同類知,0.0,0.0,0.0,0.0,0.0,0.0,0.0,0.0
82,郭婞淳昔憂東奧正名無法出賽遭出征有種不要碼啦再補張周天成當時臉書被出征照片最後附上有台灣價值報導只因立場不同就出征自己運動員等到運動員拿獎又用國家名義各種蹭有時候我真分不清綠共跟中共差別引述關公面前耍大屌之銘言中時中時新聞網趙偉陵中時季志翔郭,5.1813,0.1702,5.8611,6.0311,0.8724,7.014,1.1066,0.909
83,喂郭婞淳被教練擁抱時應該要甚麼表情才可以引述之銘言本佛納悶甚麼女權甲權余祥拳其實哀洞凱爾只要有一點點血性正常人台灣隔了年才又拿到奧運金牌一個跟家人一樣教練開心擁抱選手有甚麼好奇怪一堆垃圾低能兒就可以看圖說故事來炒自己網路聲量喂郭婞淳被教練,6.6478,0.2382,6.1981,6.6203,1.7261,6.9905,2.2559,0.6784
84,郭婞淳是好的交往對象嗎女神現在還單身牽手時候手粗粗抱抱到時候會被胸肌頂到從後面親脖子時候臉會有點臭臭戀愛經驗不足可能不太會處理感情事務但是人很漂亮又有很多存款人又很善良個性也很好到底該不該跟她交往呢,0.0,0.0,0.0,0.0,0.0,0.0,0.0,0.0
85,有沒有找不到高清郭婞淳頒獎典禮的八卦如題誠心發問這太扯了吧也搞政治嗎我搜了十分鐘了竟然找不到郭婞淳領取奧運金牌現場播放國旗歌第一手畫面都是在家裡錄不然就新聞台畫面有沒有誰能提供拜託,0.0,0.0,0.0,0.0,0.0,0.0,0.0,0.0
86,奧運金牌郭婞淳竟遭網軍出征奧運金牌郭婞淳竟遭網軍出征中時吳思賢報導郭婞淳以舉重拿下東京奧運第一面金牌讓全台民眾都感到歡欣振奮還有綠營民代在臉書蹭流量卻連郭婞淳名字都寫錯更令人驚訝是原來郭婞淳在年居然曾經遭到綠營網軍出征台灣島史記作者前立,1.4342,0.778,1.3177,1.3908,0.923,1.3471,1.2596,1.1157
87,郭婞淳奪金男星曬照神複製致敬演中時新聞網溫振甫郭婞淳奪金男星曬照神複製致敬演藝圈暴動了完整新聞內文中華代表團出征東京奧運屢獲佳績舉重女神郭婞淳昨日出戰女子公斤級舉重項目以抓舉公斤挺舉公斤總分分表現順利奪下金牌消息一出也令台灣,0.9019,6.7165,0.5813,0.5074,7.2552,1.2807,6.9558,6.1145
88,郭婞淳現在在想什麼是這樣拉昨天郭婞淳好不容易為自己拿下奧運金牌結果在這個本應該屬於自己時刻因為某些人焦點整個都被模糊掉她會不會覺得很肚爛阿辛苦了這麼久也終於達成目標然後現在還要被搞這一齣有沒有她現在在想什麼八卦,0.0,0.0,0.0,0.0,0.0,0.0,0.0,0.0
89,郭婞淳昔憂東奧正名無法出賽遭出征我們本來就是中國誰跟你什麼台灣郭就是以中國為榮想替我大中國拿獎牌錯了嗎整天搞政治不煩嗎好好當個堂堂正正中國人就好了何必囉囉嗦嗦,0.0,0.0,0.0,0.0,0.0,0.0,0.0,0.0
90,郭婞淳事件現實社會的看法剛看了一下一堆女權而且還是很醜那種正還一咪咪可以原諒還是在無限腦補那我也可以腦補說郭被教練興奮抱起當下突然想到幹會被女權做文章靠盃炒新聞想到心情差起來了所以整個臉垮下來女權給我出來道歉唷你們造成人家不舒服了唷,6.531,0.4617,6.8515,7.2876,0.3989,7.3672,0.9883,1.4795
91,為何要攻擊郭婞淳的教練剛剛才發現出事了爬了一下文發現很可怕趁機操弄為何要攻擊郭婞淳教練有什麼目嗎,0.0,0.0,0.0,0.0,0.0,0.0,0.0,0.0
92,柯宇綸截圖質疑郭婞淳教練擁抱舉動潘鈺楨柯宇綸截圖質疑郭婞淳教練擁抱舉動遭出征堅不刪文行為不自己判斷完整新聞內文舉重女神郭婞淳在東京奧運女子公斤級為台灣奪得奧運金牌賽後教練林敬能激動擁抱不過許多觀眾發現郭婞淳微皺眉表情頗耐人,8.4973,0.7314,8.419,8.0992,1.4839,8.5586,2.2353,2.0367
93,郭婞淳昔憂東奧正名無法出賽遭出征中時中時新聞網趙偉陵中時季志翔郭婞淳昔憂東奧正名無法出賽遭出征奪金牌逆風成台灣之光完整新聞內文舉重女神郭婞淳昨日在東京奧運女子舉重公斤級比賽以抓舉公斤挺舉公斤總和公斤三創奧運紀錄為台灣摘下本屆奧運首,1.2011,0.9404,0.9429,1.1693,0.9027,2.321,0.8875,0.7393
94,喂郭婞淳被教練擁抱時應該要甚麼表情才可以本佛納悶甚麼女權甲權余祥拳其實哀洞凱爾只要有一點點血性正常人台灣隔了年才又拿到奧運金牌一個跟家人一樣教練開心擁抱選手有甚麼好奇怪一堆垃圾低能兒就可以看圖說故事來炒自己網路聲量喂郭婞淳被教練擁抱時應該,6.6478,0.2382,6.1981,6.6203,1.7261,6.9905,2.2559,0.6784
95,把郭婞淳寫成陳玟卉挨轟吳思瑤落淚致歉新頭殼陳佩君台北市報導把郭婞淳寫成陳玟卉挨轟吳思瑤落淚致歉再錯切腹舉重女神郭婞淳昨天在舉重女子公斤量級比賽上以抓舉公斤挺舉公斤總和公斤成績摘下東京奧運金牌舉國歡騰不過民進黨立委吳思瑤團隊在製,1.0391,0.273,0.8457,0.7389,0.1788,1.0394,0.529,0.5312
96,郭婞淳事件現實社會的看法現實社會是相信當事人說法居多畢竟這才是直接證據至於那些人我認為無關顏色而是這本來就是全世界相關社會運動基本上主流再說清楚一點這就美國左派社運搞出來性別運動甚至還能不能稱為女權也要打個問號了這群台灣版就跟發源地美國極,0.0,0.0,0.0,0.0,0.0,0.0,0.0,0.0