﻿,Title,Anger,Anticipation,Disgust,Fear,Joy,Sadness,Surprise,Trust
0,楊勇緯極限在哪剛剛又奪滿貫賽金牌了剛剛看安塔利亞大滿貫賽男子柔道公斤冠亞軍賽世界排名第一楊勇緯又奪大滿貫賽金牌真超猛本以為媒體捧拍廣告上節目就會往下墜了結果越來越猛看來巴黎奧運金牌大大有希望了楊勇緯極限在哪,0.2322,8.5159,0.4307,0.422,6.7494,0.3431,5.7659,5.657
1,楊勇緯任家扶愛心大使籲百元捐助弱勢兒少圓夢中央社吳欣紜楊勇緯任家扶愛心大使籲百元捐助弱勢兒少圓夢完整新聞內文中央社吳欣紜台北日電弱勢家庭受限經濟因素讓兒少對夢想敢夢不敢做柔道好手楊勇緯有感弱勢家庭困境擔任家扶基金會愛心大使呼籲民眾,0.0,0.0,0.0,0.0,0.0,0.0,0.0,0.0
2,楊勇緯可以打幾個瑪莎惡少欸我阿肥啦先恭喜楊勇緯公斤級世界排名第一又拿了大滿貫金牌楊勇緯是土生土長台中人如果騎摩托車在臺灣大道遇到我們幾個看起來很兇瑪莎惡少攔車楊勇緯一個可以打幾個我個人是覺得那個最兇應該被楊勇緯關節技壓在地上不用三十秒應該就被,1.9079,0.3933,1.463,1.1775,0.5929,0.6012,0.2238,0.4085
3,楊勇緯比擊敗俄羅斯選手阿布達比柔道楊勇緯比擊敗俄羅斯選手阿布達比柔道大滿貫賽摘金中央社龍柏安台北日電東京奧運銀牌得主台灣柔道男神楊勇緯今天在阿布達比柔道大滿貫賽男子公斤金牌戰成功擊敗世界排名俄羅斯好手阿卜杜拉耶夫拿下生涯首座大滿貫賽,0.8218,4.3297,0.3677,0.2419,4.7344,0.7715,4.4539,4.5093
4,阿布達比大滿貫賽楊勇緯奪生涯首金穩阿布達比大滿貫賽楊勇緯奪生涯首金穩住世界第一寶座年月日新聞雲路皓惟今年最後一場國際賽阿布達比大滿貫賽今日男子公斤級賽事世界排名第一台灣柔道男神楊勇緯勢如破竹連過關後在金牌戰擊退今年巴黎大滿貫銀牌得主,5.8889,0.329,5.7092,5.7504,0.1991,5.3469,0.7359,0.9799
5,楊勇緯登上世界第一柔道男神夢想達陣例如中央社至少要有來源或如法新社中央社龍柏安台北日電楊勇緯登上世界第一柔道男神夢想達陣完整新聞內文社論特稿都不能貼貼喔根據國際柔道總會最新世界積分排名台灣柔道好手楊勇緯在男子公斤量級成為世界第一中央社,0.247,6.6931,0.6496,0.1314,7.3936,0.7816,6.5796,7.0096
6,董哥被楊勇緯摔的這一刻在想啥卦大家豪寶傑豪這次奧運得牌破紀錄啦所以以前那些選手上節目影片都有紀錄像是小戴有上過我猜楊勇緯綜藝大集合也上了兩次最一開始是國中就上去表演了瓜哥接下來我們就對打了眾來賓好瓜哥來董哥就位董哥以前在大集合是苦力擔當嗎,0.0,0.0,0.0,0.0,0.0,0.0,0.0,0.0
7,楊勇緯李洋矮帥高普怎麼選你會這樣問代表你心裡覺得女生看男生只看外表實際上這兩個市場都很大他們都有強大厚實力撐腰如果今天條件撇出運動國手身分兩個都是公務員那兩個都市場都很小楊勇緯很帥但如果只是基層公務員帥度降成被熟女同事調戲而已至於李洋也不到高,8.2274,0.0979,9.0404,8.7314,1.2231,9.0285,2.276,1.8462
8,楊勇緯李洋矮帥高普怎麼選如題啦楊勇緯身高公分很帥李洋身高公分長相相對來說比較普通但是身高算是高如果可以選話大家比較喜歡哪一種,1.3075,5.1048,2.6105,3.0019,6.7987,2.6284,6.3324,6.2105
9,楊勇緯謝謝台中市政府在奧運柔道激戰後拿到銀牌楊勇緯凱旋歸來隔離完後馬上獲得台中市政府表揚並拿到萬獎勵金楊勇緯表示感謝市府支持和照顧讓選手可以無後顧之憂地投入訓練只能說反觀,1.4559,0.832,2.3922,2.003,0.5813,1.8212,0.0859,1.4412
10,身高沒有是半殘那楊勇緯怎麼辦如題啦八卦板有一句話是這樣男生身高沒有是半殘那楊勇緯這種身高不到小隻馬帥哥腫麼辦楊勇緯現在變成名人了自然不需要鄉民擔心但是一般這種小隻馬男孩臉帥真可以彌補身高不足嗎有卦,0.0,0.0,0.0,0.0,0.0,0.0,0.0,0.0
11,台中人同名楊勇緯五星免費吃到飽新聞網廖凡漪攝影江俊彥報導台中人同名楊勇緯五星免費吃到飽搶搭奧運熱潮台中知名飯店業者推出優惠只要跟台中出身名選手名字有一個字相同又設籍台中來五星級自助餐廳用餐就享有半價優惠如果和楊勇緯同名同姓更直,6.525,0.0986,7.4438,6.4887,0.9606,7.7537,2.1776,1.0569
12,楊勇緯帥氣林真豪可愛許維恩想簽演藝經自由李依純台北報導楊勇緯帥氣林真豪可愛許維恩想簽演藝經紀約完整新聞內文許維恩上月推出香氛酒精噴霧竟被帶到東京奧運會場讓她超驚喜原來是她助理姊姊友人剛好是柔道國手楊勇緯林真豪等人教練之一助理姊姊得知他們要,1.1445,6.3471,0.7465,0.7573,7.673,1.6332,8.6055,6.0292
13,羅嘉翎和楊勇緯最萌身高差的八卦羅嘉翎真太高了啦楊勇緯站在旁邊真超小隻差了有沒有這兩位是最萌身高差八卦羅嘉翎真只有嗎,0.0,0.0,0.0,0.0,0.0,0.0,0.0,0.0
14,柔道中市宣布提高奧運獎金楊勇緯摘銀例如聯合至少要有來源或如法新社陳秋雲柔道中市宣布提高奧運獎金楊勇緯摘銀萬變萬完整新聞內文社論特稿都不能貼貼喔台中市長盧秀燕今宣布台中市政府提高奧運金牌激勵金至萬元銀牌獎金至萬元銅牌獎金至萬元奪下奧運柔,0.6721,6.8724,0.9205,0.1759,6.7768,0.4864,6.4366,6.4154
15,東奧盧秀燕東奧獎金加碼楊勇緯奪銀牌中時盧金足東奧盧秀燕東奧獎金加碼楊勇緯奪銀牌萬變萬完整新聞內文台中市運動健將在東京奧運奪牌創佳績市長盧秀燕日在市政會議會宣布針對台中選手加碼奧運帕運激勵金加碼幅度六都最多本島最佳奧運金牌萬變萬銀,0.4664,6.929,0.8881,0.2106,7.4119,1.0019,7.0467,6.5205
16,楊勇緯疑女友遭肉搜高攀不起心碎發這裏就可以看出男女不同點了男每天說結衣我老婆真結婚了大家也只是哀嚎感嘆自己不如人祝福人家幸福美滿女看到人家有女友或老婆直接上去臭幹人家還說別人高攀不起恐怖哦恐怖到了極點哦,8.1645,0.3319,8.1931,8.5341,1.4223,9.0349,1.9468,1.3563
17,楊勇緯疑女友遭肉搜高攀不起心碎發我猜是特殊交友圈內朋友做啦整天說自己性向正常想把別人掰彎人家女性友人合照曝光也被肉搜一起合照都不行了膩噁心,7.6167,0.0935,7.2379,7.169,1.2308,8.7151,2.3758,0.5817
18,楊勇緯疑女友遭肉搜高攀不起心碎發女生慕強很正常楊勇緯本身就強得了奧運銀牌後名氣財富都有了前途更是不可限量加上顏值也不差不選楊勇緯難道選那些肥宅嗎,0.0,0.0,0.0,0.0,0.0,0.0,0.0,0.0
19,楊勇緯疑女友遭肉搜高攀不起心碎發欸這時侯女權應該出來說兩句了吧來點個名好惹民進黨婦女部雞排妹鄭佳純周芷萱范雲財經網美胡采蘋林靜儀賴品妤女人迷這些好像都是平常嗆很大聲女權是不是應該來建立一個噁女噁甲名單了,0.7897,0.7989,0.7633,0.7778,1.2981,0.7873,7.9177,10.3757
20,楊勇緯疑女友遭肉搜高攀不起心碎發靠北阿就不懂得尊重人家生活啊馬人家私生活如何到底關你們屁事照照鏡子啦真以為自己有機會喔如果真有心要追求就每一場比賽都到現場給予鼓勵支持我想運動員一定會記住你啦啊如果是去出征運動員親友運動員也會記住你喔小妹就,4.0001,0.0759,3.6429,4.7988,1.5915,5.5045,1.0496,0.0977
21,楊勇緯疑女友遭肉搜高攀不起心碎發王翊綺楊勇緯疑女友遭肉搜高攀不起心碎發文都給你們吧完整新聞內文台灣柔道天菜楊勇緯征戰東京奧運勇奪銀牌堅毅應戰和帥氣外型圈粉無數追蹤數如今更達到萬人不少人自稱楊太太日本粉絲甚至為他創了八,7.5693,0.1618,7.9967,7.9226,1.0368,8.7631,1.6648,0.8795
22,女權有尊重過楊勇緯跟麟洋嗎引述之銘言郭婞淳教練事件女權主義無不憤慨大多都發文開噴教練不尊重他人意願但麟洋配奪金後一堆意淫他們是情侶還要他們就地結婚說好尊重呢李洋是有女朋友有尊重過他女朋友嗎楊勇緯奪銀後冒出一堆楊太太留言還有一堆秒排卵言詞請,0.0,0.0,0.0,0.0,0.0,0.0,0.0,0.0
23,女權有尊重過楊勇緯跟麟洋嗎引述之銘言但麟洋配奪金後一堆意淫他們是情侶還要他們就地結婚說好尊重呢以尊重來說關鍵之一是當事人怎麼看雖然不確定就地結婚這個說法有沒有對麟洋造成什麼困擾不過王齊麟自己有轉發類似說法應該至少沒有很反感吧,0.0,0.0,0.0,0.0,0.0,0.0,0.0,0.0
24,女權有尊重過楊勇緯跟麟洋嗎引述之銘言郭婞淳教練事件女權主義無不憤慨大多都發文開噴教練不尊重他人意願但麟洋配奪金後一堆意淫他們是情侶還要他們就地結婚說好尊重呢李洋是有女朋友有尊重過他女朋友嗎楊勇緯奪銀後冒出一堆楊太太留言還有一堆秒排卵言詞請,0.0,0.0,0.0,0.0,0.0,0.0,0.0,0.0
25,女權有尊重過楊勇緯跟麟洋嗎郭婞淳教練事件女權主義無不憤慨大多都發文開噴教練不尊重他人意願但麟洋配奪金後一堆意淫他們是情侶還要他們就地結婚說好尊重呢李洋是有女朋友有尊重過他女朋友嗎楊勇緯奪銀後冒出一堆楊太太留言還有一堆秒排卵言詞請問有尊重過,0.0,0.0,0.0,0.0,0.0,0.0,0.0,0.0
26,楊勇緯是日本培訓出來的嗎運動員到該項運動最成熟國家移地訓練是常有事像楊勇緯就去過日本訓練楊說這對他心理素質幫助很大技術也更加精進最後為台灣贏得一面奧運銀牌最近八卦很多人帶風向說小林是中國培訓為何沒人帶風向小楊是日本培訓是因為培訓地點是中,0.0,0.0,0.0,0.0,0.0,0.0,0.0,0.0
27,楊勇緯國中就上大集合靠爆發力飛李依純台北報導楊勇緯國中就上大集合靠爆發力飛躍主持群完整新聞內文楊勇緯國中模樣民視提供綜藝大集合本週將播出奧運特輯向台灣好手們致敬新生代柔道男神楊勇緯在新民高中上節目模樣日前被網友挖出後又有人,1.392,0.0975,1.5278,1.8205,0.437,1.9185,0.6706,0.5652
28,東奧國手回來了楊勇緯與羅嘉翎成焦點東奧國手回來了楊勇緯與羅嘉翎成焦點黃義書陳嘉寧聯合東奧我國柔道跆拳道等代表隊日傍晚搭乘中華航空公司班機從日本東京載譽凱歸獲得柔道銀牌楊勇緯與拿下跆拳道銅牌羅嘉翎成為焦點日凱歸成員包括柔道跆拳道輕艇舉重等個,0.6664,6.9275,1.0198,0.1785,6.993,0.6952,6.8067,6.7059
29,楊勇緯把直男掰彎的機率有多高各位直男紳士朋友們假如某天像楊勇緯這類型體育帥哥跟你告白各位被掰彎機率有多高有沒有卦,0.0,0.0,0.0,0.0,0.0,0.0,0.0,0.0
30,楊勇緯熱情揮手下秒撞紅龍鬆口吐柯振中楊勇緯熱情揮手下秒撞紅龍鬆口吐最大遺憾下次再拼完整新聞內文東奧開賽第五天台灣選手屢傳佳績部分賽程落幕柔道國手楊勇緯跆拳道國手羅嘉翎以及舉重國手方莞靈等名選手日傍晚抵台教練們同機隨行其中奪得銀,0.8574,6.599,1.0521,0.485,7.3286,1.2845,7.08,6.5754
31,楊勇緯抖音嫩片被挖出超醜鬼臉網照買單中時新聞網吳品瑤楊勇緯抖音嫩片被挖出超醜鬼臉網照買單嗨喊國民老公完整新聞內文東京奧運歷經新冠肺炎衝擊與考驗延期年終於舉行而不只比賽本身精彩選手群本身也帶來滿滿亮點其中來自台灣歲柔道選手楊勇緯不,0.9123,6.7246,0.2238,0.6496,7.0027,1.4085,6.7781,5.5369
32,楊勇緯王冠閎林昀儒要選誰感覺這次台灣選手都走帥氣可愛路線八卦版各位夾起來小妹這三個要選誰比較專業是蹭金牌勇緯還是建中怪物冠閎還是都在耍憨昀儒有沒有八卦哇,7.179,0.0979,7.5851,6.9213,1.9475,7.6991,1.9316,0.4419
33,楊勇緯和王冠閎誰比較帥一位是皮膚黝黑五官深邃流著排灣族血液陽光男孩另一位則是皮膚白皙單眼皮長相比較偏日韓系小鮮肉兩位都有著運動員勻稱身材與超強體能若純論外表誰會勝出呢,0.6299,5.0682,1.029,1.4522,6.0703,1.4524,5.9048,5.6469
34,楊勇緯無懸念成新一代國民男神男網友楊勇緯無懸念成新一代國民男神男網友喊心已被吳佳穎射穿李鴻典台北報導疫情下東奧依然話題超夯有業者進行票選柔道天菜楊勇緯暖男呆萌形象讓台女表示都戀愛了無懸念成新一代國民男神新國民女神則是射擊甜心吳佳穎也讓男,6.0597,0.3705,5.3199,5.0209,0.0975,5.2989,1.1548,0.5461
35,楊勇緯沒交過女朋友甲甲是不是有機會了柔道銀牌楊勇緯沒有交過女朋又甲甲是不是有機會了把他掰歪可以每天跟他練柔道流口水有沒有把卦,0.0,0.0,0.0,0.0,0.0,0.0,0.0,0.0
36,想看王冠閎教楊勇緯游泳請推文奧運游隊一定可以遇到柔道隊吧那麼真好想要看王教楊游泳畫面很消暑但越看越熱也沒差啦兩位男生身材都小小隻印象有老外當比例尺在盛夏泳池中互相跨領域交流認識彼此可以吧其實楊勇緯也能教王柔道只是王會被楊一直壓制在掙扎,7.69,0.6629,7.8088,6.8829,0.4714,6.7151,0.6539,1.8053
37,楊勇緯沒有女朋友哥親證實單身原因引述薇薇之銘言林緯平至於被問到楊勇緯喜歡怎樣女生哥哥笑說弟弟從來沒有跟我討論過並認為勇緯本來就長得好看所以很多人喜歡他因此很習慣大家都喜歡他最後談起這位台灣之光未來動向楊俊霆表示弟弟接,0.0,0.0,0.0,0.0,0.0,0.0,0.0,0.0
38,楊勇緯沒有女朋友哥親證實單身原因林緯平楊勇緯沒有女朋友哥親證實單身原因曝光被問徵友條件笑了完整新聞內文柔道型男楊勇緯日在東奧柔道公斤級奪下銀牌寫下台灣運動史新猷然而他帥氣外表加上謙虛態度讓他一夕之間吸粉無數許多粉絲搶當楊,0.0,0.0,0.0,0.0,0.0,0.0,0.0,0.0
39,楊勇緯與羅嘉翎速配嗎楊勇緯贏得台灣在奧運柔道賽史上第一面奧運銀牌羅嘉翎贏得跆拳道奧運銅牌楊勇緯與羅嘉翎速配嗎楊勇緯近歲羅嘉翎近歲兩人差歲年齡很速配楊勇緯是帥哥羅嘉翎身材好很可愛楊勇緯身高公分羅嘉翎身高公分女生比男生高公分可能是與一,0.0,0.0,0.0,0.0,0.0,0.0,0.0,0.0
40,寢技要怎麼練才能跟楊勇緯一樣強最新出爐東奧男子級柔道銀牌得主楊勇緯聽說他最拿手就是寢技只要被他弄倒在地絕對爬不起來看小魯也想來練練寢技不知道該如何入門有鍵盤教練能線上指導一下嗎發廢文像是去了另一個世界好像甚麼煩惱都沒了就像是一場夢我一直在,0.0,0.0,0.0,0.0,0.0,0.0,0.0,0.0
41,楊勇緯高中參賽綜藝大集合帥樣曝光東奧奪銀楊勇緯高中參賽綜藝大集合帥樣曝光胡瓜當年就發現他臂力驚人上報吳維書年月日楊勇緯大圖在東奧勇奪銀牌他高中錄綜藝大集合帥氣模樣曝光小圖引發討論大圖取自楊勇緯臉書小圖民視提供歲台灣柔道選手楊勇緯一戰成名,0.2788,0.2511,0.282,0.2668,0.2795,0.2871,0.3193,0.2691
42,楊勇緯東奧首奪銀牌謝志偉嘆斯斯有兩所以如果沒有國民黨來台今天台灣人就是用台灣名義參賽在當年社會主義蔚為風潮覺青入共就是潮氛圍下如果國民黨沒來台灣人主動投入中共懷抱可能機率還大一點今天台灣人就是舉五星旗參賽了,1.7866,1.4262,1.4688,1.7851,1.3609,1.7651,1.2403,1.2513
43,豆導會怎麼拍楊勇緯傳記我們大導演鈕承澤如果要把這次柔道元年拍成電影一定要拍楊勇緯阿還是豆導會自己下去瘋狂用寢技幹對手豆導兼詮釋楊主角拍自己一生奮鬥銀牌過程大家來討論看看吧,7.4332,0.5901,7.4837,7.1683,1.2685,7.2874,1.4804,1.6762
44,楊勇緯落敗原因出爐遭指導無戰意剛剛看到奧運板有人三指導原因來源自官網正規時間有二個指導指導避免對手抓握指導無戰意黃金得分時間有一個指導指導防禦姿態原來是這樣輸掉,0.052,0.0357,0.0471,0.0546,0.0389,0.0552,0.0433,0.0452
45,謝長廷點出楊勇緯落敗原因裁判很引述之銘言柯振中謝長廷點出楊勇緯落敗原因裁判很專業網一聽都懂了完整新聞內文柔道國手楊勇緯出征東奧率先替台灣拿下銀牌也是台灣柔道史上首面銀牌對此駐日代表謝長廷點出金牌戰落敗原因因為日本選手高藤直壽沒,0.1711,0.1631,0.1357,0.1547,0.1761,0.1803,0.1848,0.2292
46,楊勇緯跟館長單挑誰贏如題楊勇緯奧運柔道銀牌館長飆悍綜合格鬥好像蠻強兩個單挑誰贏有卦嗎,0.0,0.0,0.0,0.0,0.0,0.0,0.0,0.0
47,慟楊勇緯高中時沒交過女朋友就是那個我國柔道好手楊勇緯前天拿下銀牌那個粉絲人數從萬變幾萬樣子一堆迷妹跟地方媽媽搶著認當楊太太好像今天有錄影感謝國人支持然後教練有接受媒體採訪還爆料說楊勇緯高中沒有交過女朋友因為教練下達禁愛令同樣高中沒交過女朋友這,0.0,0.0,0.0,0.0,0.0,0.0,0.0,0.0
48,奧運柔道銀牌楊勇緯感言我很幸運也很幸游振昇台中即時報導奧運柔道銀牌楊勇緯感言我很幸運也很幸福完整新聞內文柔道男神楊勇緯首度進軍奧運在男子組公斤級為中華隊摘下首面銀牌成為台灣在奧運柔道項目第一面獎牌他今晚在東京奧運選手村在寫下自己得,0.5786,6.7256,0.4486,0.4646,8.3474,1.3583,7.5076,6.7239
49,謝長廷點出楊勇緯落敗原因裁判很我剛才看新聞才發現雖然兩方不積極攻擊可是日本選手靠小動作腳有在划空障眼法讓裁判認為日方選手比較沒有楊這麼不積極判日本選手個指導台灣選手個指導比起楊勇緯日本選手少一個指導所以就如大家說傷害是比較得來,0.0,0.0,0.0,0.0,0.0,0.0,0.0,0.0
50,謝長廷點出楊勇緯落敗原因裁判很柯振中謝長廷點出楊勇緯落敗原因裁判很專業網一聽都懂了完整新聞內文柔道國手楊勇緯出征東奧率先替台灣拿下銀牌也是台灣柔道史上首面銀牌對此駐日代表謝長廷點出金牌戰落敗原因因為日本選手高藤直壽沒有摔倒成功,0.7556,6.9084,0.0965,0.2541,7.3637,0.9284,6.8716,6.7208
51,楊勇緯在飛機上遇到詹家姐妹要說什麼楊勇緯奪得台灣第一面柔道獎牌回程在飛機上遇到第一輪淘汰詹家姊妹詹資源比他多備份也比他高遇到要說什麼勒,0.1669,0.9566,0.3104,0.05,0.5799,0.0152,0.4996,1.0176
52,全國狂賀蘇貞昌感謝柔道男神楊勇緯全國狂賀蘇貞昌感謝柔道男神楊勇緯東奧奪銀創歷史新聞雲蘇晏男台北報導已經創造台灣柔道歷史楊勇緯在本屆東京奧運闖進金牌戰面對日本高藤直壽楊勇緯延長賽被判次指導落敗獲得銀牌對此行政院長蘇貞昌在臉書盛,0.28,0.435,0.3003,0.233,0.3849,0.2763,0.4213,0.4291
53,富邦集團祭助威金柔道男神楊勇緯萬富邦集團祭助威金柔道男神楊勇緯萬美元入袋萬千華台北報導東京奧運於今日正式開幕富邦集團為鼓舞士氣宣布將設置金牌萬美元銀牌萬美元銅牌萬美元富邦助威金而富邦金控及台灣大哥大贊助柔道選手楊勇緯拿下台灣第一銀,0.8288,6.9326,1.3278,0.3179,7.0606,0.8879,7.0447,6.5607
54,楊勇緯是新一代甲甲天菜嗎大家好本屆奧運勇奪首面獎牌楊仔楊勇緯不管身材顏值都是一等一尤其是柔道服被扯開那片胸吖斯突然想到號稱甲甲天堂台灣每天都有大量甲甲出櫃像楊這種選手是新一代甲甲天菜嗎有沒有卦,0.0,0.0,0.0,0.0,0.0,0.0,0.0,0.0
55,楊勇緯塊陶阿你屁眼已經被甲甲盯上了甲板最新一篇花癡文一堆甲甲已經集體盯上了楊勇緯還表示不管他本人性向正常還是甲甲下面一堆甲在叫老公而且不只想禍害楊勇緯連楊勇緯爸爸和哥哥都變成甲甲集體意淫對象甲甲夠了喔因為你們管不住屌和屁眼,5.693,0.0975,6.1549,6.5368,1.1344,7.0323,1.2162,0.9431
56,東奧楊勇緯奪銀他家窄巷有福了台引述公鯊小之銘言東奧楊勇緯奪銀他家窄巷有福了台中市府將另闢維生道路市長盧秀燕立委楊瓊瓔與市議員陳本添第一時間就到楊家恭賀后里區三豐路巷約有戶左右居民不少住戶是軍眷第二代巷弄兩側房屋老舊路幅狹小消防車難以進,5.4848,0.0805,6.1908,6.7736,0.5475,6.9726,0.5508,0.1916
57,柔道型男楊勇緯奧運奪銀台湾選手登日本推特熱議閔文昱柔道型男楊勇緯奧運奪銀台湾選手登日本推特熱議楊勇緯日出賽東京奧運柔道公斤勇闖金牌戰面對日本高藤直壽楊勇緯延長賽被判次指導落敗獲得銀牌而楊勇緯精湛技巧及帥氣外表馬上吸引不少人關注,0.2036,0.2582,0.2344,0.2027,0.2728,0.2177,0.3029,0.2993
58,東奧楊勇緯奪銀他家窄巷有福了台中市東奧楊勇緯奪銀他家窄巷有福了台中市府將另闢維生道路張軒哲台中報導張軒哲台中報導出身台中市台灣選手楊勇緯昨日在東奧柔道金牌戰不敵地主日本名將高藤直壽仍創下我國奧運首面銀牌佳績窄巷鄰居放鞭炮慶祝同賀由於楊家經,5.28,0.0957,4.66,4.9317,0.3098,5.0018,0.6467,0.3825
97,楊勇緯奪台灣第一面獎牌蔡英文恭賀王怡翔三立新聞東京奧運日柔道項目傳出捷報台灣好手楊勇緯闖進金牌戰雖然不敵日本好手高藤直壽但楊勇緯拿下銀牌寫下台灣柔道史上新頁也是東京奧運台灣第一面獎牌總統蔡英文特別發文恭賀直呼實在讓人感動楊勇緯,5.28,0.0957,4.66,4.9317,0.3098,5.0018,0.6467,0.3825
98,高藤直壽幹嘛把楊勇緯的手手舉起來大家都有看比賽吧所以我就不提供圖片了比賽最後結束時候日本選手高藤直壽帶領著小鮮肉楊勇緯把他手手舉起來阿謝謝世界觀眾看我們表演這個舉動怎感覺超假就好像日本人客套假掰感覺,0.0,0.0,0.0,0.0,0.0,0.0,0.0,0.0
99,讓世界看見台灣柔道楊勇緯我要的新聞雲王真魚日本東京報導讓世界看見台灣柔道楊勇緯我要是金牌完整新聞內文楊勇緯圖體育署提供排灣族勇士楊勇緯日在本屆東京奧運闖進金牌戰面對日本高藤直壽延長賽被判次指導落敗獲得銀牌拿下台灣柔道隊史首面獎,6.2239,0.1954,6.1794,6.094,0.1944,5.8732,0.7353,1.2085
59,東奧銀牌楊勇緯自拍謝國人型男高中未交地方中心王煌忠賴文忠台中報導東奧銀牌楊勇緯自拍謝國人型男高中未交女友原因曝光母校公開青澀照完整新聞內文東京奧運開戰第首日台灣柔道男神楊勇緯在男子公斤級賽事中過關斬將挺進冠軍戰雖敗給日本好手高藤直壽,0.0676,0.0601,0.058,0.0521,0.073,0.0676,0.0851,0.0711
60,楊勇緯打得過力王嗎台灣柔道第一楊勇緯地表最強男人力王都幾你覺得對決誰會贏,0.0,0.0,0.0,0.0,0.0,0.0,0.0,0.0
61,老人說楊勇緯生對時代才能拿牌怎麼反駁乳蹄剛剛聽到鄰居伯伯說楊勇緯生對時代才能參加奧運他們那代最青春年齡都要奉獻給國軍如果是以前每個人都是兩年兵有人還三年歲還在營區還軍旅債當兵前後哪有時間給你練習你體力好早就在連集合場操你棉被操了因為這代兵役縮,0.0,0.0,0.0,0.0,0.0,0.0,0.0,0.0
62,楊勇緯東奧奪銀母親讓世界看到台灣柔道成績中央廣播電台張緒華楊勇緯東奧奪銀母親讓世界看到台灣柔道成績台中柔道男神楊勇緯首次出征東奧今天日即為台灣奪下銀牌他母親在比賽後出面接受採訪時表示楊勇緯努力有拚到想要路及目標更讓全世界看到台灣,0.7427,6.1743,1.0065,0.5769,5.9484,0.6824,4.9225,6.4259
63,蔡英文挺台灣隊大家辛苦了釣楊勇緯一群刁民這不過在洗白而已不用緊張得牌後會進總統府現在不努力洗白恭喜安撫比完進總統府不就尷尬我敢保證戴到時候進總統府表揚時乖跟總統養貓一樣吭都不敢吭只能在靠靠杯而已,0.0,0.0,0.0,0.0,0.0,0.0,0.0,0.0
64,蔡英文挺台灣隊大家辛苦了釣楊勇緯奪牌這種開心事身為國家元首發文慶賀也是理所應當被說蹭還不是因為波這波疫情搞到民心背離但是除了蹭之外希望小英總統記得提醒現在日本迷妹很多千萬不要讓那些迷妹太靠近不然選手們如果因為這樣確診他們回國妳一,0.1062,0.1554,0.0984,0.137,0.149,0.1508,0.1329,0.1339
65,楊勇緯有什麼霸氣綽號引述之銘言昨天代表台灣去參加柔道奧運運動選手楊勇緯恭喜他獲得銀牌超級帥實力又強楊勇緯有什麼霸氣綽號看新聞標題是有寫排灣族勇士還有其他綽號嘛有沒有卦呢大家快點給他封號因為一定會採用給封號新聞楊勇緯奧運銀牌網友封他為,0.0,0.0,0.0,0.0,0.0,0.0,0.0,0.0
66,楊勇緯有什麼霸氣綽號昨天代表台灣去參加柔道奧運運動選手楊勇緯恭喜他獲得銀牌超級帥實力又強楊勇緯有什麼霸氣綽號看新聞標題是有寫排灣族勇士還有其他綽號嘛有沒有卦呢,0.0,0.0,0.0,0.0,0.0,0.0,0.0,0.0
67,楊勇緯是不是超勇的欸欸奧運國手得銀牌為台灣爭光好形象跟好外表國外媒體跟網友都說帥哥勇緯是不是超勇超會柔道有八卦嗎,0.0,0.0,0.0,0.0,0.0,0.0,0.0,0.0
68,蔡英文挺台灣隊大家辛苦了釣楊勇緯笑死八卦白藍粉中國小粉紅水準根本被台灣台北運動員打臉打爆然後還一堆在喊臉書治國連總統職權都不懂還在下限總統職權主管外交國防奧運就是外交最好場合蔡總統英文發文祝賀正好是行使總統職權好嗎還在亂酸亂罵可憐呀這幾天台,0.0,0.0,0.0,0.0,0.0,0.0,0.0,0.0
69,楊勇緯那種貨色健身房一堆吧新聞在那邊炒半天結果我看照片很普通啊加分仔不是都長這樣還超矮健身房一堆更高更帥更壯吧日女是沒看過男人,0.1907,0.2917,0.2544,0.2988,0.3764,0.3081,0.4223,0.4013
70,楊宗緯打得贏楊勇緯嗎引述之銘言將楊勇緯狹路相逢一言不合打起來話誰會勝出我看心得對這種柔到出身一般都會拉開距離儘量不要被帶入地板因此楊宗緯如果能拉開距離一個回合分鐘把他拖掉至少平手吧,0.0,0.0,0.0,0.0,0.0,0.0,0.0,0.0
71,楊宗緯打得贏楊勇緯嗎楊宗緯過去星光幫實力唱將之一第二眼帥哥山頂洞人如果跟我國奧運銀牌小將楊勇緯狹路相逢一言不合打起來話誰會勝出,0.0,0.0,0.0,0.0,0.0,0.0,0.0,0.0
72,蔡英文挺台灣隊大家辛苦了釣楊勇緯三立體育中心藍詩孟報導蔡英文挺台灣隊大家辛苦了釣楊勇緯現身全場暴動完整新聞內文東京奧運日正式開打排灣族柔道國手楊勇緯替中華隊奪下第一面獎牌在男子柔道公斤級獲得亞軍為台灣爭光人氣也跟著直線飆升粉絲一,0.1629,0.2162,0.1277,0.1283,0.2562,0.1813,0.2505,0.2497
73,館長打得贏楊勇緯嗎館長身材佔優勢楊勇緯年輕力壯如果館長跟楊勇緯打一場話誰會獲勝呢楊勇緯可以把館長過肩摔嗎館長年連續獲得臺灣搏擊散打中正盃冠軍新竹市長盃搏擊散打冠軍武狀元盃無限量級冠軍楊勇緯年亞洲青年柔道錦標賽公斤級銅牌年青島柔道大,0.0,0.0,0.0,0.0,0.0,0.0,0.0,0.0
74,中國柔道培養不出一個台灣楊勇緯等級選手中國億人口為什麼中國培養不出楊勇緯等級男子柔道選手昨天柔道公斤級金銀銅牌都沒有中國選手有沒有八卦,0.0,0.0,0.0,0.0,0.0,0.0,0.0,0.0
75,柔道男神楊勇緯吸睛日本女網友暴動身高根本不是問題看柔道日本美眉最好是在看身高又不是在看籃球賽會去看柔道肯定就是在等待男男互相糾纏在那一瞬間忽然被扯開柔道服露出誘人各種肌一方面滿足腐女愛一方面滿足肉食女渴望看看那腹肌那線條分明若有似無彌漫在空氣,0.0,0.0,0.0,0.0,0.0,0.0,0.0,0.0
76,初音會喜歡楊勇緯嗎楊勇緯得到奧運銀牌好像應此上了日本熱搜欸那麼日本女孩初音會喜歡他嗎應為我看初音上次還偷偷躲在他後面欸,0.0,0.0,0.0,0.0,0.0,0.0,0.0,0.0
77,楊勇緯是處男的機率有多高之前大谷表現很好時候肥宅都說他是處男才這麼厲害那我國台男楊勇緯身處淫亂體育系能守住童貞機率有多高個人認為他一定破色戒了不然今天早就奧運金牌了為了三年後金牌他回國後肥宅們該監督他身旁台女,0.2096,0.1047,0.2191,0.2229,0.1575,0.2501,0.1621,0.1628
78,楊勇緯吸獎牌的動作傑出的一手恭喜我們楊勇緯拿到第一面銀牌雖然不是金牌很可惜但是他像貓咪一樣這樣蹭獎牌根本就是傑出一手吧現在粉絲已經萬了看起來不分男女內褲都濕一片了有沒有蹭獎牌這個動作八卦啊,0.0,0.0,0.0,0.0,0.0,0.0,0.0,0.0
79,贏楊勇緯高藤未豪快勝出但這就是我的贏楊勇緯高藤未豪快勝出但這就是我柔道中央社楊明珠東京日專電台灣柔道選手楊勇緯在公斤級金牌戰延長賽收下第張指導輸給日本高藤直壽高藤受訪時坦言沒能豪快勝出但這就是我柔道今後以金牌得主身份持續磨練東京奧,5.1812,0.0977,4.5729,4.8394,0.3161,4.9082,0.6599,0.3903
80,福原愛會怎麼看櫻花妹迷戀楊勇緯的現象上一個帥到一堆櫻花妹應該就是江宏傑了我想櫻花妹迷戀台男之類福原愛身為過來人一定很懂她會對同胞們迷戀楊勇緯行為翻白眼還是也覺得勇緯很帥沒毛病,0.4523,0.1876,0.5719,0.5773,0.2567,0.5821,0.2943,0.3171
81,有日女想嫁給楊勇緯大家會支持嗎現在楊勇緯在日女界名氣已經是大飆升了不過之前就有個台男娶日女但以悲劇收場案例如果又有日女說想嫁給楊勇緯大家會支持嗎還是珍惜生命遠離日女跟台女結婚比較保險,0.0,0.0,0.0,0.0,0.0,0.0,0.0,0.0
82,楊勇緯會成為新一代體壇男寵兒嗎現在台灣體壇第一女寵兒不用說就是戴資穎那楊勇緯經過這次奧運柔道金牌之戰在台日兩國人氣急速飆升現在追蹤已經破萬他會成為台灣體壇新一代男寵兒廣告代言接不停嗎,0.0,0.0,0.0,0.0,0.0,0.0,0.0,0.0
83,與哥哥通話忍不住落淚楊勇緯遺憾但開心陳容琛與哥哥通話忍不住落淚楊勇緯有遺憾但很開心楊勇緯特約攝影侯禕縉現場拍攝雖然有些遺憾但還是很開心楊勇緯賽後表示今日他在奧運場上寫下不少台灣新紀錄包含首面奧運柔道獎牌也是本屆台灣代表團首面獎牌,0.3468,0.3021,0.2691,0.2953,0.3235,0.4059,0.3637,0.3648
84,楊勇緯有沒有考慮去打柔道選手轉戰綜合格鬥人大有人在從早期奧運金牌吉田秀彥這次日本奧運柔道隊總監督到後來或是現在都曾經在界上引起不小話題楊勇緯如果要轉戰奧運銀牌是個非常好噱頭當然打擊技跟英文要好好練磅雛量級未來等著他基爆這個影,0.0,0.0,0.0,0.0,0.0,0.0,0.0,0.0
85,擊敗楊勇緯的高藤直壽竟已是爸爸級奪金羅惠齡擊敗楊勇緯高藤直壽竟已是爸爸級奪金背後故事有洋蔥完整新聞內文柔道男子公斤級金牌戰形成台日大戰最後由日本高藤直壽奪金台灣在為楊勇緯奮勇奪銀而開心時候日本也為高藤直壽金牌而歡呼因為這是地主日本在本,1.4658,6.0228,0.7396,0.7901,6.9657,1.7363,6.9704,6.1023
86,楊勇緯身高會被台女嫌矮嗎引述等於零之銘言如題一堆台女說沒直接不考慮我們台灣之光勇緯身高公分但為國爭光又有顏值是不是還是入不了台女眼有沒有八卦奧運金牌楊勇緯跟一個身高二軍夜店咖你信不信有一半以上台女會選老子在台灣生活這麼久早就看透了,0.0,0.0,0.0,0.0,0.0,0.0,0.0,0.0
87,楊勇緯回來是坐經濟艙嗎聽說這次臺灣出席奧運會選手都是坐經濟艙而已還是住星級破爛旅館好比說這次拿銀牌楊勇緯雖然成績是非常耀眼但終究還是不比籤運好詹家姊妹花可以拿東京奧運雙打冠軍那這樣楊勇緯回來臺灣是可以升級到商務艙還是只能龜經濟艙備註為了看籤運,0.0,0.0,0.0,0.0,0.0,0.0,0.0,0.0
88,蔡英文致電賀楊勇緯東奧奪銀創歷史等你新頭殼陳湘芸蔡英文致電賀楊勇緯東奧奪銀創歷史等你回國接受表揚完整新聞內文柔道國手楊勇緯替台灣奪下第一面東京奧運銀牌晚間總統蔡英文晚間透過臉書恭喜楊勇緯並親自致電給楊勇緯謝謝他努力期待他回國接,0.8417,7.3184,1.0066,0.6853,6.4051,1.161,6.2998,6.6179
89,楊勇緯有沒有考慮去打八卦板務請到檢舉板實名詢問張貼問卦充實文章內容是否有專板本板並非萬能問板一天只能張貼兩則問卦自刪及被刪也算兩篇之內將被本看板嚴格禁止政治問卦發文問卦前請先仔細閱讀相關板規未滿繁體中文字嚴重者以鬧板論看完,0.0,0.0,0.0,0.0,0.0,0.0,0.0,0.0
90,楊勇緯搭商務艙有機會得金牌嗎哈囉想問大家如果楊勇緯搭商務倉會不會得金牌呢還是得銀牌還是不會得牌,0.0,0.0,0.0,0.0,0.0,0.0,0.0,0.0
91,楊勇緯上瓜哥綜藝大集合會發生什麼事奧運柔道比賽爆紅楊勇緯如果上綜藝大哥瓜哥節目綜藝大集合會發生什麼事呢裡面遊戲對奧運選手應該小菜一碟吧有沒有八卦,0.0,0.0,0.0,0.0,0.0,0.0,0.0,0.0
92,楊勇緯是新民高中之光嗎楊勇緯勇奪柔道銀牌讓台灣在東京奧運第一天就旗開得勝也開啟了台灣柔道新里程碑剛剛看他突然暴增到七萬多追蹤還被一堆日本人洗版真是寒窗十年無人問一舉成名天下知真是可喜可賀以後大家講到新民高中就會想到楊勇緯了嗎,0.0,0.0,0.0,0.0,0.0,0.0,0.0,0.0
93,柔道男神楊勇緯吸睛日本女網友暴動引述之銘言新聞雲楊舒帆柔道男神楊勇緯吸睛日本女網友暴動帥得讓人喘不過氣完整新聞內文楊勇緯圖體育署提供楊勇緯排灣族型男楊勇緯長太帥四強賽浴血奮戰闖關金牌賽最後收銀牌連日本社群網站都瘋狂推特打上楊勇緯搜尋後就,0.2284,0.2477,0.2239,0.2243,0.3021,0.2362,0.2972,0.2716
94,全國狂賀蘇貞昌感謝柔道男神楊勇緯楊勇緯被裁判黑哨奪走他金牌但是有眼睛人都知道楊勇緯實力屌打日本大叔日本大叔靠規則保護才能不死要是打真話日本大叔早就被打趴了我建議蘇貞昌要喚回民意話就主動升級楊勇緯銀牌為金牌回國搬國光獎章獎金時候用金牌規,0.3594,6.8144,0.5551,0.5511,6.1889,0.242,5.5305,6.6776
95,楊勇緯身高會被台女嫌矮嗎如題一堆台女說沒直接不考慮我們台灣之光勇緯身高公分但為國爭光又有顏值是不是還是入不了台女眼有沒有八卦,0.0,0.0,0.0,0.0,0.0,0.0,0.0,0.0
96,台中柔道館楊勇緯台中柔道館有殺人戰經驗世界柔道二把手楊勇緯有能力踢館嗎還是被慘摔次醫院見,0.0,0.0,0.0,0.0,0.0,0.0,0.0,0.0
