﻿,Title,Anger,Anticipation,Disgust,Fear,Joy,Sadness,Surprise,Trust
0,小林同學林昀儒驚傳確診陳時中可新聞雲楊晏琳台北報導小林同學林昀儒驚傳確診陳時中可能是陰陰陽陽完整新聞內文桌球國手小林同學林昀儒驚傳返國採檢陽性反應確診對此指揮中心指揮官陳時中表示全團並沒有傳出其他陽性個案林昀儒目前沒症狀推測,0.1572,6.755,0.098,0.1669,7.6411,0.9985,6.7019,6.9399
1,快訊小林同學林昀儒驚傳確診返驚你老母他有重症嗎需要插管嗎送嗎身體不適嗎驚你媽,5.6959,0.0975,5.6136,6.3654,1.3741,7.5651,1.7941,0.2545
2,快訊小林同學林昀儒驚傳確診返新聞雲葉國吏快訊小林同學林昀儒驚傳確診返國落地採檢陽性完整新聞內文桌球國手小林同學林昀儒驚傳返國採檢陽性反應確診根據民視新聞報導林昀儒剛結束在卡達球星挑戰賽日晚間搭機經泰國轉機返回台灣抵達桃園機場,0.156,6.8051,0.0972,0.1656,7.6978,0.9908,6.7516,6.9914
3,中國玻璃心碎林昀儒鄭怡靜奪冠國旗風波梁偉銘桌球中國玻璃心碎滿地林昀儒鄭怡靜奪冠國旗風波完整新聞內文東京奧運銅牌組合林昀儒鄭怡靜上週在挑戰賽杜哈站連勝局未失強勢搶下今年首座冠軍也是林鄭配年合拍以來第冠不料當時卡達桌協官方限時動態出我國,0.082,0.0794,0.0635,0.0623,0.0846,0.0763,0.0981,0.0729
4,局大戰險勝馬龍讚林昀儒世界最好運動局大戰險勝馬龍讚林昀儒世界最好運動員劉肇育即時報導我國桌球好手林昀儒昨天在大滿貫新加坡站賽事於男單強賽與前世界球王馬龍展開局激戰最終以局數敗下陣來無緣強不過賽後馬龍仍是盛讚林昀儒表現除了直言他已經是世,0.0812,0.1543,0.1145,0.0578,0.1341,0.0935,0.1627,0.17
5,馬龍林昀儒是世上最好的選手引述亂轟阿翔之銘言馬龍林昀儒是世上最好選手黃建霖我國桌球好手林昀儒在新加坡大滿貫男單賽強賽面對兩屆奧運金牌得主馬龍在激戰了局之後惜敗不過這位中國大陸名將賽後稱讚林昀儒是世界上最好選手之一並直言後者在發球接發,0.8891,0.1135,0.8882,0.8616,0.2615,0.9292,0.281,0.4581
6,林昀儒五局惜敗馬龍鍋貼吃起來乳內文額四內文四馬龍就是六邊形戰士阿角色全能力都是頂力量敏捷技巧球商全都是館長口中頂桌球真遇到中國都是死路一條啦就好像籃球無人能撼動美國地位但我比較好奇是以下這三個選手誰比較強馬琳張繼科馬龍馬琳跟其他,0.3746,2.9346,0.2676,0.4056,3.9151,0.7733,3.5236,3.2845
7,林昀儒五局惜敗馬龍鍋貼吃起來新加坡大滿貫賽八強超新星林昀儒世界排名第七對決上個時代王者桌球界白鬍子馬龍世界排名第二雙方大戰五局最後小林同學第五局還是不幸輸球落敗打得不錯了再加油吧賽後馬龍也很有風度稱讚林昀儒打得不錯這個白鬍子到底什麼時候才要退,0.0,0.0,0.0,0.0,0.0,0.0,0.0,0.0
8,快訊林昀儒鄭怡靜大滿貫混雙中國這不就來告訴你要怎麼輸了嗎台媒每次下這種屌不拉機標題最後輸了在那邊銀恨戴資穎上次台媒就示範過一次了現在又啪啪響可憐哪引述之銘言游郁香快訊林昀儒鄭怡靜大滿貫混雙銀恨不敵中國組合完整新聞內文黃金混雙林昀儒,5.3277,0.0987,5.9017,6.1211,1.6686,7.0815,1.3895,1.1716
9,快訊林昀儒鄭怡靜大滿貫混雙銀游郁香快訊林昀儒鄭怡靜大滿貫混雙銀恨不敵中國組合完整新聞內文黃金混雙林昀儒鄭怡靜圖達志影像美聯社台灣黃金混雙林昀儒鄭怡靜一路挺進大滿貫賽決賽日晚間交手世錦賽冠軍中國組合王楚欽孫穎莎爭金首局節奏有些混亂,7.4556,0.6496,7.6442,7.5798,0.4563,7.536,1.1942,1.6648
10,林昀儒鄭怡靜混雙冠軍戰中國妖怪一路贏結果冠軍戰有點慘第一盤被血洗還有機會嗎愛爾達體育台公視台中小林同學加油,0.0,0.0,0.0,0.0,0.0,0.0,0.0,0.0
11,林昀儒有很強嗎大滿貫新加坡站男單強狂虐對手斯洛維尼亞前兩盤對手還剛拿到歐洲最強人賽冠軍林昀儒是不是又進化了,0.0,0.0,0.0,0.0,0.0,0.0,0.0,0.0
12,進決賽了黃金搭檔林昀儒鄭怡靜扳倒法上報黃予萱進決賽了黃金搭檔林昀儒鄭怡靜扳倒法國組合比搶混雙金牌戰完整新聞內文年大滿貫賽新加坡站台灣黃金混雙林昀儒鄭怡靜日在混雙強中對上老對手法國組合黎貝松袁嘉楠此戰林鄭配火力全開以比比比比總,0.653,0.8401,0.5711,0.6125,0.9766,0.727,0.9055,0.9002
13,林昀儒鄭怡靜晉級大滿貫賽強直落林昀儒鄭怡靜晉級大滿貫賽強直落橫掃印度組合東京奧運桌球混雙銅牌組合林昀儒與鄭怡靜今天在世界桌球職業大聯盟大滿貫賽混雙強賽一路領先以比橫掃印度組合挺進強世界桌球職業大聯盟大滿貫賽在新加坡舉行台灣桌球一姐鄭怡靜,0.2955,6.2594,0.598,0.2142,6.6393,0.9289,6.2501,5.8124
14,黃金混雙林昀儒鄭怡靜直落三新加坡謝孟儒黃金混雙林昀儒鄭怡靜直落三新加坡大滿貫強門票到手完整新聞內文黃金混雙林昀儒鄭怡靜圖達志影像美聯社新加坡大滿貫賽持續進行今天一日三戰我國新一哥林昀儒合拍奧運銅牌學姊鄭怡靜出賽混雙強對上新加坡組合周,0.1262,6.2296,0.2886,0.1096,7.2033,0.7329,6.5811,6.1082
15,林昀儒只花分鐘晉級大滿貫強時隔游郁香林昀儒只花分鐘晉級大滿貫強時隔月首戰贏了完整新聞內文林昀儒圖資料照新加坡大滿貫賽強賽事今日登場國民金孫林昀儒時隔再赴新加坡出賽面對世界排名第芬蘭選手奧拉除了開賽與對手短暫拉鋸接下來幾乎一路壓,0.1877,0.2451,0.1814,0.185,0.2784,0.2075,0.2862,0.2829
16,林昀儒與黃郁婷林昀儒等桌球選手直接去中國接受培訓與大陸選手同吃同住打科興國藥疫苗在五星旗下拍團體照沒事黃郁婷在美國訓練時間穿朋友球衣放在私人臉書結果開幕時讓她掌旗閉幕時總統行政院長要處理她兩隊又無激烈競爭關係中國隊是世界四強中華台北一面,0.1632,0.1023,0.1656,0.1631,0.1033,0.1624,0.1054,0.1536
17,林昀儒鑽石奪冠有多神年月小林在馬來西亞站打爆馬龍樊振東水谷隼等好手奪冠之後年年底去打中國乒超勝敗排名第表現反而還好頂多省隊水準而已當年小林怎麼奪冠啊,2.2752,1.4725,1.7549,1.9243,1.4417,3.1203,1.7507,0.5133
18,比林昀儒還要狂郭冠宏歲當選成人國手路皓惟比林昀儒還要狂郭冠宏歲當選成人國手史上最年輕完整新聞內文年桌球國手選拔賽男子組第次賽今日落幕八馬國際歲小將郭冠宏一落過關斬將最後兩輪以直落三力克現役國手黎昕陽戴茗葦以歲之姿成為史上最年輕成人國手,0.2443,6.7629,0.6424,0.1299,7.4707,0.7729,6.6482,7.0827
19,恭喜林昀儒蘇怡靜獲得桌球混雙銅牌名言恭喜林昀儒蘇怡靜獲得桌球混雙銅牌誰說陳柏惟事件於臉書發文意圖使人複習補充報上名來,1.0566,7.0302,0.7935,0.6235,6.5946,1.6128,7.0533,6.6408
20,台灣林昀儒鄭怡靜桌球世界排名第贏中國台灣國手林昀儒鄭怡靜在桌球混雙排名世界第名桌球混雙世界排名第是日本水谷隼伊藤美誠中國混雙選手只排第名有沒有中國號稱桌球王國在混雙世界排名卻輸台灣日本八卦,0.0,0.0,0.0,0.0,0.0,0.0,0.0,0.0
21,林昀儒世桌賽男單止步強苦戰局不敵游郁香林昀儒世桌賽男單止步強苦戰局不敵南韓好手完整新聞內文國民金孫林昀儒在本屆世界桌球錦標賽男單強戰對上世界第南韓好手林鍾勳意外以總局數比落敗無緣晉級強不過打進世桌賽強已是林昀儒生涯最佳他稍早也與鄭,0.0742,0.095,0.0678,0.0718,0.1204,0.0915,0.117,0.1009
22,今天林昀儒世錦賽贏球怎都沒人是這樣啦大家還記得奧運期間很夯小林同學嗎那時候林昀儒只要比一場球賽臉書跟都各種洗文什麼小林同學好棒台灣之光國民金孫挖好像每個都是十年老林迷一樣今天林昀儒在世錦賽強中直落四晉級強世錦賽嗨賴打敗體育新聞也有播世錦,0.0961,5.3049,0.3829,0.4593,5.815,0.2125,5.723,5.1276
23,為什麼林昀儒代表台北市比賽明明是宜蘭人從小一路上也都在宜蘭環境成長怎麼剛剛看他代表台北市比全運會另外總冠軍那個胖胖居然棄權投降小林不戰而勝也太爽,0.0,0.0,0.0,0.0,0.0,0.0,0.0,0.0
24,林昀儒靠獎金賺錢背後高人指導爸爸新聞雲例如趙蔡州至少要有來源或如法新社林昀儒靠獎金賺錢背後高人指導爸爸一看帳戶餘額也超驚訝完整新聞內文台灣桌球小將國民金孫林昀儒繼東奧後在全運會混雙賽上再次合體鄭怡靜並奪得金牌除了在桌球賽場上,1.2837,6.3916,1.2715,1.4338,7.4671,2.1756,7.312,6.3759
25,林昀儒靠獎金賺錢背後高人指導爸例如趙蔡州林昀儒靠獎金賺錢背後高人指導爸爸一看帳戶餘額也超驚訝完整新聞內文台灣桌球小將國民金孫林昀儒繼東奧後在全運會混雙賽上再次合體鄭怡靜並奪得金牌除了在桌球賽場上斬將奪旗外他對於投資理財也非常,1.2835,6.3927,1.2713,1.4335,7.4683,2.1752,7.3132,6.3769
26,林昀儒的宣傳照阿肥前陣子奧運期間追蹤了許多選手剛剛滑一下動態發現那個小林同學林昀儒有文一看不得了啦是宣傳照欸然後剛剛有妹子也有看到跑來跟我說也太帥惹可是有點不習慣不過阿肥我沒有很懂倒數幾張有沒有林昀儒宣傳照八卦,0.0,0.0,0.0,0.0,0.0,0.0,0.0,0.0
27,莊智淵強勢擊敗林昀儒高雄市桌球奪金黃建霖莊智淵強勢擊敗林昀儒高雄市全運會桌球男團奪金完整新聞內文年全國運動會今日進行桌球男子團體決賽台灣桌球教父莊智淵展現老將價值在關鍵第戰擊敗超級新星林昀儒又在決勝戰打滿局擊敗廖振珽一人獨拿兩點,0.1764,0.1983,0.164,0.1528,0.2235,0.174,0.1945,0.2307
28,林昀儒多益破分是什麼水平引述大鳥之銘言還好吧也是活得好好分數這種東西其實看看就好了重點還是有沒有料還好吧我教你一招你去跟桌球奧運銅牌比多益分數再跟多益考七百分乖乖牌比桌球這樣就能輕鬆電爆啦板歡迎您在家敲鍵盤最安全人們嘲笑我姿態因為那是我姿態,0.0,0.0,0.0,0.0,0.0,0.0,0.0,0.0
29,林昀儒多益破分是什麼水平引述擁抱荒誕生命之銘言桌球國手林昀儒目前就讀輔仁大學體育系校方表示林昀儒允文允武多益成績破這樣算很厲害嗎有沒有八卦還好吧我自己多益大概多分而已也是活得好好分數這種東西其實看看就好了重點還是有沒有料,0.0,0.0,0.0,0.0,0.0,0.0,0.0,0.0
30,林昀儒今日中職新莊開球截圖來源中職官方頻道東奧桌球混雙銅牌得主小林同學今天也到中華職棒現場開球了不知道大家認為這幾天東京奧運國手開球誰開比較好有沒有八卦,0.0,0.0,0.0,0.0,0.0,0.0,0.0,0.0
31,是不是要請林昀儒加入八卦板桌球國手林昀儒今年歲今年在奧運有不錯表現令人印象深刻不過他剛才為中華職棒開球被主持人訪問時說他沒有朋友是不是該邀請他趕快註冊帳號加入八卦板很快能夠有朋友了呢,0.0,0.0,0.0,0.0,0.0,0.0,0.0,0.0
32,林昀儒是不是滿足很多手控先祝福他歲生日快樂啦滑個出現了喜歡他相關社團無聊點進去發現幾張照片還特別附上他握球拍手感覺就為了滿足手控然後他什麼時候被冠上國民乖孫封號了有卦,0.0,0.0,0.0,0.0,0.0,0.0,0.0,0.0
33,有沒有林昀儒歲生日的八卦發錢台灣桌球小將林昀儒出生很吉祥數字這次奧運表現很好讓全台都認識這位宜蘭囝仔今天是小林同學歲生日終於登郎啦每推發到爆為止希望大家能幫小林同學祝福歲生日目前世界排名第五未來大有可為期許之後世錦賽亞運還有奧運能再創佳績,0.9726,8.6876,0.4218,0.6367,7.2186,1.0495,6.7646,6.3247
34,林昀儒是不是唸三年二班安以前小時候聽人家說三年二班有個人桌球很強常常整天嚷嚷著你贏不了你永遠都贏不了赫然發現林昀儒跟我年齡相近那個人會不會就是他啊八卦,0.0,0.0,0.0,0.0,0.0,0.0,0.0,0.0
35,當林昀儒還是江宏傑哪個比較爽江吧因為長帥收入又有一定水準雖然被帶了綠帽眾人皆知但是我們鋒哥也是被冠希帶綠帽無損他地位林小弟話除非他能像戴資穎一樣一直維持熱度不然如果成就曇花一現也可能熱潮過去沒有就沒有了媒體喜新厭舊速度很快,0.0,0.0,0.0,0.0,0.0,0.0,0.0,0.0
36,當林昀儒還是江宏傑哪個比較爽江宏傑台灣桌球前國手以前青少年時期很強拿了不少獎不過長大後距離世界頂尖一流高手仍然有一段差距但至少實力曾經是台灣前三強打過奧運跟世大運世界排名最高名外表可說是台灣桌球界有史以來最帥一位娶了日本家喻戶曉球星小愛可惜,0.042,0.0538,0.0476,0.0587,0.0725,0.0728,0.073,0.0593
37,林昀儒獲宜縣萬獎勵金全捐林父回饋游芳男林昀儒獲宜縣萬獎勵金全捐林父回饋基層學校栽培選手宜縣府加碼專案核發參加東奧國手獎勵金宜蘭縣長林姿妙日宣布林昀儒榮獲桌球混雙銅牌及個人單打第名可獲萬元獎勵金林父林學宜表示決定將縣府頒贈獎金萬元全數回,0.1772,0.1184,0.1802,0.157,0.1021,0.1975,0.0857,0.1544
38,林昀儒登東奧閉幕片中國桌球金沒畫我是覺得這樣啦人家中國運動員也和我們郭婞淳一樣苦練再苦練甚至人口太多競爭更大你今天弄這種影片桌球項目肯定要放馬龍他在當今桌壇是什麼地位桌球在中國大陸是什麼地位小林當然後勢看好但一碼歸一碼何況還是銅牌戰更不,4.9683,0.5614,5.3124,4.8429,0.199,4.7135,0.5888,1.0168
39,林昀儒登東奧閉幕片中國桌球金沒畫引述赫赫之銘言華視新聞蘇偉樺台北市林昀儒登東奧閉幕片中國桌球金沒畫面氣炸完整新聞內文為期天東京奧運在日晚間舉行閉幕式現場也播送分秒賽事精華回顧其中台灣桌球好手林昀儒與德國奧洽洛夫銅牌戰對決畫面就,3.1194,1.1687,2.2772,1.4729,1.3169,3.3114,1.4601,1.0311
40,林昀儒登東奧閉幕片中國桌球金沒畫華視新聞蘇偉樺台北市林昀儒登東奧閉幕片中國桌球金沒畫面氣炸完整新聞內文為期天東京奧運在日晚間舉行閉幕式現場也播送分秒賽事精華回顧其中台灣桌球好手林昀儒與德國奧洽洛夫銅牌戰對決畫面就被剪入其中是,0.0892,0.1235,0.0656,0.0463,0.1461,0.0977,0.1737,0.1138
41,林昀儒年前擊敗江宏傑金牌戰引述陽光之銘言三立蕭廷芬林昀儒年前擊敗江宏傑金牌戰對決畫面曝光完整新聞內文歲桌球小將林昀儒在東京奧運大放異彩拿下桌球混雙銅牌他年參加全運會時曾對上江宏傑最終以獲勝江宏傑日前也開心在中大讚林昀儒展現出了超,0.7518,6.1082,0.4136,0.5362,7.0558,1.3999,6.6215,6.0753
42,林昀儒年前擊敗江宏傑金牌戰三立蕭廷芬林昀儒年前擊敗江宏傑金牌戰對決畫面曝光完整新聞內文歲桌球小將林昀儒在東京奧運大放異彩拿下桌球混雙銅牌他年參加全運會時曾對上江宏傑最終以獲勝江宏傑日前也開心在中大讚林昀儒展現出了超強韌性很不容,0.758,6.0605,0.417,0.5407,7.0007,1.4115,6.5699,6.0279
43,神奇演算法帶到莊智淵林昀儒的卦引述之銘言大家豪寶傑豪神奇演算法帶到四年前莊林全運會冠軍賽哭四年前林不就才歲小毛頭你各位以前歲還在打天堂現在是打傳說林歲就現實世界挑戰級怪物了初生之犢林前面打得有聲有色這種高手對決好比郭靖對決還沒完全體楊過莊智淵,0.1808,0.0557,0.1529,0.1605,0.1217,0.2093,0.1152,0.078
44,神奇演算法帶到莊智淵林昀儒的卦大家豪寶傑豪神奇演算法帶到四年前莊林全運會冠軍賽哭四年前林不就才歲小毛頭你各位以前歲還在打天堂現在是打傳說林歲就現實世界挑戰級怪物了初生之犢林前面打得有聲有色這種高手對決好比郭靖對決還沒完全體楊過莊智淵當時就會覺,0.1808,0.0557,0.1529,0.1605,0.1217,0.2093,0.1152,0.078
45,中華隊林昀儒鄭怡靜東奧奪銅返台莊智剛看新聞今天桌球代表隊奧運選手們回台灣也有接受媒體訪問但是沒有看到今天奧運英雄回來有戰機伴飛訊息好歹小林同學跟鄭怡靜也有拿到男女混雙銅牌而且這次桌球代表隊也表現不俗說要迎接奧運英雄不應該大小眼吧之前郭婞淳楊勇,0.0363,0.05,0.0246,0.0452,0.0553,0.0549,0.062,0.0542
46,中華隊林昀儒鄭怡靜東奧奪銅返台莊智例如中央社至少要有來源或如法新社中央社葉臻桃園機場日電中華隊林昀儒鄭怡靜東奧奪銅返台莊智淵林郁婷同班機完整新聞內文社論特稿都不能貼貼喔在東京奧林匹克運動會桌球混雙項目奪下銅牌選手林昀儒鄭怡靜約今天下午時,0.1559,6.8085,0.0972,0.1656,7.7016,0.9903,6.7549,6.9949
47,林昀儒今年大專盃的對手在想甚麼的八卦今年全國大學運動會林昀儒其實有去打身為世界排名前十奧運前四差點打贏世界球王林昀儒面對蔡逼八全國大學運動會對手對手會覺得很無奈嗎有沒有八卦,0.0,0.0,0.0,0.0,0.0,0.0,0.0,0.0
48,有粉專留言想檢查林昀儒歲時的身體上面是一個粉專出小林同學歲時採訪畫面然後底下有一個有萬人粉專留留言呵呵叔叔檢查身體而且竟然有人按讚雖然小林同學現在已經過了當事者留言相信也只是開玩笑但是在一個歲小孩相片底下留這種有性暗示意味留言還是,0.0,0.0,0.0,0.0,0.0,0.0,0.0,0.0
49,林昀儒感謝蔣澎龍教練啊你這樣跟當初那篇造謠有什麼分別有什麼證據他是支那養狼計畫底下產物跟之前那篇說人家不是台灣培養刪文哥出來隨便講兩句射後不理不就好棒棒別人努力了這麼多年被你們這種人幾句話就抹煞掉,2.2502,0.0452,1.5756,3.3901,1.5432,4.9955,1.346,0.1185
50,林昀儒感謝蔣澎龍教練我奧運初體驗在今昨天畫下了句點謝謝我訓練團隊以及蔣澎龍教練所以當初在那邊嘴蔣澎龍是不是該出來道歉了我這篇推文給你們機會好好道歉小林同學在順手時候突然被叫暫停他都沒說什麼了那你們替他喊燒幹嘛他用詞是感謝看到沒有那,0.0,0.0,0.0,0.0,0.0,0.0,0.0,0.0
51,林昀儒感謝蔣澎龍教練林昀儒就是中國桌球養狼計畫產物福園愛石川佳純都是中國養起來狼但是面對中國這頭獅子時候都會害怕得拿不穩球拍林昀儒就是下一頭被中國獅子吃掉狼而已把你練起來但是不會讓你超越不知道中國台北在爽什麼,8.2987,0.35,9.2531,12.5,0.4686,8.5546,0.915,2.2043
52,林昀儒感謝蔣澎龍教練林昀儒原文我奧運初體驗在今昨天畫下了句點這十多天來我內心幾經起伏有欣喜當然也有不甘但競技體育也是因為這樣而迷人對於桌球熱愛引領著我繼續探索其中美好在得知我世界排名來到第五後謹以此小小成就來感謝這一路支持我幫助我,0.0,0.0,0.0,0.0,0.0,0.0,0.0,0.0
53,天打場比賽林昀儒是不是很猛今天桌球男團在八強淘汰真可惜本屆最大驚奇之一歲宜蘭囝仔林昀儒也正式結束了奧運所有賽事今天最新世界排名也公布了林昀儒上升到世界第五名這次他參加三項賽事男女混雙男子單打男子團體都繳出了亮眼成績第一次參加奧運就打破,5.0449,0.1202,5.4857,5.1393,0.4094,5.2141,0.4314,0.6092
54,也太愛林昀儒了銅牌我要定了這局算交個朋友感覺他很愛正太弟弟昀儒喜歡儒儒才華喜歡他深不可測潛力如果林昀儒能前往德國或歐洲栽培是大家更樂見吧中國訓練算蹲馬步歐洲訓練算蛻變昇華完美見證世代交接,0.0,0.0,0.0,0.0,0.0,0.0,0.0,0.0
55,林昀儒應該找館長做體能訓練引述之銘言台灣版桌球天才小林歲就闖入奧運強但據他叔叔接受訪談時表示小林還有很大空間看看他對手大腿將近是他兩倍粗這明顯台灣健身界傳奇館長強項你敢想像練得跟館長一樣壯小林再次面對東哥時會有多虐小林找館長做完體能訓練就無敵,0.4309,5.3432,0.489,0.3537,6.0949,0.7445,6.0453,5.5422
56,林昀儒應該找館長做體能訓練台灣版桌球天才小林歲就闖入奧運強但據他叔叔接受訪談時表示小林還有很大空間看看他對手大腿將近是他兩倍粗這明顯台灣健身界傳奇館長強項你敢想像練得跟館長一樣壯小林再次面對東哥時會有多虐小林找館長做完體能訓練就無敵了,0.4309,5.3432,0.489,0.3537,6.0949,0.7445,6.0453,5.5422
57,林昀儒又贏啦剛剛打完奧恰洛夫這次面對直落三拿下勝利一人拿兩點跟鬼一樣等等換莊智淵對戰奧恰洛夫加油啊註有電視或媒體有報導者請勿使用爆卦切勿用爆卦張貼新聞無重大八卦請勿使用此分類否則視同濫用爆卦鬧板文章退回未滿繁體中文字,0.0,0.0,0.0,0.0,0.0,0.0,0.0,0.0
58,林昀儒多益破分是什麼水平還行吧私校而且才大一每天練球之餘補英文能力考到真算很厲害但小弟我其實高中開始就想當電競選手每天日復一日熬夜苦練打野技巧及觀念但也不忘把握零碎時間讀英文現在考到了也是蠻勵志給大家參考引述擁抱荒誕生命之銘言桌球國手林昀儒目,5.8881,0.1096,6.5437,6.2908,1.2457,6.9727,1.2239,0.9939
59,林昀儒復仇啦引述之銘言桌球男子團體賽林昀儒對手是之前銅牌戰奧恰洛夫當時輸給對方這次贏啦也是打很驚險上一局一度打到賽末點結果被對方拿下還好最後林昀儒順利拿下第五局恭喜看這個標題我還以為是打贏樊振東結果一看打贏是奧洽害我興沖沖跑進來發這個標題,5.2966,0.2362,5.728,5.9555,0.4075,5.6379,0.1395,1.0126
60,林昀儒復仇啦其實只是賽制規則不同罷了個人賽是打七局團體賽是打局如果個人賽也是局制那銅牌得主本來就是小林所以我感覺還好稱不上復不復仇下次在個人賽中贏奧恰才算真復仇,0.0,0.0,0.0,0.0,0.0,0.0,0.0,0.0
61,林昀儒復仇啦波爾應該很硬第三點德國贏面大小安加油第四點小林對問題不大關鍵決勝點第五點莊對奧洽每十推發發到爆幫男子團體加油幫莊智淵加油幫小安加油他之前可是爆氣贏過樊,0.282,0.2179,0.2148,0.2184,0.2613,0.3091,0.3091,0.2909
62,林昀儒復仇啦引述之銘言桌球男子團體賽對手是之前銅牌戰奧恰洛夫當時輸給對方這次贏啦也是打很驚險恭喜大家認為為什麼不到幾天小林就能復仇成功團體戰壓力比較不同小林放更開本來小林實力就有到奧恰多打幾場有贏面累積了大賽經驗小林更懂怎麼應對最後幾球,0.983,0.8541,0.7317,0.7287,0.9064,0.8803,0.9823,0.9233
63,林昀儒復仇啦引述之銘言贏啦爽啦如果這局是穿越回去銅牌戰多好啊可惜了這篇每推發發到爆重複跳過恭喜小林這個社會一直在談家庭教育以及工作間平衡我辭職之後回家帶小孩我沒想到這個社會是如此不安全我真很希望政府各級單位能夠做些事情讓媽媽放心帶小孩,0.0,0.0,0.0,0.0,0.0,0.0,0.0,0.0
64,林昀儒復仇啦桌球男子團體賽林昀儒對手是之前銅牌戰奧恰洛夫當時輸給對方這次贏啦也是打很驚險上一局一度打到賽末點結果被對方拿下還好最後林昀儒順利拿下第五局恭喜,3.6897,1.0232,1.114,3.5115,1.0931,5.1345,1.0206,0.9059
65,該看林昀儒還是齁齁齁等一下左右就差不多要換男子團隊桌球林昀儒上場打主將賽了但應該會強碰每日作秀之王齁齁齁報數字秀大家打算看哪個呢如果大家不看齁齁齁他要怎樣表演下去啊會不會也懶得問問題直接急著散場要去看桌球小英雄英姿啊,0.0,0.0,0.0,0.0,0.0,0.0,0.0,0.0
66,林昀儒多益破分是什麼水平引述哀鳳之銘言引述之銘言年台灣地區考生平均成績為分其中聽力部分平均成績分閱讀部分平均成績為分考生年齡以歲居多約占全職雇員考生約占平均成績分全職學生約占平均成績分按照個數據來看八卦版鄉民都沒有他高相信大部分人跟,1.195,8.3758,2.4023,2.2178,7.133,1.4211,5.726,8.5118
67,林昀儒多益破分是什麼水平就跟家教月薪萬一樣啦付起非凡夫俗子林這輩子也夠本了以後開球館教桌球有空去大學教體育再拍拍廣告代言夠躺平一輩子了,0.6628,6.663,1.0785,0.0925,7.4116,0.9361,8.1913,6.5393
68,林昀儒多益破分是什麼水平引述之銘言年台灣地區考生平均成績為分其中聽力部分平均成績分閱讀部分平均成績為分考生年齡以歲居多約占全職雇員考生約占平均成績分全職學生約占平均成績分按照個數據來看八卦版鄉民都沒有他高相信大部分人跟英文文盲沒什麼,1.195,8.3758,2.4023,2.2178,7.133,1.4211,5.726,8.5118
69,林昀儒多益破分是什麼水平他平常整天都在練習記得好像有採訪說他每天要練上萬顆球這樣一天至少要花個小時在練習吧而且練完身體多少會累你各位上班只是動腦而已下班還願意進修都沒幾個了他練完還願意去讀英文真超猛自制力一定很驚人,0.699,5.2178,0.6057,0.2731,6.3262,0.856,6.7494,4.739
70,林昀儒多益破分是什麼水平引述擁抱荒誕生命之銘言桌球國手林昀儒目前就讀輔仁大學體育系校方表示林昀儒允文允武多益成績破這樣算很厲害嗎有沒有八卦看什麼學校啦在私校確算是英文程度頂尖學生可能贏過學校裡面以上同學所以一個私校校長拿這個出來吹噓也算情有,0.0,0.0,0.0,0.0,0.0,0.0,0.0,0.0
71,林昀儒多益破分是什麼水平其實我發現打桌球書也不會念太差從我國中看到現在桌球感覺是一個很神奇運動這也難怪我長大後聽過有正妹說打桌球都是阿宅正妹都說打籃球比較帥幫,0.6494,0.7502,0.6861,0.7125,5.6345,0.7237,1.4095,6.1235
72,林昀儒多益破分是什麼水平年台灣地區考生平均成績為分其中聽力部分平均成績分閱讀部分平均成績為分考生年齡以歲居多約占全職雇員考生約占平均成績分全職學生約占平均成績分按照個數據來看八卦版鄉民都沒有他高相信大部分人跟英文文盲沒什麼兩樣以英文,1.195,8.3758,2.4023,2.2178,7.133,1.4211,5.726,8.5118
73,林昀儒多益破分是什麼水平年台灣地區考生平均成績為分其中聽力部分平均成績分閱讀部分平均成績為分考生年齡以歲居多約占全職雇員考生約占平均成績分全職學生約占平均成績分按照個數據來看八卦版鄉民都沒有他高相信大部分人跟英文文盲沒什麼兩樣以英文,1.195,8.3758,2.4023,2.2178,7.133,1.4211,5.726,8.5118
74,林昀儒多益破分是什麼水平桌球國手林昀儒目前就讀輔仁大學體育系校方表示林昀儒允文允武多益成績破這樣算很厲害嗎有沒有八卦,0.0,0.0,0.0,0.0,0.0,0.0,0.0,0.0
75,林昀儒母親今校長退休伊藤家的電鍋是關鍵林昀儒母親今校長退休伊藤家電鍋是關鍵林敬倫宜蘭報導我國桌球好手林昀儒在這次東京奧運大放異彩於混雙項目奪取銅牌他母親壯圍國中校長陳貴玲今從校長職位退休將陪伴昀儒出國比賽照顧生活起居陳貴玲說有次陪昀,0.6689,1.1453,0.3866,0.3345,1.4132,1.1382,1.7909,2.3881
76,帶風向林昀儒不是台灣培育的出來跪當初是最先帶風向說林昀儒不是台灣培育結果現在傳到站對面賤畜高潮到不行故意在那邊說三道四只會滅自己志氣長他人威風啦當初是誰出來帶風向有嘎斯一點出來跪啦,0.2973,8.3713,1.8053,0.3165,6.73,0.0962,6.4329,6.5951
77,中國桌壇年紀實力跟林昀儒類似的很多嗎大家都知道中國桌球高手極多我很好奇在中國年紀跟林昀儒差不多然後實力也跟小林一樣甚至更高有嗎奧運有名額限制所以中國最多也只能派人資深球王馬龍跟現任球王樊振東出賽中國內部是不是也有像小林般實力天才少年只是,0.0,0.0,0.0,0.0,0.0,0.0,0.0,0.0
78,大陸桌球水平是靠林昀儒培養出來的幫忙重貼一下所以黨定調了對岸都是靠我們偉大光榮正確林昀儒培養才能贏得金牌跟銀牌所以請對岸教練也是為了培養教練人才這是多麼偉大無私分享,0.4029,4.8697,0.2998,0.902,6.0958,1.2921,5.9637,5.5545
79,大陸桌球水平是靠林昀儒培養出來的隨著林昀儒自費請大陸教練曾在大陸訓練爆料出來後台灣名嘴們坐不住了有一個叫溫朗東台灣名嘴說林昀儒去大陸訓練培養了大陸桌球員水平看到台灣名嘴評論我目瞪口呆我只能說只要你不尷尬尷尬就是別人太陽是雞叫出來有沒有大,0.0,0.0,0.0,0.0,0.0,0.0,0.0,0.0
80,林昀儒看到得到在想什麼我們男桌新星林昀儒據說非常喜歡車子最喜歡是英國車今天德國老農在匈牙利大獎賽得到還有一天時間備戰林昀儒應該會看紓壓一下吧不知道他看到頭登上頒獎台有沒有很感動有沒有八卦戰鬥川普學園,0.0,0.0,0.0,0.0,0.0,0.0,0.0,0.0
81,教練喊暫停成林昀儒輸球轉捩點內行解密中時新聞網李珮妘教練喊暫停成林昀儒輸球轉捩點內行解密槓一日球迷台灣歲桌球天才林昀儒昨日出戰男單銅牌戰終場以不敵歲德國好手奧恰洛夫不過在關鍵第局時許多球迷不解為何當時林昀儒手感正好教練蔣澎龍卻在賽末點,0.1349,0.1066,0.1272,0.1428,0.1242,0.1721,0.1421,0.1297
82,看看麟洋和小戴的教練林昀儒是不是輸得冤更糟糕是喊暫停時間點四強小林對上中國球王第五局跟第七局被對手拉開反而沒有喊暫停銅牌戰對上德國選手第七局被拉開也是沒有暫停第六局有一個賽末點卻喊了暫停碎碎念連球評都說蔣澎龍希望小林快點拿下勝利沒有緩和選手壓,0.0,0.0,0.0,0.0,0.0,0.0,0.0,0.0
83,莊智淵和林昀儒同場這應該歷史最後一次在奧運看到這場畫面了吧一位老大哥帶著年輕後輩一起出現在奧運會上所以教練敢叫莊智淵暫停嗎,0.0,0.0,0.0,0.0,0.0,0.0,0.0,0.0
84,看看麟洋和小戴的教練林昀儒是不是輸得冤奧運或者國際大型比賽選手實力已經非常接近了勝負除了技術心理素質更是重要你看桌羽球雙打中國拿銀牌輸給台灣跟日本兩場中國選手壓力明顯比台灣日本更大台灣跟日本選手在比賽中都能夠笑放得開小林本身內斂但不是沒有情緒,0.0,0.0,0.0,0.0,0.0,0.0,0.0,0.0
85,看看麟洋和小戴的教練林昀儒是不是輸得冤羽球男雙金牌麟洋配教練陳宏麟是王齊麟以前雙打搭檔三人默契不在話下從第二場下場親自坐鎮指導後麟洋配就開始贏球一路贏到金牌戰戴資穎教練賴建誠是小戴以前陪練員一路陪練到當小戴專屬教練跟陳宏麟以前是同班同學曾經當,0.0,0.0,0.0,0.0,0.0,0.0,0.0,0.0
86,林昀儒代言阿斯頓馬丁有搞頭嗎林昀儒沉穩寡言據稱他興趣是研究英國阿斯頓馬丁跑車台灣現在也有代理阿斯頓馬丁了作為當代台灣桌球第一人永三汽車找林昀儒來代言阿斯頓馬丁有搞頭嗎有沒有八卦,0.0,0.0,0.0,0.0,0.0,0.0,0.0,0.0
87,台北知名餐廳稱林昀儒青春豆花臉笑死還有人留言說酸民吃不起平常也沒在關心蹭熱度就算了還是靠嘲笑長相來宣傳珍珠豆花事後也只說開玩笑真不用免強發道歉啦快笑死歡迎各大盤子去吃喔小林不用理這種咖看也一堆離職員工爆料引述之銘言奇摩新聞林政平台北知名餐,0.0,0.0,0.0,0.0,0.0,0.0,0.0,0.0
88,又來糗賀林昀儒奪銅綠委張廖萬堅李依庭何佳陽又來糗賀林昀儒奪銅綠委張廖萬堅出包問是否駭客侵入完整新聞內文桌球好手林昀儒昨晚日在東京奧運桌球男子單打銅牌戰敗陣以第名作收但國民黨立委鄭正鈐晚間臉書發文竟說林昀儒勇奪銅牌雖然大搞烏,0.0,0.0,0.0,0.0,0.0,0.0,0.0,0.0
89,怎麼洗才能洗成林昀儒家族這麼猛他以及他家族就是台灣未來人口結構縮影強者恆強少扯也很多平民貧困也光是甭看人臉色能自我發揮建立更強大更突破性實力不是一般平民所能及結論就是這是一則完美詮釋階級複製強大案例讓人不得不嘆為觀止平民仔想生小孩也都快戴套,0.0,0.0,0.0,0.0,0.0,0.0,0.0,0.0
90,林昀儒惜敗日媒點評最大關鍵他賽後自責算啦算啦有道歉就好了代表他還是個懂事孩子實在不忍苛責要不然你看前面不是有篇什麼新聞關於體育署投入多少經費小林也是受惠者吧什麼培育年輕潛力選手計畫啊什麼器材裝備啊移地訓練啊什麼什麼便當錢也不少了吧喔對了不是還,0.0368,0.0527,0.0435,0.0411,0.0554,0.0505,0.0553,0.0673
91,怎麼洗才能洗成林昀儒家族這麼猛引述長廣王之銘言林昀儒東京奧運桌球男單第四大舅公是公司董事長你們各位韭菜為什麼沒去洗五星不要大小眼啊姑丈是台大數學系教授哥哥台大在學生表哥台大在學生表姊台大在學生姑姑姑丈阿姨姨婆舅舅超過位台大校友一個家族要洗到,0.8474,0.6993,2.3696,1.5062,0.835,3.4867,0.7497,0.7018
92,怎麼洗才能洗成林昀儒家族這麼猛引述長廣王之銘言林昀儒東京奧運桌球男單第四大舅公是公司董事長姑丈是台大數學系教授哥哥台大在學生表哥台大在學生表姊台大在學生姑姑姑丈阿姨姨婆舅舅超過位台大校友一個家族要洗到這麼多台大生要有多猛應該要嚴格篩選優良,0.3012,0.7361,0.4345,0.314,0.8068,0.3261,0.7365,0.7492
93,蔡英文大讚林昀儒小林同學真的打出我蔡英文大讚林昀儒小林同學真打出我們想像不到球新聞雲杜冠霖台北報導歲桌球小將林昀儒日在男單強遭遇世界排名第中國選手樊振東這場比賽小林同學展現殺手本色苦戰局最終才在決勝局敗下陣來總統蔡英文也發文,0.2774,0.1621,0.2821,0.2845,0.2036,0.3031,0.2321,0.1925
94,張廖萬堅恭賀林昀儒奪銅繼昨天鄭正鈐祝賀後張廖萬堅委員也捎來恭喜頸上天花又一位加入蹭錯行列當事人表示被駭客入侵了看來從總統府到立法院到處都是駭客,1.9847,0.5622,2.2286,2.8155,0.7702,1.6323,0.5226,0.9653
95,新星林昀儒嘉義建商已贊助年多打多久林宜樟新星林昀儒嘉義建商已贊助年多打多久支持多久完整新聞內文我國歲奧運桌球選手林昀儒在東京奧運與女子選手鄭怡靜攜手獲得混雙銅牌男單力戰球王樊振東前球王奧恰洛夫獲第名精彩表現讓世界驚艷林昀儒父親林學宜發,0.6836,7.4198,1.0161,0.2134,7.2326,0.8,6.7904,7.4486
96,林昀儒惜敗日媒點評最大關鍵他賽後自責林昀儒惜敗日媒點評最大關鍵他賽後自責說對不起體育中心歲林昀儒昨天在銅牌戰激戰局惜敗德國前球王奧恰洛夫無緣帶回獎牌賽後日媒點評他賽末點緊張林昀儒則是自責說對不起日本媒體點評這場比賽指出雖然氣,6.8089,0.2214,6.8453,7.0928,0.6185,7.3759,1.4229,1.4769
97,酸民害林昀儒沒拿到銅牌好意思引述之銘言選手練了好幾年才有機會站上奧運戴資穎被影響林昀儒進四強就馬上把林昀儒當政治鬥爭工具酸政府沒幫忙都中國訓練結果爸爸出來打臉還謝謝坐商務艙林鴻道幹老師林鴻道國民黨商務艙事件時候每個綠畜都在跳針說蔡英文管,0.0,0.0,0.0,0.0,0.0,0.0,0.0,0.0
98,林昀儒有贏牌恐俱的心理啊引述之銘言一路看下來明明程度不錯但只要跟和高手過招幾乎都會追平被追平追平被追平無限輪迴然後明明就有穩了又突然大膽進攻出界失分到底冷靜是很好但他心底深處根本就沒有那個意志想奪牌啊果然是鍵盤酸民首先呢他只有歲經,0.343,0.1016,0.2949,0.2971,0.1608,0.3353,0.216,0.1627
99,酸民害林昀儒沒拿到銅牌好意思引述之銘言選手練了好幾年才有機會站上奧運戴資穎被影響林昀儒進四強就馬上把林昀儒當政治鬥爭工具酸政府沒幫忙都中國訓練結果爸爸出來打臉還謝謝坐商務艙林鴻道然後敢說不敢做直接刪文為什麼台灣那麼多不要臉酸民害八卦版都被,0.0,0.0,0.0,0.0,0.0,0.0,0.0,0.0
